"","Protein","P.Value","adj.P.Val"
"1","P18124",7.3211079818014e-05,0.0384445782477216
"2","Q92841",8.10212397212258e-05,0.0384445782477216
"3","P05067",0.00065784676200077,0.208098859046244
"4","O60869",0.00167617380094075,0.397672234273193
"5","O00571",0.00292196229485,0.55458844356253
"6","P62701",0.00897304608970543,0.996292594963219
"7","Q8IVF2",0.00984229309997866,0.996292594963219
"8","P09104",0.0112866515710904,0.996292594963219
"9","P18564",0.0121589944627128,0.996292594963219
"10","Q13557",0.0169080185122527,0.996292594963219
"11","P63208",0.0169186538691582,0.996292594963219
"12","P40926",0.0174992785463125,0.996292594963219
"13","Q9UN86",0.0188790214179857,0.996292594963219
"14","P28331",0.0214971174978043,0.996292594963219
"15","Q96KR1",0.0226902891882051,0.996292594963219
"16","Q6NYC8",0.0230895188467208,0.996292594963219
"17","P50479",0.0241607046527527,0.996292594963219
"18","Q07065",0.0242906079458786,0.996292594963219
"19","Q01995",0.0251415817588293,0.996292594963219
"20","P43487",0.0267289969058757,0.996292594963219
"21","P63313",0.0295957965739598,0.996292594963219
"22","P07602",0.0351003415068778,0.996292594963219
"23","Q05682",0.0371336513658456,0.996292594963219
"24","P27816",0.0389344226539066,0.996292594963219
"25","P14314",0.0390424838186477,0.996292594963219
"26","Q96HC4",0.0401467844254913,0.996292594963219
"27","Q6YHU6",0.0420280522363,0.996292594963219
"28","O95340",0.0424389506045475,0.996292594963219
"29","P06753",0.0435314782187433,0.996292594963219
"30","Q6NXS1",0.0452747266534496,0.996292594963219
"31","O00159",0.0483754010252679,0.996292594963219
"32","P61019",0.0489686865779839,0.996292594963219
"33","P27635",0.0490710516642015,0.996292594963219
"34","P13010",0.0499346896021626,0.996292594963219
"35","P61981",0.0511016228056035,0.996292594963219
"36","P62328",0.0513906018220535,0.996292594963219
"37","Q9Y520",0.0520002133209512,0.996292594963219
"38","P05787",0.0545119244332727,0.996292594963219
"39","P05976",0.0559394376426887,0.996292594963219
"40","P53621",0.0568234281554045,0.996292594963219
"41","P62979",0.0603936491216505,0.996292594963219
"42","Q14195",0.0613344166389361,0.996292594963219
"43","P23246",0.0619570950479666,0.996292594963219
"44","Q14011",0.0631867420061709,0.996292594963219
"45","P37837",0.0655077410951496,0.996292594963219
"46","P62917",0.068290404402728,0.996292594963219
"47","P61960",0.0686238903397794,0.996292594963219
"48","Q92945",0.0697401176048355,0.996292594963219
"49","P62851",0.0701224790002454,0.996292594963219
"50","P49023",0.070320111675453,0.996292594963219
"51","P16989",0.0725552245811541,0.996292594963219
"52","Q9NR28",0.0753287323357105,0.996292594963219
"53","Q13442",0.0759450538484367,0.996292594963219
"54","O15143",0.0792812567292792,0.996292594963219
"55","Q13347",0.0799645554370826,0.996292594963219
"56","P68032",0.082814144196218,0.996292594963219
"57","Q16527",0.0829302858649606,0.996292594963219
"58","Q00341",0.0834872735622785,0.996292594963219
"59","Q9BY44",0.0873387469234899,0.996292594963219
"60","P22087",0.0910698230448979,0.996292594963219
"61","P62913",0.0931431739383602,0.996292594963219
"62","Q86V81",0.0941525516440241,0.996292594963219
"63","P62736",0.0949148817201562,0.996292594963219
"64","Q9Y617",0.0949267036571965,0.996292594963219
"65","Q99439",0.0956113586726933,0.996292594963219
"66","P04075",0.0957112170259488,0.996292594963219
"67","P04179",0.0963445731790279,0.996292594963219
"68","P60903",0.0965312674691099,0.996292594963219
"69","P37108",0.0966986873498731,0.996292594963219
"70","Q12888",0.0973626292170598,0.996292594963219
"71","P09429",0.105582981851998,0.996292594963219
"72","Q14247",0.106666551447567,0.996292594963219
"73","p_1",0.108520775796816,0.996292594963219
"74","Q5SW79",0.109056941522862,0.996292594963219
"75","P13667",0.110083233317259,0.996292594963219
"76","Q9Y266",0.111960403264364,0.996292594963219
"77","Q8WX93",0.11247668488059,0.996292594963219
"78","Q9UNH7",0.114330130083531,0.996292594963219
"79","Q02543",0.118587363716138,0.996292594963219
"80","P07737",0.123526028778899,0.996292594963219
"81","Q9UJU6",0.124173703311799,0.996292594963219
"82","P11586",0.124864821767611,0.996292594963219
"83","P62249",0.124925694524052,0.996292594963219
"84","P08107",0.12550157954831,0.996292594963219
"85","P46778",0.125849617150769,0.996292594963219
"86","P62861",0.126080810833305,0.996292594963219
"87","Q14847",0.126485728084224,0.996292594963219
"88","P62318",0.127599906034956,0.996292594963219
"89","P20962",0.12806638007547,0.996292594963219
"90","Q7Z417",0.128211342061347,0.996292594963219
"91","P12270",0.13049205188491,0.996292594963219
"92","P51991",0.132433153273271,0.996292594963219
"93","Q14157",0.13285451501994,0.996292594963219
"94","Q96C90",0.134189519942974,0.996292594963219
"95","P68402",0.135065542481213,0.996292594963219
"96","P12081",0.135639932694352,0.996292594963219
"97","P08123",0.135794898524265,0.996292594963219
"98","P51911",0.136559432968768,0.996292594963219
"99","Q08211",0.139546169615157,0.996292594963219
"100","P46379",0.141667620320491,0.996292594963219
"101","P38159",0.142490440110741,0.996292594963219
"102","P51148",0.142552291986554,0.996292594963219
"103","P83731",0.143280307667624,0.996292594963219
"104","P62158",0.143710247362936,0.996292594963219
"105","P31153",0.144845742192378,0.996292594963219
"106","O75368",0.146137198034819,0.996292594963219
"107","Q9H2U2",0.147777013241891,0.996292594963219
"108","P55884",0.148767639132923,0.996292594963219
"109","Q7KZF4",0.149856845682132,0.996292594963219
"110","P0CW22",0.154245003884937,0.996292594963219
"111","P30101",0.159508475556314,0.996292594963219
"112","P14550",0.159560198679865,0.996292594963219
"113","P60842",0.16022960280499,0.996292594963219
"114","P13693",0.160625305582179,0.996292594963219
"115","Q99733",0.162518208331698,0.996292594963219
"116","P04406",0.162583491750112,0.996292594963219
"117","Q14444",0.163188966361042,0.996292594963219
"118","Q96C19",0.163441573357826,0.996292594963219
"119","P06576",0.16375329084548,0.996292594963219
"120","Q15365",0.165097229788457,0.996292594963219
"121","P21333",0.1652039382386,0.996292594963219
"122","O60716",0.165646916438223,0.996292594963219
"123","P07203",0.166074467324407,0.996292594963219
"124","P35080",0.166867718735826,0.996292594963219
"125","Q15233",0.170533217100889,0.996292594963219
"126","P49458",0.170852955833484,0.996292594963219
"127","P46821",0.172455754719966,0.996292594963219
"128","Q96A49",0.173108778109242,0.996292594963219
"129","Q9NZI8",0.174360608609545,0.996292594963219
"130","Q15847",0.174871996102665,0.996292594963219
"131","P30043",0.175072922982659,0.996292594963219
"132","P13489",0.175348808189409,0.996292594963219
"133","Q9BUJ2",0.175778043384382,0.996292594963219
"134","Q9UKY7",0.175895155681151,0.996292594963219
"135","Q15417",0.177564207792778,0.996292594963219
"136","P10809",0.177677922431685,0.996292594963219
"137","Q13263",0.180067379174979,0.996292594963219
"138","Q9H3P7",0.180748591562382,0.996292594963219
"139","Q01518",0.182840472360727,0.996292594963219
"140","Q6NZI2",0.185916986559375,0.996292594963219
"141","Q09666",0.186841190356922,0.996292594963219
"142","Q99497",0.187488516550939,0.996292594963219
"143","P62333",0.187643156597066,0.996292594963219
"144","O60568",0.18886332118549,0.996292594963219
"145","Q00688",0.191575651327767,0.996292594963219
"146","O43399",0.193956072715104,0.996292594963219
"147","Q3SX28",0.194032349689082,0.996292594963219
"148","P47756",0.198264753318299,0.996292594963219
"149","P42766",0.201027687827465,0.996292594963219
"150","O95777",0.201760399901814,0.996292594963219
"151","P19105",0.202920457351798,0.996292594963219
"152","p_2",0.206154943840553,0.996292594963219
"153","P14174",0.206442542315444,0.996292594963219
"154","O14980",0.207300152280576,0.996292594963219
"155","Q96AY3",0.208651844792424,0.996292594963219
"156","P60866",0.20901846946467,0.996292594963219
"157","Q15056",0.209509686926323,0.996292594963219
"158","Q8WUH6",0.211777268413003,0.996292594963219
"159","Q15843",0.213414808915924,0.996292594963219
"160","P58546",0.217248614678269,0.996292594963219
"161","P09972",0.218730354050428,0.996292594963219
"162","P14866",0.218730953446954,0.996292594963219
"163","P49756",0.223624787106429,0.996292594963219
"164","P09936",0.223705324618811,0.996292594963219
"165","P54727",0.226567755885286,0.996292594963219
"166","Q15393",0.227497624904998,0.996292594963219
"167","P78559",0.229482883635959,0.996292594963219
"168","P30085",0.230672339974386,0.996292594963219
"169","Q9GZQ8",0.234395753917633,0.996292594963219
"170","P40429",0.234559109827066,0.996292594963219
"171","Q92804",0.239485982967195,0.996292594963219
"172","Q15717",0.244079727889691,0.996292594963219
"173","O14907",0.245548934646989,0.996292594963219
"174","P00761",0.24557738509359,0.996292594963219
"175","Q9H0U4",0.246679923568059,0.996292594963219
"176","P47897",0.247881460136454,0.996292594963219
"177","P46777",0.247937200946514,0.996292594963219
"178","P63167",0.250379355781355,0.996292594963219
"179","P12956",0.252699049221223,0.996292594963219
"180","Q14061",0.253450516199736,0.996292594963219
"181","O75347",0.254471606984229,0.996292594963219
"182","Q15942",0.255231960822686,0.996292594963219
"183","O94979",0.256989196588558,0.996292594963219
"184","Q0ZGT2",0.259608004955777,0.996292594963219
"185","P54136",0.260554421927557,0.996292594963219
"186","Q9Y2D5",0.261990446614819,0.996292594963219
"187","O43175",0.263384595411126,0.996292594963219
"188","Q9NR12",0.263512172458934,0.996292594963219
"189","Q9UBQ0",0.264061445483859,0.996292594963219
"190","Q9Y3B8",0.264102076196477,0.996292594963219
"191","P67936",0.264120516845025,0.996292594963219
"192","Q13885",0.264782949337373,0.996292594963219
"193","Q9NZN4",0.266782173051904,0.996292594963219
"194","P07339",0.267430465286075,0.996292594963219
"195","O15371",0.267555611621623,0.996292594963219
"196","O00154",0.268090250530499,0.996292594963219
"197","O75489",0.268253536578235,0.996292594963219
"198","O60506",0.26847137255035,0.996292594963219
"199","Q9Y490",0.268893246886755,0.996292594963219
"200","P49411",0.272011142960621,0.996292594963219
"201","P63261",0.274254691591945,0.996292594963219
"202","P31949",0.275015933021734,0.996292594963219
"203","Q9UNF0",0.275779641303151,0.996292594963219
"204","P35268",0.280375011972647,0.996292594963219
"205","P07355",0.28108763606306,0.996292594963219
"206","Q14166",0.282016017786133,0.996292594963219
"207","P20908",0.283247719677776,0.996292594963219
"208","Q9HBL0",0.283383587191652,0.996292594963219
"209","P35221",0.284663725374259,0.996292594963219
"210","P18859",0.284728921659099,0.996292594963219
"211","P25788",0.284730924327448,0.996292594963219
"212","P50914",0.285359030425534,0.996292594963219
"213","P14625",0.287177258026652,0.996292594963219
"214","Q9NRX4",0.287424999749849,0.996292594963219
"215","P47755",0.288911034905028,0.996292594963219
"216","Q16222",0.290255034726215,0.996292594963219
"217","Q13492",0.29191539641478,0.996292594963219
"218","P63173",0.293863299606997,0.996292594963219
"219","Q9UHB6",0.294327077257609,0.996292594963219
"220","O00203",0.29479458661136,0.996292594963219
"221","Q08257",0.295728464845638,0.996292594963219
"222","P23284",0.297713454472762,0.996292594963219
"223","Q15691",0.297761832523578,0.996292594963219
"224","P50454",0.297966089587019,0.996292594963219
"225","P28838",0.297976721666732,0.996292594963219
"226","Q8WWM7",0.300263545912727,0.996292594963219
"227","P05783",0.300393105997897,0.996292594963219
"228","Q8WUM4",0.301334990304901,0.996292594963219
"229","Q14103",0.30540795454142,0.996292594963219
"230","P12814",0.309699842270574,0.996292594963219
"231","P61923",0.312237814098483,0.996292594963219
"232","P09382",0.312497775916934,0.996292594963219
"233","Q15436",0.314229300389787,0.996292594963219
"234","P27695",0.314907537227568,0.996292594963219
"235","Q9UHV9",0.315576503657979,0.996292594963219
"236","P60981",0.316374978551835,0.996292594963219
"237","O75822",0.318339964077214,0.996292594963219
"238","Q86UP2",0.31906668998032,0.996292594963219
"239","Q9Y383",0.319299495869244,0.996292594963219
"240","Q9H4M9",0.319590677664766,0.996292594963219
"241","P02786",0.32150394263018,0.996292594963219
"242","O75874",0.323699970621047,0.996292594963219
"243","Q14152",0.323927078140116,0.996292594963219
"244","Q13247",0.325924975511113,0.996292594963219
"245","O95373",0.327256771419309,0.996292594963219
"246","P20073",0.327269071420802,0.996292594963219
"247","P63220",0.328094709635199,0.996292594963219
"248","P39023",0.328824380890424,0.996292594963219
"249","P52272",0.329413404383204,0.996292594963219
"250","O43852",0.332421810307177,0.996292594963219
"251","P61970",0.336479613790357,0.996292594963219
"252","Q13310",0.336797285094635,0.996292594963219
"253","Q99613",0.343135281767265,0.996292594963219
"254","P62258",0.344976018251639,0.996292594963219
"255","P52565",0.346789281011126,0.996292594963219
"256","O94808",0.347819505265087,0.996292594963219
"257","Q9Y281",0.349891697832774,0.996292594963219
"258","Q9HAV7",0.350655157637633,0.996292594963219
"259","Q99879",0.352101237718619,0.996292594963219
"260","P50552",0.352852746008597,0.996292594963219
"261","P14868",0.353542190711088,0.996292594963219
"262","Q07812",0.354032281429319,0.996292594963219
"263","P49588",0.355163315434345,0.996292594963219
"264","P40763",0.355532765851889,0.996292594963219
"265","P62888",0.355681204317766,0.996292594963219
"266","Q92820",0.356648940269297,0.996292594963219
"267","P80723",0.358118277555339,0.996292594963219
"268","P67809",0.358610859014905,0.996292594963219
"269","P26599",0.360157611598758,0.996292594963219
"270","Q9Y2W1",0.36217484190079,0.996292594963219
"271","Q15075",0.36360567506862,0.996292594963219
"272","P47914",0.365220462513064,0.996292594963219
"273","O75531",0.36807510228146,0.996292594963219
"274","Q01813",0.369063343983571,0.996292594963219
"275","P53999",0.370006382363236,0.996292594963219
"276","Q13151",0.370594142369947,0.996292594963219
"277","Q13435",0.371811714817202,0.996292594963219
"278","P15374",0.372586404021501,0.996292594963219
"279","Q02818",0.37563639257402,0.996292594963219
"280","Q8WWI1",0.376018228229504,0.996292594963219
"281","P82979",0.377725091778132,0.996292594963219
"282","O14974",0.378085290484964,0.996292594963219
"283","P31948",0.378626989467027,0.996292594963219
"284","P25789",0.378641332630659,0.996292594963219
"285","O00151",0.380304299774029,0.996292594963219
"286","P31939",0.383578567847782,0.996292594963219
"287","P48047",0.384010561318916,0.996292594963219
"288","Q04637",0.385330097940248,0.996292594963219
"289","Q9UKV3",0.386006491641072,0.996292594963219
"290","P40616",0.386794183195436,0.996292594963219
"291","Q969H8",0.389143883613431,0.996292594963219
"292","P26196",0.391558190581218,0.996292594963219
"293","Q13596",0.395353961702467,0.996292594963219
"294","P28300",0.395982372717628,0.996292594963219
"295","Q16555",0.400090927411188,0.996292594963219
"296","P11413",0.404089673899004,0.996292594963219
"297","P61158",0.405251771434067,0.996292594963219
"298","Q9UBR2",0.406580633196493,0.996292594963219
"299","P04216",0.407667847948926,0.996292594963219
"300","Q13838",0.408456581431923,0.996292594963219
"301","P52943",0.409520310641778,0.996292594963219
"302","Q00839",0.410266432801625,0.996292594963219
"303","Q9BUF5",0.411604061001535,0.996292594963219
"304","P62191",0.413021769420258,0.996292594963219
"305","P50995",0.415030433414146,0.996292594963219
"306","P05556",0.416061877266794,0.996292594963219
"307","Q99798",0.416956563169979,0.996292594963219
"308","P09493",0.417000003739593,0.996292594963219
"309","Q99729",0.41742415087138,0.996292594963219
"310","P07954",0.417808240900392,0.996292594963219
"311","Q9UHX1",0.418371482375203,0.996292594963219
"312","P09651",0.418795851929562,0.996292594963219
"313","P62241",0.420615588070617,0.996292594963219
"314","P61088",0.420639072750214,0.996292594963219
"315","P53618",0.420825223300787,0.996292594963219
"316","p_0",0.421246308861595,0.996292594963219
"317","Q6DKJ4",0.421548320741687,0.996292594963219
"318","P24752",0.421735330735563,0.996292594963219
"319","Q9C0C2",0.422476746013082,0.996292594963219
"320","P02452",0.422947363137489,0.996292594963219
"321","P39019",0.425205517504119,0.996292594963219
"322","P42224",0.425936537683012,0.996292594963219
"323","P46937",0.428515733379896,0.996292594963219
"324","O95817",0.430276241747885,0.996292594963219
"325","O43390",0.432378900632629,0.996292594963219
"326","Q8N1G4",0.432871062982413,0.996292594963219
"327","Q99536",0.43295841638274,0.996292594963219
"328","Q9Y3I0",0.433379327106546,0.996292594963219
"329","Q9Y2Z0",0.433397757122008,0.996292594963219
"330","Q92598",0.433636985092047,0.996292594963219
"331","P18621",0.433771431970308,0.996292594963219
"332","P11766",0.435064557146037,0.996292594963219
"333","P02545",0.436068546602458,0.996292594963219
"334","P07858",0.438964128184024,0.996292594963219
"335","P07437",0.439748080761412,0.996292594963219
"336","Q99873",0.440956086323899,0.996292594963219
"337","P35579",0.441606691320682,0.996292594963219
"338","P22392",0.442451379663698,0.996292594963219
"339","P62244",0.443056577631703,0.996292594963219
"340","P11021",0.443543432489693,0.996292594963219
"341","Q9ULV4",0.447358558750528,0.996292594963219
"342","P30049",0.44798604039529,0.996292594963219
"343","P41091",0.448654533850366,0.996292594963219
"344","Q13765",0.449303829952198,0.996292594963219
"345","P23396",0.451370019347954,0.996292594963219
"346","Q93052",0.452000383354024,0.996292594963219
"347","O00629",0.452551092832338,0.996292594963219
"348","P47895",0.452645607890951,0.996292594963219
"349","P21589",0.452734239104168,0.996292594963219
"350","P23588",0.452816171199293,0.996292594963219
"351","P56537",0.454847595876183,0.996292594963219
"352","P55735",0.458675824964199,0.996292594963219
"353","Q92734",0.459270363717569,0.996292594963219
"354","P35998",0.460437239642321,0.996292594963219
"355","P69849",0.46120871483262,0.996292594963219
"356","P26639",0.461758589871562,0.996292594963219
"357","Q71UI9",0.461840813072866,0.996292594963219
"358","Q9UMS6",0.462811881304639,0.996292594963219
"359","Q9Y237",0.463866241075651,0.996292594963219
"360","P07942",0.465102341359365,0.996292594963219
"361","P06733",0.465674873310141,0.996292594963219
"362","P62753",0.466424011831537,0.996292594963219
"363","Q04760",0.466942856933533,0.996292594963219
"364","Q02790",0.467625217850403,0.996292594963219
"365","Q06210",0.468258432093218,0.996292594963219
"366","O43504",0.468796067122906,0.996292594963219
"367","Q13185",0.469040431117519,0.996292594963219
"368","P29401",0.47196705991903,0.996292594963219
"369","Q9H299",0.475663929656662,0.996292594963219
"370","P27797",0.4762492179694,0.996292594963219
"371","Q9BWF3",0.477070409197673,0.996292594963219
"372","Q07020",0.481359258306429,0.996292594963219
"373","P42765",0.482429967808227,0.996292594963219
"374","P46783",0.484367684193165,0.996292594963219
"375","Q16401",0.484618555414622,0.996292594963219
"376","Q96AE4",0.485437023352287,0.996292594963219
"377","O14558",0.487292988038018,0.996292594963219
"378","Q9HB71",0.488374369858827,0.996292594963219
"379","P30040",0.488929664120045,0.996292594963219
"380","P05121",0.489703134559518,0.996292594963219
"381","P61247",0.491989838648758,0.996292594963219
"382","P26368",0.493190228710855,0.996292594963219
"383","P22626",0.493524964303968,0.996292594963219
"384","Q99460",0.494356548637771,0.996292594963219
"385","Q9Y4L1",0.494832990556803,0.996292594963219
"386","O00429",0.498005660477895,0.996292594963219
"387","P00492",0.499023285592986,0.996292594963219
"388","Q6P2Q9",0.500324098863974,0.996292594963219
"389","P68371",0.500923772972015,0.996292594963219
"390","P18206",0.500939910998427,0.996292594963219
"391","Q8NBS9",0.501172753923225,0.996292594963219
"392","P33176",0.502884520863199,0.996292594963219
"393","O00764",0.503978249252438,0.996292594963219
"394","Q9Y3F4",0.505225514724165,0.996292594963219
"395","Q13509",0.505419706854967,0.996292594963219
"396","O15067",0.506313277346452,0.996292594963219
"397","Q02218",0.509149114689514,0.996292594963219
"398","Q9NQC3",0.510570004172565,0.996292594963219
"399","Q16881",0.511545083102479,0.996292594963219
"400","Q8NBJ7",0.512251437061313,0.996292594963219
"401","P31689",0.512558902556022,0.996292594963219
"402","P68036",0.514139959760503,0.996292594963219
"403","P26641",0.515442243099532,0.996292594963219
"404","O60763",0.517579982253064,0.996292594963219
"405","Q15121",0.517624734232392,0.996292594963219
"406","P60174",0.519915136922452,0.996292594963219
"407","Q9HC38",0.520382485624392,0.996292594963219
"408","P36543",0.521190914660137,0.996292594963219
"409","P38646",0.521452597873184,0.996292594963219
"410","O00232",0.522990648472945,0.996292594963219
"411","Q9NR31",0.524010938618855,0.996292594963219
"412","Q12906",0.524854075337156,0.996292594963219
"413","P00441",0.525042524878813,0.996292594963219
"414","Q9Y5S9",0.526907879578747,0.996292594963219
"415","P68363",0.527184461089155,0.996292594963219
"416","Q16181",0.534605047632594,0.996292594963219
"417","O95793",0.53464561861644,0.996292594963219
"418","Q07954",0.535838043199811,0.996292594963219
"419","P18669",0.536411948446077,0.996292594963219
"420","O43617",0.538351279106679,0.996292594963219
"421","O95433",0.538817062302872,0.996292594963219
"422","Q14257",0.54098837786285,0.996292594963219
"423","P61160",0.54134417571221,0.996292594963219
"424","P27824",0.54209214749492,0.996292594963219
"425","P04792",0.542353969332568,0.996292594963219
"426","P00568",0.542639988699062,0.996292594963219
"427","Q9Y678",0.543915238959631,0.996292594963219
"428","P06748",0.545042233663873,0.996292594963219
"429","P22061",0.546085645103556,0.996292594963219
"430","P54687",0.546551351394284,0.996292594963219
"431","P08195",0.547336330880101,0.996292594963219
"432","O94855",0.547874549194799,0.996292594963219
"433","P48556",0.549525418522583,0.996292594963219
"434","P11940",0.553051799381696,0.996292594963219
"435","P62847",0.5559961035929,0.996292594963219
"436","P84243",0.557326248865202,0.996292594963219
"437","Q9H8S9",0.5585412096924,0.996292594963219
"438","P46781",0.558669362202009,0.996292594963219
"439","P16152",0.55973590901015,0.996292594963219
"440","P11142",0.560980471475227,0.996292594963219
"441","P08238",0.561118373891819,0.996292594963219
"442","Q96JY6",0.561173256047541,0.996292594963219
"443","P00367",0.565999695607883,0.996292594963219
"444","P62942",0.566615810888663,0.996292594963219
"445","P43686",0.566624402146457,0.996292594963219
"446","P35222",0.567897874838996,0.996292594963219
"447","P84077",0.568314563680003,0.996292594963219
"448","O00487",0.568341929517228,0.996292594963219
"449","P07951",0.569698622572275,0.996292594963219
"450","P50579",0.570705963992036,0.996292594963219
"451","Q13501",0.573704656075946,0.996292594963219
"452","P07237",0.573987383361108,0.996292594963219
"453","P28072",0.57412681538058,0.996292594963219
"454","Q15366",0.57522528891603,0.996292594963219
"455","Q12874",0.575480028138743,0.996292594963219
"456","O43865",0.576077561870747,0.996292594963219
"457","Q9UMX0",0.577117685266258,0.996292594963219
"458","O60701",0.577168480822797,0.996292594963219
"459","P62841",0.577502242455532,0.996292594963219
"460","Q14764",0.580092456041168,0.996292594963219
"461","Q08209",0.581163914946084,0.996292594963219
"462","Q14767",0.582004809468298,0.996292594963219
"463","O00410",0.58255942128141,0.996292594963219
"464","Q16543",0.583785280887731,0.996292594963219
"465","P08758",0.584027809809606,0.996292594963219
"466","P17844",0.585819879252274,0.996292594963219
"467","O43707",0.586029498307925,0.996292594963219
"468","P62805",0.586047921820176,0.996292594963219
"469","P52306",0.586191450935803,0.996292594963219
"470","Q99426",0.586763997933934,0.996292594963219
"471","P14618",0.589105134142742,0.996292594963219
"472","Q13283",0.589484054436388,0.996292594963219
"473","Q96G03",0.590991319937093,0.996292594963219
"474","Q9NT62",0.591242465741758,0.996292594963219
"475","P30086",0.592045474098864,0.996292594963219
"476","P55209",0.592105583474904,0.996292594963219
"477","P55010",0.595075075025861,0.996292594963219
"478","O75083",0.595413224567278,0.996292594963219
"479","P17174",0.597591507293805,0.996292594963219
"480","P26022",0.599526273923461,0.996292594963219
"481","Q15029",0.59974134301891,0.996292594963219
"482","Q15435",0.601096721387731,0.996292594963219
"483","P21291",0.601482727823936,0.996292594963219
"484","P06396",0.604113307782234,0.996292594963219
"485","P08621",0.604518882289377,0.996292594963219
"486","P07910",0.605812513430245,0.996292594963219
"487","Q7Z4V5",0.60834233621819,0.996292594963219
"488","Q9UQ80",0.609699888766369,0.996292594963219
"489","Q15637",0.609964027775133,0.996292594963219
"490","P16070",0.611654333582115,0.996292594963219
"491","Q14203",0.614368623754242,0.996292594963219
"492","P40121",0.614898966946726,0.996292594963219
"493","Q16629",0.616114312857387,0.996292594963219
"494","P15559",0.616124261761462,0.996292594963219
"495","P49327",0.617181710299235,0.996292594963219
"496","P60228",0.617566929059671,0.996292594963219
"497","P09211",0.618048733106766,0.996292594963219
"498","Q9Y696",0.619897305167891,0.996292594963219
"499","P24844",0.62039836403582,0.996292594963219
"500","P78417",0.620982482637613,0.996292594963219
"501","O43396",0.623846482222001,0.996292594963219
"502","Q9Y6H1",0.624305595807488,0.996292594963219
"503","P35754",0.624390549908045,0.996292594963219
"504","Q9NYL9",0.624573468323263,0.996292594963219
"505","P84098",0.625740322133645,0.996292594963219
"506","P55084",0.627220459337311,0.996292594963219
"507","Q9UBQ5",0.629075692343955,0.996292594963219
"508","Q16658",0.629353426108797,0.996292594963219
"509","P38919",0.630870250843844,0.996292594963219
"510","P53396",0.631089504349275,0.996292594963219
"511","P55060",0.63135232529125,0.996292594963219
"512","Q8NC51",0.633476833652818,0.996292594963219
"513","Q96HE7",0.634135096250082,0.996292594963219
"514","O60493",0.634858371361919,0.996292594963219
"515","O60664",0.638181298261303,0.996292594963219
"516","O75367",0.638987617986831,0.996292594963219
"517","P04080",0.639310569228386,0.996292594963219
"518","O95881",0.640552729746762,0.996292594963219
"519","Q9UI42",0.640859195773544,0.996292594963219
"520","P35613",0.642173843741492,0.996292594963219
"521","O00231",0.643056090786099,0.996292594963219
"522","Q9Y570",0.645834556782553,0.996292594963219
"523","Q15459",0.646300669981917,0.996292594963219
"524","P35237",0.646723752786298,0.996292594963219
"525","Q9NTK5",0.647436925151877,0.996292594963219
"526","Q16718",0.648089645890136,0.996292594963219
"527","P54577",0.648609636259924,0.996292594963219
"528","P46459",0.650176685448076,0.996292594963219
"529","P36578",0.65075427518896,0.996292594963219
"530","O00469",0.652437822441418,0.996292594963219
"531","Q99714",0.656037569678057,0.996292594963219
"532","P54886",0.656837589890553,0.996292594963219
"533","P27348",0.657198026847044,0.996292594963219
"534","P49748",0.657300528323083,0.996292594963219
"535","P17980",0.657571790813566,0.996292594963219
"536","P61604",0.661124615717611,0.996292594963219
"537","P34955",0.661734637066181,0.996292594963219
"538","Q06830",0.661828568322065,0.996292594963219
"539","P13798",0.662256595714358,0.996292594963219
"540","Q02878",0.664041568924088,0.996292594963219
"541","O94925",0.664640538203675,0.996292594963219
"542","P26038",0.667838329147109,0.996292594963219
"543","P28066",0.668854916565869,0.996292594963219
"544","P62995",0.669020035247757,0.996292594963219
"545","P25786",0.670262690345243,0.996292594963219
"546","Q9HB07",0.670518670529549,0.996292594963219
"547","P17096",0.670843135556455,0.996292594963219
"548","P40123",0.672411105740568,0.996292594963219
"549","Q9BS26",0.673882838424737,0.996292594963219
"550","Q9UHD8",0.674816450154994,0.996292594963219
"551","P31943",0.677537425089005,0.996292594963219
"552","Q9Y285",0.678978352259157,0.996292594963219
"553","Q9BR76",0.678995584396173,0.996292594963219
"554","P52907",0.680030290669789,0.996292594963219
"555","P02461",0.680312821974647,0.996292594963219
"556","Q53GG5",0.68132204692332,0.996292594963219
"557","O43294",0.681365206338701,0.996292594963219
"558","Q14697",0.681866815355719,0.996292594963219
"559","P07996",0.682886287192681,0.996292594963219
"560","P15531",0.683760455362752,0.996292594963219
"561","P06744",0.684446849572619,0.996292594963219
"562","P35241",0.68491706176625,0.996292594963219
"563","P26447",0.685758450427259,0.996292594963219
"564","Q16851",0.686827443452259,0.996292594963219
"565","P13674",0.690072738840006,0.996292594963219
"566","P62081",0.690772603736599,0.996292594963219
"567","Q9UMS4",0.692010371021444,0.996292594963219
"568","Q9P289",0.692868768885346,0.996292594963219
"569","O95182",0.693213129676427,0.996292594963219
"570","Q9H223",0.69335521354108,0.996292594963219
"571","Q15046",0.69458089150564,0.996292594963219
"572","Q07866",0.697143084063025,0.996292594963219
"573","P28161",0.697952245460299,0.996292594963219
"574","P08133",0.698973542953234,0.996292594963219
"575","P62316",0.699698947886175,0.996292594963219
"576","Q86VP6",0.704418314565531,0.996292594963219
"577","Q96CG8",0.704604117430192,0.996292594963219
"578","P08670",0.705759543455314,0.996292594963219
"579","P26885",0.705915291339141,0.996292594963219
"580","P13861",0.70786385481734,0.996292594963219
"581","P24534",0.710662700744397,0.996292594963219
"582","P61353",0.711347218208246,0.996292594963219
"583","Q9NP97",0.711645220085569,0.996292594963219
"584","Q16270",0.712944035369267,0.996292594963219
"585","P62136",0.713192545056999,0.996292594963219
"586","P07814",0.714780123788619,0.996292594963219
"587","P37802",0.715361591684121,0.996292594963219
"588","O60784",0.715552210674704,0.996292594963219
"589","P26640",0.715787369516652,0.996292594963219
"590","Q9UPN3",0.720622248732072,0.996292594963219
"591","P13639",0.721238697705822,0.996292594963219
"592","P40939",0.721822681631953,0.996292594963219
"593","Q13148",0.723022856156897,0.996292594963219
"594","P02751",0.723448160393018,0.996292594963219
"595","P15311",0.72347276312006,0.996292594963219
"596","P40222",0.725373620131581,0.996292594963219
"597","Q96TA1",0.726561183703472,0.996292594963219
"598","Q96FQ6",0.728163063631847,0.996292594963219
"599","P54578",0.728290679962974,0.996292594963219
"600","P61289",0.728616938612934,0.996292594963219
"601","Q13177",0.730238662371208,0.996292594963219
"602","Q15181",0.730634833752381,0.996292594963219
"603","O60443",0.730833342630537,0.996292594963219
"604","P31150",0.731566058148843,0.996292594963219
"605","Q99961",0.733143718190798,0.996292594963219
"606","P43034",0.734841659142563,0.996292594963219
"607","P34897",0.736013994865622,0.996292594963219
"608","P23381",0.736030582447053,0.996292594963219
"609","P40261",0.736613097647388,0.996292594963219
"610","O95394",0.737476337662113,0.996292594963219
"611","Q8IV08",0.73795926115726,0.996292594963219
"612","P30533",0.738003090071753,0.996292594963219
"613","P63162",0.738210331991767,0.996292594963219
"614","P04083",0.739880877645245,0.996292594963219
"615","Q15149",0.740131178413457,0.996292594963219
"616","O75340",0.740140963130476,0.996292594963219
"617","O15511",0.74021898254177,0.996292594963219
"618","Q9Y371",0.740242245690782,0.996292594963219
"619","P52597",0.740545733392229,0.996292594963219
"620","Q15907",0.740952144689608,0.996292594963219
"621","Q14019",0.741857805919123,0.996292594963219
"622","Q9UKK9",0.743766129992652,0.996292594963219
"623","P62820",0.743850969318447,0.996292594963219
"624","Q92616",0.744058045504206,0.996292594963219
"625","Q13011",0.74514228273611,0.996292594963219
"626","P62269",0.749196348590452,0.996292594963219
"627","Q9P0K7",0.751768703976285,0.996292594963219
"628","Q9P2J5",0.751982479662629,0.996292594963219
"629","P17812",0.753677399956813,0.996292594963219
"630","Q9Y230",0.754338741104158,0.996292594963219
"631","Q8IWE2",0.755207325617136,0.996292594963219
"632","P62854",0.756784485643902,0.996292594963219
"633","Q9Y6Y8",0.758099378227649,0.996292594963219
"634","O15145",0.760192079955256,0.996292594963219
"635","Q1KMD3",0.760999885304313,0.996292594963219
"636","P35637",0.762086789406512,0.996292594963219
"637","Q16698",0.764614328695647,0.996292594963219
"638","P04632",0.765328644782995,0.996292594963219
"639","Q12841",0.765927941965499,0.996292594963219
"640","Q92905",0.766040597535728,0.996292594963219
"641","Q92499",0.766221760758731,0.996292594963219
"642","Q96IZ0",0.766618240301385,0.996292594963219
"643","P35580",0.7668338536773,0.996292594963219
"644","P68104",0.770515620630044,0.996292594963219
"645","Q14204",0.770938459555632,0.996292594963219
"646","P07108",0.771757407835219,0.996292594963219
"647","P22102",0.771757720265649,0.996292594963219
"648","P12004",0.772623161236273,0.996292594963219
"649","Q13867",0.773561535685027,0.996292594963219
"650","O75369",0.773949523551686,0.996292594963219
"651","P63244",0.774021377440864,0.996292594963219
"652","P52926",0.775389155162439,0.996292594963219
"653","P09486",0.775759421175387,0.996292594963219
"654","P23368",0.77673659093835,0.996292594963219
"655","P07900",0.777669927051981,0.996292594963219
"656","O43776",0.777741989106685,0.996292594963219
"657","Q9Y265",0.778184903454566,0.996292594963219
"658","P55072",0.778831411318011,0.996292594963219
"659","Q96I24",0.778879670539119,0.996292594963219
"660","Q9UNZ2",0.77949975681795,0.996292594963219
"661","Q9NR45",0.78052418259452,0.996292594963219
"662","Q07960",0.780722718323182,0.996292594963219
"663","P46776",0.780759287606081,0.996292594963219
"664","P45877",0.780910159251248,0.996292594963219
"665","P62937",0.78449663716144,0.996292594963219
"666","Q9UBQ7",0.784541064645917,0.996292594963219
"667","P15170",0.785208953454625,0.996292594963219
"668","Q9Y2G5",0.785561077161552,0.996292594963219
"669","P35232",0.786610314955959,0.996292594963219
"670","Q15293",0.789476004984883,0.996292594963219
"671","O14737",0.789596077749032,0.996292594963219
"672","Q05519",0.790452206110712,0.996292594963219
"673","Q8TEX9",0.79058779276824,0.996292594963219
"674","Q01469",0.792286936473533,0.996292594963219
"675","P62829",0.793169179279358,0.996292594963219
"676","P10412",0.793599886103554,0.996292594963219
"677","P62424",0.794498769398259,0.996292594963219
"678","P04181",0.795185703381369,0.996292594963219
"679","P17858",0.79525096394103,0.996292594963219
"680","P25398",0.796937890729683,0.996292594963219
"681","P30046",0.798331059113901,0.996292594963219
"682","P30048",0.801969600110686,0.996292594963219
"683","P11047",0.802145741485045,0.996292594963219
"684","P30041",0.802471195196832,0.996292594963219
"685","Q92973",0.803415442684627,0.996292594963219
"686","P46782",0.803634555616255,0.996292594963219
"687","O00273",0.805017573930256,0.996292594963219
"688","P21980",0.806782420767157,0.996292594963219
"689","P23528",0.807941686665567,0.996292594963219
"690","P20290",0.808624938771771,0.996292594963219
"691","P59998",0.809574822610419,0.996292594963219
"692","Q16643",0.810033358511249,0.996292594963219
"693","Q99623",0.81011891785103,0.996292594963219
"694","P30050",0.810567939931706,0.996292594963219
"695","Q13813",0.811012534982287,0.996292594963219
"696","P80303",0.81161060118625,0.996292594963219
"697","Q01130",0.811757753946612,0.996292594963219
"698","Q01082",0.811789499506903,0.996292594963219
"699","Q96CW1",0.811795479146206,0.996292594963219
"700","Q9BRF8",0.813064619051497,0.996292594963219
"701","P47813",0.814725448176332,0.996292594963219
"702","P05161",0.815841727977071,0.996292594963219
"703","P61978",0.816110224414902,0.996292594963219
"704","P49720",0.819506580850901,0.996292594963219
"705","P62263",0.819529444517716,0.996292594963219
"706","O43681",0.819956751297511,0.996292594963219
"707","Q13595",0.820996188232341,0.996292594963219
"708","P23526",0.822485029738378,0.996292594963219
"709","P13797",0.823474923611528,0.996292594963219
"710","P00558",0.823825001546817,0.996292594963219
"711","O14979",0.823888055707195,0.996292594963219
"712","Q32P28",0.82435483611448,0.996292594963219
"713","P50395",0.824594580261503,0.996292594963219
"714","P99999",0.826071004022917,0.996292594963219
"715","Q12765",0.826745922558762,0.996292594963219
"716","Q9H8M2",0.828031514582787,0.996292594963219
"717","P25787",0.830735694747325,0.996292594963219
"718","P10599",0.831051093116204,0.996292594963219
"719","P21281",0.832166198261707,0.996292594963219
"720","Q07021",0.832227452817251,0.996292594963219
"721","Q9UIL1",0.83242220046893,0.996292594963219
"722","P16278",0.833476283023836,0.996292594963219
"723","P00491",0.834205633789867,0.996292594963219
"724","Q15084",0.834544585540447,0.996292594963219
"725","Q9Y6M1",0.836209738890901,0.996292594963219
"726","O15372",0.836249679406595,0.996292594963219
"727","Q15369",0.838031884539459,0.996292594963219
"728","P36871",0.838360229737077,0.996292594963219
"729","P48643",0.838465177168917,0.996292594963219
"730","P00505",0.838995419584643,0.996292594963219
"731","Q9UJZ1",0.83957316725955,0.996292594963219
"732","P62314",0.839928080049243,0.996292594963219
"733","O75718",0.841785353737632,0.996292594963219
"734","Q9UJ70",0.841863596867466,0.996292594963219
"735","P07195",0.842532114359439,0.996292594963219
"736","O43242",0.842594994028633,0.996292594963219
"737","P41250",0.842812980442483,0.996292594963219
"738","O95782",0.842942507291772,0.996292594963219
"739","P30520",0.843241465923453,0.996292594963219
"740","P62750",0.845126045932997,0.996292594963219
"741","Q9NYU2",0.845245037117855,0.996292594963219
"742","P61513",0.8454494036538,0.996292594963219
"743","Q9UBS4",0.845976191833165,0.996292594963219
"744","Q96D15",0.846251520232073,0.996292594963219
"745","P32322",0.84642573407881,0.996292594963219
"746","P31942",0.848438389566115,0.996292594963219
"747","P36405",0.851015701530226,0.996292594963219
"748","P06730",0.852190401372205,0.996292594963219
"749","P00338",0.852419220474922,0.996292594963219
"750","Q13418",0.852420336891417,0.996292594963219
"751","P51858",0.853823847319652,0.996292594963219
"752","P31350",0.85425126606306,0.996292594963219
"753","P55036",0.854293932219499,0.996292594963219
"754","Q9UK76",0.855148413239077,0.996292594963219
"755","Q01844",0.858494563686468,0.996292594963219
"756","P45974",0.859292107179973,0.996292594963219
"757","Q9Y2B0",0.859422154771377,0.996292594963219
"758","Q9H444",0.862190035822118,0.996292594963219
"759","O43795",0.863369187052866,0.996292594963219
"760","P09496",0.863942422111258,0.996292594963219
"761","Q96M27",0.864577332209943,0.996292594963219
"762","Q12931",0.865386785286234,0.996292594963219
"763","P68400",0.865994776851386,0.996292594963219
"764","Q99622",0.867077734922742,0.996292594963219
"765","P81644",0.867373635103151,0.996292594963219
"766","O60925",0.868344259924164,0.996292594963219
"767","P62277",0.868862517680013,0.996292594963219
"768","P38117",0.86968610038052,0.996292594963219
"769","Q10567",0.869903182523519,0.996292594963219
"770","P49591",0.870352158397474,0.996292594963219
"771","P30044",0.871481953699558,0.996292594963219
"772","O14818",0.871704996538369,0.996292594963219
"773","P04899",0.872947577365357,0.996292594963219
"774","Q8N6T3",0.873692833471104,0.996292594963219
"775","O76003",0.874971734434468,0.996292594963219
"776","Q14315",0.87630049459033,0.996292594963219
"777","P62195",0.877927565477599,0.996292594963219
"778","P43243",0.878202866498975,0.996292594963219
"779","Q99832",0.879078591938284,0.996292594963219
"780","Q15008",0.879132227510544,0.996292594963219
"781","P29966",0.882081836281098,0.996292594963219
"782","Q9BRA2",0.888018866752393,0.996292594963219
"783","Q13409",0.888154844003293,0.996292594963219
"784","Q13045",0.888618979535899,0.996292594963219
"785","Q7L1Q6",0.888744433104622,0.996292594963219
"786","P51659",0.889503821997023,0.996292594963219
"787","P40925",0.890010408590277,0.996292594963219
"788","Q06323",0.890390288824274,0.996292594963219
"789","Q8NCA5",0.890626037974323,0.996292594963219
"790","P60660",0.890971646527245,0.996292594963219
"791","P63241",0.890992154091896,0.996292594963219
"792","P48147",0.891680327193583,0.996292594963219
"793","Q9Y3D6",0.892394216990938,0.996292594963219
"794","P25705",0.892910520549395,0.996292594963219
"795","P56192",0.893338436930169,0.996292594963219
"796","P11216",0.893499181209736,0.996292594963219
"797","P28074",0.893650834906615,0.996292594963219
"798","Q96QK1",0.894407565555508,0.996292594963219
"799","P12268",0.895689309262124,0.996292594963219
"800","P50502",0.896441113237542,0.996292594963219
"801","P09622",0.896582301881457,0.996292594963219
"802","Q8NBJ5",0.897215979942783,0.996292594963219
"803","Q99829",0.898630059734935,0.996292594963219
"804","Q9H488",0.899323577774706,0.996292594963219
"805","O00299",0.89946325464876,0.996292594963219
"806","P60953",0.900733276982636,0.996292594963219
"807","Q9NVD7",0.901825322697486,0.996292594963219
"808","Q03252",0.901965592315735,0.996292594963219
"809","P60900",0.907887082681161,0.996292594963219
"810","P29692",0.908475539678418,0.996292594963219
"811","Q8IVL6",0.908701366904996,0.996292594963219
"812","Q13162",0.909089606538943,0.996292594963219
"813","P38606",0.909358972424908,0.996292594963219
"814","Q12905",0.909559210868664,0.996292594963219
"815","P05387",0.910929610206295,0.996292594963219
"816","P20810",0.911302289931,0.996292594963219
"817","P20340",0.912195123857092,0.996292594963219
"818","O15212",0.913913996971273,0.996292594963219
"819","Q96KP4",0.914574702525127,0.996292594963219
"820","Q14974",0.914702603115952,0.996292594963219
"821","Q9BT78",0.915421596306219,0.996292594963219
"822","Q96L92",0.916620385296363,0.996292594963219
"823","Q9NZZ3",0.918465069188332,0.996292594963219
"824","P50991",0.919330917839325,0.996292594963219
"825","P63104",0.919539999045748,0.996292594963219
"826","Q01105",0.9196586924335,0.996292594963219
"827","O15460",0.919793704364229,0.996292594963219
"828","O00303",0.920018589915396,0.996292594963219
"829","Q9Y376",0.920141907791643,0.996292594963219
"830","P50990",0.920347746328643,0.996292594963219
"831","Q13404",0.920577946636954,0.996292594963219
"832","Q7Z739",0.921272716280175,0.996292594963219
"833","P07384",0.922497791753705,0.996292594963219
"834","Q12792",0.923175233011136,0.996292594963219
"835","P15880",0.923692683546682,0.996292594963219
"836","Q04446",0.924990910802341,0.996292594963219
"837","Q9BQE5",0.92502898123127,0.996292594963219
"838","Q9UQ35",0.925655260607787,0.996292594963219
"839","Q00610",0.926937307326688,0.996292594963219
"840","O75390",0.927401132491793,0.996292594963219
"841","P26373",0.928372149238109,0.996292594963219
"842","P12763",0.928832952070965,0.996292594963219
"843","P15586",0.929253035954375,0.996292594963219
"844","P55786",0.930930836834322,0.996292594963219
"845","O95336",0.931058162133524,0.996292594963219
"846","P36957",0.931320680323341,0.996292594963219
"847","P32969",0.931673022699952,0.996292594963219
"848","P31946",0.932054728477257,0.996292594963219
"849","Q6UVK1",0.93355085285941,0.996292594963219
"850","P16949",0.933602971153875,0.996292594963219
"851","P52209",0.933984240743472,0.996292594963219
"852","P18085",0.934361537979474,0.996292594963219
"853","P19623",0.939045540122651,0.996292594963219
"854","P62906",0.939863487318451,0.996292594963219
"855","Q7L2H7",0.940429452984109,0.996292594963219
"856","P05198",0.940980754260166,0.996292594963219
"857","Q7L5N1",0.941191086454713,0.996292594963219
"858","P19338",0.94189566681476,0.996292594963219
"859","Q969G5",0.94249870128147,0.996292594963219
"860","Q13126",0.944270758186424,0.996292594963219
"861","P78371",0.944370853164654,0.996292594963219
"862","P34932",0.944529325292744,0.996292594963219
"863","P35606",0.946598501145674,0.996292594963219
"864","Q13200",0.947058129368309,0.996292594963219
"865","P62304",0.947295944335568,0.996292594963219
"866","Q16531",0.94730676614179,0.996292594963219
"867","Q6IBS0",0.947747270405311,0.996292594963219
"868","Q6P587",0.948194238674469,0.996292594963219
"869","P49368",0.949073285430574,0.996292594963219
"870","P63010",0.950121683613325,0.996292594963219
"871","P19367",0.951320041760054,0.996292594963219
"872","P61086",0.952577914693337,0.996292594963219
"873","P22314",0.954155090909782,0.996292594963219
"874","P17987",0.954226730731476,0.996292594963219
"875","Q96FW1",0.95434927248041,0.996292594963219
"876","P61106",0.95457012738222,0.996292594963219
"877","Q9NQP4",0.955867205203146,0.996292594963219
"878","Q8WVM8",0.956723252008192,0.996292594963219
"879","Q14498",0.956798679585676,0.996292594963219
"880","P11177",0.958195580570512,0.996292594963219
"881","O15144",0.958383888805975,0.996292594963219
"882","p_4",0.958547370738507,0.996292594963219
"883","Q14696",0.959498381183638,0.996292594963219
"884","P09960",0.95951447298812,0.996292594963219
"885","P31930",0.960393572553441,0.996292594963219
"886","Q9UL46",0.960423623626399,0.996292594963219
"887","P10619",0.960893949584867,0.996292594963219
"888","P55145",0.961385644451492,0.996292594963219
"889","P42025",0.963555849259434,0.996292594963219
"890","P08865",0.96376655732295,0.996292594963219
"891","O75534",0.965369576405783,0.996292594963219
"892","P54819",0.965888009451768,0.996292594963219
"893","Q9UNM6",0.966416723870052,0.996292594963219
"894","p_6",0.966558012509483,0.996292594963219
"895","P22695",0.966800086929961,0.996292594963219
"896","Q13561",0.967908275240749,0.996292594963219
"897","Q58FF8",0.968804885926765,0.996292594963219
"898","P20618",0.969087669893905,0.996292594963219
"899","P13804",0.969214322812295,0.996292594963219
"900","Q9H8Y8",0.96973732784206,0.996292594963219
"901","P55769",0.969768569657826,0.996292594963219
"902","P12109",0.970147052204577,0.996292594963219
"903","P98179",0.970170562570659,0.996292594963219
"904","P17655",0.970525853792866,0.996292594963219
"905","P46940",0.97065006679824,0.996292594963219
"906","Q92688",0.972065857913667,0.996292594963219
"907","Q9Y224",0.972819399182479,0.996292594963219
"908","P61313",0.973558791162015,0.996292594963219
"909","Q9Y262",0.974173897665949,0.996292594963219
"910","P28070",0.974344936518563,0.996292594963219
"911","P40227",0.974598818344694,0.996292594963219
"912","P62857",0.975872475953576,0.996292594963219
"913","Q16777",0.976376354275891,0.996292594963219
"914","Q99471",0.976516174697011,0.996292594963219
"915","P48444",0.976949623523238,0.996292594963219
"916","O75396",0.977495817564022,0.996292594963219
"917","O75533",0.977610192760686,0.996292594963219
"918","P54920",0.979031210912427,0.996292594963219
"919","P30837",0.979419177111718,0.996292594963219
"920","P78527",0.979426630185496,0.996292594963219
"921","O75521",0.979991819235621,0.996292594963219
"922","O95816",0.980094787592325,0.996292594963219
"923","P52815",0.980307441554107,0.996292594963219
"924","Q14914",0.980680477724364,0.996292594963219
"925","P30084",0.981373165687424,0.996292594963219
"926","P05388",0.981875533775462,0.996292594963219
"927","P21399",0.982805063650375,0.996292594963219
"928","Q96AC1",0.983427061200481,0.996292594963219
"929","P51665",0.98355083352846,0.996292594963219
"930","P61163",0.983745604596469,0.996292594963219
"931","O75348",0.984164945371762,0.996292594963219
"932","P30153",0.984341182666916,0.996292594963219
"933","O14579",0.98471751070585,0.996292594963219
"934","P07686",0.984940954957087,0.996292594963219
"935","P61221",0.985213531441986,0.996292594963219
"936","P63172",0.985262372812816,0.996292594963219
"937","P53992",0.986475543897241,0.996292594963219
"938","Q02809",0.987581172576919,0.996292594963219
"939","P32119",0.988621557225787,0.996292594963219
"940","P62826",0.98874147046704,0.996292594963219
"941","P05455",0.989362208901482,0.996292594963219
"942","P22234",0.989516895322184,0.996292594963219
"943","P22307",0.991045346822378,0.996292594963219
"944","Q04917",0.991968348233342,0.996292594963219
"945","Q15019",0.992519191081219,0.996292594963219
"946","P20700",0.993269879403486,0.996292594963219
"947","Q9NY33",0.994192926691431,0.996292594963219
"948","Q9NZM1",0.996485978806203,0.99652166467588
"949","Q07955",0.99652166467588,0.99652166467588
