,Regulator,Target,Weight
0,O00629,O15143,0.029703186849821015
1,O00629,O60716,0.0094525107905434
2,O00629,O94925,0.01209147752532587
3,O00629,P05556,0.01996027976796676
4,O00629,P05787,0.009229956219116566
5,O00629,P05976,0.01130514366212429
6,O00629,P13667,0.017165499039471444
7,O00629,P14174,0.027891213691917608
8,O00629,P15374,0.024514807124688745
9,O00629,P16989,0.004704371335571024
10,O00629,P17096,0.007617667313086624
11,O00629,P31949,0.031061793963825416
12,O00629,P49023,0.0056827964184148014
13,O00629,P49756,0.022388639951552675
14,O00629,P56192,0.020747698749704224
15,O00629,P62328,0.0032941176876776414
16,O00629,P62424,0.029414953468276633
17,O00629,P62854,0.020347620990862132
18,O00629,P63208,0.009158136274936435
19,O00629,P67809,0.013947603492300453
20,O00629,P67936,0.008273623571064165
21,O00629,P80723,0.009429022379122078
22,O00629,Q01995,0.013357261117710734
23,O00629,Q02790,0.004468825400843065
24,O00629,Q07065,0.03056900853820447
25,O00629,Q07866,0.012821946602332452
26,O00629,Q07954,0.015229490086535773
27,O00629,Q14011,0.016719134533978778
28,O00629,Q15366,0.007463268146094019
29,O00629,Q16181,0.01050730446717459
30,O00629,Q3SX28,0.012179768132888779
31,O00629,Q6NZI2,0.013818790702604042
32,O00629,Q71UM5,0.045785568489416714
33,O00629,Q86UP2,0.028055688569783153
34,O00629,Q8IVL6,0.022255705253964555
35,O00629,Q92841,0.01578147556943999
36,O00629,Q96A49,0.014096476772145077
37,O00629,Q96C90,0.014079150992715023
38,O00629,Q99613,0.03012313238524529
39,O00629,Q99879,0.005585374246445469
40,O00629,Q9HBL0,0.004891145446696224
41,O00629,Q9UBR2,0.01917110577399223
42,O00629,Q9UHB9,0.055475254912704455
43,O00629,Q9UKY7,0.0155943536517616
44,O00629,Q9UMX0,0.005478264518567927
45,O00629,Q9UN86,0.06541441646954639
46,O00629,Q9Y5S9,0.007596584751969175
47,O15143,O00629,0.0465216919218598
48,O15143,O60716,0.02410541149896871
49,O15143,O94925,0.013573333850544145
50,O15143,P05556,0.030813856227407104
51,O15143,P05787,0.010010458112370547
52,O15143,P05976,0.03632302789043166
53,O15143,P13667,0.015688720246295675
54,O15143,P14174,0.03251246062766733
55,O15143,P15374,0.016082171097103724
56,O15143,P16989,0.023207901593440737
57,O15143,P17096,0.014984468054761207
58,O15143,P31949,0.04808249701424
59,O15143,P49023,0.02652489404948575
60,O15143,P49756,0.03786906500626052
61,O15143,P56192,0.009763615355172088
62,O15143,P62328,0.00883139270252168
63,O15143,P62424,0.027616967841605913
64,O15143,P62854,0.042567231018072166
65,O15143,P63208,0.025050108731838074
66,O15143,P67809,0.008151808676202266
67,O15143,P67936,0.0043441888803553855
68,O15143,P80723,0.022054528129019334
69,O15143,Q01995,0.013468198800105248
70,O15143,Q02790,0.02363470873994079
71,O15143,Q07065,0.006963302758731386
72,O15143,Q07866,0.030803750710823287
73,O15143,Q07954,0.020445455210879274
74,O15143,Q14011,0.006795432708654737
75,O15143,Q15366,0.027181480263101816
76,O15143,Q16181,0.014731169154109608
77,O15143,Q3SX28,0.0069942088995985875
78,O15143,Q6NZI2,0.02749265737480626
79,O15143,Q71UM5,0.012219575018673793
80,O15143,Q86UP2,0.013091377633584471
81,O15143,Q8IVL6,0.016246786861964704
82,O15143,Q92841,0.02821677822375257
83,O15143,Q96A49,0.016141208093835267
84,O15143,Q96C90,0.008749936672859185
85,O15143,Q99613,0.0384663393042596
86,O15143,Q99879,0.02388429539115329
87,O15143,Q9HBL0,0.026631059407214486
88,O15143,Q9UBR2,0.020154795233188007
89,O15143,Q9UHB9,0.031634496703992085
90,O15143,Q9UKY7,0.009862752053144939
91,O15143,Q9UMX0,0.02145856023016384
92,O15143,Q9UN86,0.009014192354152918
93,O15143,Q9Y5S9,0.027393206845981857
94,O60716,O00629,0.03947940033016351
95,O60716,O15143,0.008031640241585827
96,O60716,O94925,0.020063326112862555
97,O60716,P05556,0.016968570119466838
98,O60716,P05787,0.017794227078545347
99,O60716,P05976,0.020893204481553594
100,O60716,P13667,0.00666903596271696
101,O60716,P14174,0.03895495273160023
102,O60716,P15374,0.013115017685853856
103,O60716,P16989,0.021468602444142313
104,O60716,P17096,0.016467574730500242
105,O60716,P31949,0.013958884469924139
106,O60716,P49023,0.014238380188633146
107,O60716,P49756,0.030552551289100338
108,O60716,P56192,0.009392765104392716
109,O60716,P62328,0.020800078613337984
110,O60716,P62424,0.02704568433981614
111,O60716,P62854,0.03821827432783657
112,O60716,P63208,0.023487047725948076
113,O60716,P67809,0.015497643430847087
114,O60716,P67936,0.008739405574508264
115,O60716,P80723,0.038374804322618083
116,O60716,Q01995,0.02945567947845599
117,O60716,Q02790,0.04560797490892321
118,O60716,Q07065,0.004905526390708054
119,O60716,Q07866,0.014821936465518213
120,O60716,Q07954,0.02592503204470236
121,O60716,Q14011,0.006623540026107302
122,O60716,Q15366,0.0334298745208965
123,O60716,Q16181,0.03970339964846304
124,O60716,Q3SX28,0.017222178279441606
125,O60716,Q6NZI2,0.012066765980181903
126,O60716,Q71UM5,0.014222747699573907
127,O60716,Q86UP2,0.015327897169589775
128,O60716,Q8IVL6,0.016394983107203335
129,O60716,Q92841,0.01531620588023992
130,O60716,Q96A49,0.006700929802261278
131,O60716,Q96C90,0.006996281962709814
132,O60716,Q99613,0.025156245359822124
133,O60716,Q99879,0.033593338264634905
134,O60716,Q9HBL0,0.028131490987736575
135,O60716,Q9UBR2,0.0344760500664599
136,O60716,Q9UHB9,0.02089255324898833
137,O60716,Q9UKY7,0.005008278474751069
138,O60716,Q9UMX0,0.034288548382588095
139,O60716,Q9UN86,0.005894874070846615
140,O60716,Q9Y5S9,0.03522417607768061
141,O94925,O00629,0.01561097659446929
142,O94925,O15143,0.010527146716688026
143,O94925,O60716,0.037685434082565805
144,O94925,P05556,0.03256198264244956
145,O94925,P05787,0.016839507341227238
146,O94925,P05976,0.038837957928307736
147,O94925,P13667,0.014454687753757444
148,O94925,P14174,0.006035155657222774
149,O94925,P15374,0.003459425873649727
150,O94925,P16989,0.021614880405696917
151,O94925,P17096,0.02585833697023827
152,O94925,P31949,0.009487734310619477
153,O94925,P49023,0.013005734799366118
154,O94925,P49756,0.015584132345599005
155,O94925,P56192,0.03471222388917282
156,O94925,P62328,0.010073297109128191
157,O94925,P62424,0.009588750364320471
158,O94925,P62854,0.00985950767975277
159,O94925,P63208,0.03110109356089897
160,O94925,P67809,0.012638976436179894
161,O94925,P67936,0.006748834418177319
162,O94925,P80723,0.028716017033886994
163,O94925,Q01995,0.012867715971554108
164,O94925,Q02790,0.043895942794187216
165,O94925,Q07065,0.004401908097901995
166,O94925,Q07866,0.042331377474625065
167,O94925,Q07954,0.017911420187612038
168,O94925,Q14011,0.012520920445087382
169,O94925,Q15366,0.04155523398803476
170,O94925,Q16181,0.04034154767912704
171,O94925,Q3SX28,0.014958019508165889
172,O94925,Q6NZI2,0.028477342999592044
173,O94925,Q71UM5,0.02599327231084913
174,O94925,Q86UP2,0.008064020686048905
175,O94925,Q8IVL6,0.015228291111002918
176,O94925,Q92841,0.02605923956448024
177,O94925,Q96A49,0.007879978084368732
178,O94925,Q96C90,0.023714362916045093
179,O94925,Q99613,0.019786283924415574
180,O94925,Q99879,0.0411506380757154
181,O94925,Q9HBL0,0.02437943818053609
182,O94925,Q9UBR2,0.012936043629475095
183,O94925,Q9UHB9,0.010938996510907238
184,O94925,Q9UKY7,0.011687071886786898
185,O94925,Q9UMX0,0.03765274258619251
186,O94925,Q9UN86,0.01502091054260228
187,O94925,Q9Y5S9,0.020297818677816597
188,P05556,O00629,0.008044313624949426
189,P05556,O15143,0.006567208873749392
190,P05556,O60716,0.030662627156916224
191,P05556,O94925,0.023904726521801575
192,P05556,P05787,0.01007240089141495
193,P05556,P05976,0.01301221772577184
194,P05556,P13667,0.014648047319445301
195,P05556,P14174,0.006876352100884503
196,P05556,P15374,0.006507848399550715
197,P05556,P16989,0.01405053853452024
198,P05556,P17096,0.013508728052782965
199,P05556,P31949,0.007399502548860484
200,P05556,P49023,0.011656775310331366
201,P05556,P49756,0.008246142357913072
202,P05556,P56192,0.01376758490221782
203,P05556,P62328,0.03072464056645013
204,P05556,P62424,0.007126556177016186
205,P05556,P62854,0.009874800219004557
206,P05556,P63208,0.02045632441696888
207,P05556,P67809,0.013204560213906204
208,P05556,P67936,0.023787172483232616
209,P05556,P80723,0.016379842089337803
210,P05556,Q01995,0.019827795371660708
211,P05556,Q02790,0.01716067057321021
212,P05556,Q07065,0.028487268137713274
213,P05556,Q07866,0.020231769388623668
214,P05556,Q07954,0.00865950674318095
215,P05556,Q14011,0.015486626233919215
216,P05556,Q15366,0.019149310481574738
217,P05556,Q16181,0.04083117781531342
218,P05556,Q3SX28,0.013710223394389072
219,P05556,Q6NZI2,0.031581352618667076
220,P05556,Q71UM5,0.012601421479651275
221,P05556,Q86UP2,0.01229344281301323
222,P05556,Q8IVL6,0.019560647968002984
223,P05556,Q92841,0.013273428255562226
224,P05556,Q96A49,0.014559405356725582
225,P05556,Q96C90,0.05400374388449252
226,P05556,Q99613,0.009031280910698719
227,P05556,Q99879,0.015058806735228287
228,P05556,Q9HBL0,0.014317223165235215
229,P05556,Q9UBR2,0.013261128071541022
230,P05556,Q9UHB9,0.008921621238700609
231,P05556,Q9UKY7,0.12886984499705365
232,P05556,Q9UMX0,0.01725190256831481
233,P05556,Q9UN86,0.007284335557330272
234,P05556,Q9Y5S9,0.033994890482590204
235,P05787,O00629,0.020390268910135415
236,P05787,O15143,0.025702091720280568
237,P05787,O60716,0.006329499693424954
238,P05787,O94925,0.007081368957067177
239,P05787,P05556,0.007574396814140972
240,P05787,P05976,0.011215564670156098
241,P05787,P13667,0.045277200254624055
242,P05787,P14174,0.02507780730246601
243,P05787,P15374,0.010044709334178958
244,P05787,P16989,0.01673078875462957
245,P05787,P17096,0.018783147646279655
246,P05787,P31949,0.010860391200231313
247,P05787,P49023,0.013422820872634113
248,P05787,P49756,0.01825394191182636
249,P05787,P56192,0.006937521267636868
250,P05787,P62328,0.036020471203531385
251,P05787,P62424,0.014207607490481824
252,P05787,P62854,0.020321130523528737
253,P05787,P63208,0.01495814698814049
254,P05787,P67809,0.013238653690410995
255,P05787,P67936,0.07353747459391664
256,P05787,P80723,0.020566166848137772
257,P05787,Q01995,0.030097230869352377
258,P05787,Q02790,0.018192520665951516
259,P05787,Q07065,0.04292938326670011
260,P05787,Q07866,0.008771331767269156
261,P05787,Q07954,0.06592436174582834
262,P05787,Q14011,0.023499608607703625
263,P05787,Q15366,0.011180871710394728
264,P05787,Q16181,0.00690869462148255
265,P05787,Q3SX28,0.008168052168025026
266,P05787,Q6NZI2,0.03950026421402074
267,P05787,Q71UM5,0.02699867753518462
268,P05787,Q86UP2,0.00983973742055286
269,P05787,Q8IVL6,0.007606889188985823
270,P05787,Q92841,0.008803668643499143
271,P05787,Q96A49,0.03563408179399026
272,P05787,Q96C90,0.01388260834637453
273,P05787,Q99613,0.013354023766397076
274,P05787,Q99879,0.02124801105258497
275,P05787,Q9HBL0,0.02911471518528276
276,P05787,Q9UBR2,0.018652532370937468
277,P05787,Q9UHB9,0.018166452483287666
278,P05787,Q9UKY7,0.011535121894773598
279,P05787,Q9UMX0,0.025681984476701458
280,P05787,Q9UN86,0.013415280980940851
281,P05787,Q9Y5S9,0.015623542921547455
282,P05976,O00629,0.009360968482350653
283,P05976,O15143,0.02175065211335028
284,P05976,O60716,0.0121743361442815
285,P05976,O94925,0.028323019045527368
286,P05976,P05556,0.006532509704536739
287,P05976,P05787,0.01228410219219105
288,P05976,P13667,0.030243533265932113
289,P05976,P14174,0.020028701339668338
290,P05976,P15374,0.00843331748716743
291,P05976,P16989,0.006013964381925138
292,P05976,P17096,0.02552801052472667
293,P05976,P31949,0.03345065396762005
294,P05976,P49023,0.007532152960946017
295,P05976,P49756,0.008707569259208169
296,P05976,P56192,0.01654595260515009
297,P05976,P62328,0.040302247878489926
298,P05976,P62424,0.018742404929544796
299,P05976,P62854,0.02905032025354888
300,P05976,P63208,0.01232443336087046
301,P05976,P67809,0.018311261506277716
302,P05976,P67936,0.025955184738194418
303,P05976,P80723,0.0115052609100567
304,P05976,Q01995,0.019739006523071298
305,P05976,Q02790,0.006710985254347898
306,P05976,Q07065,0.017127715939596447
307,P05976,Q07866,0.029677337261588062
308,P05976,Q07954,0.02179639799940631
309,P05976,Q14011,0.025613728901503312
310,P05976,Q15366,0.005689646866831094
311,P05976,Q16181,0.007647616798527886
312,P05976,Q3SX28,0.014851167808636394
313,P05976,Q6NZI2,0.020166581856633017
314,P05976,Q71UM5,0.04479188719127575
315,P05976,Q86UP2,0.012801061516478564
316,P05976,Q8IVL6,0.01670517365349561
317,P05976,Q92841,0.015060408560605008
318,P05976,Q96A49,0.0486397693885921
319,P05976,Q96C90,0.02684790771419574
320,P05976,Q99613,0.00676854025169103
321,P05976,Q99879,0.010071550612076442
322,P05976,Q9HBL0,0.012720924253874792
323,P05976,Q9UBR2,0.014550798676905067
324,P05976,Q9UHB9,0.03591369423638568
325,P05976,Q9UKY7,0.04291617133200818
326,P05976,Q9UMX0,0.009217851521660258
327,P05976,Q9UN86,0.013653643065974315
328,P05976,Q9Y5S9,0.014947646341369384
329,P13667,O00629,0.009849092471732964
330,P13667,O15143,0.014883494177495968
331,P13667,O60716,0.007953888484348502
332,P13667,O94925,0.01455124734466646
333,P13667,P05556,0.017398325007686084
334,P13667,P05787,0.008482854576047425
335,P13667,P05976,0.011282574076806827
336,P13667,P14174,0.010574186361429776
337,P13667,P15374,0.005087158259317729
338,P13667,P16989,0.028655538513746828
339,P13667,P17096,0.02464920916970908
340,P13667,P31949,0.027045502548041722
341,P13667,P49023,0.022916829769588316
342,P13667,P49756,0.005343605008602449
343,P13667,P56192,0.017379768163529347
344,P13667,P62328,0.03899239946829397
345,P13667,P62424,0.007391999893397338
346,P13667,P62854,0.008578251309668713
347,P13667,P63208,0.022618620914616028
348,P13667,P67809,0.0500602384131609
349,P13667,P67936,0.020535868210937135
350,P13667,P80723,0.010594010924837655
351,P13667,Q01995,0.010357602371684458
352,P13667,Q02790,0.0038777488072197874
353,P13667,Q07065,0.030975617415421257
354,P13667,Q07866,0.010447235919775637
355,P13667,Q07954,0.009332252691516633
356,P13667,Q14011,0.008390469324349463
357,P13667,Q15366,0.004716757056230408
358,P13667,Q16181,0.008964812885225909
359,P13667,Q3SX28,0.050968826168419544
360,P13667,Q6NZI2,0.009343221055321115
361,P13667,Q71UM5,0.0458979521276413
362,P13667,Q86UP2,0.007913135726828628
363,P13667,Q8IVL6,0.007399765411000917
364,P13667,Q92841,0.013262849888516882
365,P13667,Q96A49,0.031825278244545854
366,P13667,Q96C90,0.026431009271355086
367,P13667,Q99613,0.006972088118143378
368,P13667,Q99879,0.003946618129041202
369,P13667,Q9HBL0,0.031378137733527184
370,P13667,Q9UBR2,0.01304119310511041
371,P13667,Q9UHB9,0.026178284709989688
372,P13667,Q9UKY7,0.011893854507668854
373,P13667,Q9UMX0,0.0054504232212801915
374,P13667,Q9UN86,0.00934713595954671
375,P13667,Q9Y5S9,0.020428390278855606
376,P14174,O00629,0.042914700169846554
377,P14174,O15143,0.012045902724298643
378,P14174,O60716,0.018627309667232722
379,P14174,O94925,0.02178296672141345
380,P14174,P05556,0.01222345502752439
381,P14174,P05787,0.028730337021311603
382,P14174,P05976,0.010847390453919059
383,P14174,P13667,0.015560266720496874
384,P14174,P15374,0.017777512138268448
385,P14174,P16989,0.010794622891295524
386,P14174,P17096,0.020109351366664634
387,P14174,P31949,0.014574023499036613
388,P14174,P49023,0.01190096231505259
389,P14174,P49756,0.04917198859954389
390,P14174,P56192,0.01201813595490576
391,P14174,P62328,0.02108617330531271
392,P14174,P62424,0.027728088560905473
393,P14174,P62854,0.05324924098019367
394,P14174,P63208,0.013049778634488198
395,P14174,P67809,0.018462306787811834
396,P14174,P67936,0.07414154833042935
397,P14174,P80723,0.04853677377116326
398,P14174,Q01995,0.041865069620377934
399,P14174,Q02790,0.05856044109622977
400,P14174,Q07065,0.05271804053245441
401,P14174,Q07866,0.0070257294959771305
402,P14174,Q07954,0.07722174818617272
403,P14174,Q14011,0.028432392029060796
404,P14174,Q15366,0.03036471478732548
405,P14174,Q16181,0.019845395728719146
406,P14174,Q3SX28,0.01688275333926742
407,P14174,Q6NZI2,0.009679294307654518
408,P14174,Q71UM5,0.017166343120581552
409,P14174,Q86UP2,0.022022948743460006
410,P14174,Q8IVL6,0.015188903095196453
411,P14174,Q92841,0.00777506976056712
412,P14174,Q96A49,0.020049334476774212
413,P14174,Q96C90,0.014166206525082735
414,P14174,Q99613,0.023881985007131377
415,P14174,Q99879,0.052763650699368905
416,P14174,Q9HBL0,0.01965874798398544
417,P14174,Q9UBR2,0.03350299795565127
418,P14174,Q9UHB9,0.018462079003975333
419,P14174,Q9UKY7,0.011850340742064447
420,P14174,Q9UMX0,0.07517869335907518
421,P14174,Q9UN86,0.01846087069619419
422,P14174,Q9Y5S9,0.018790209665600115
423,P15374,O00629,0.023273186787383698
424,P15374,O15143,0.012789370385871027
425,P15374,O60716,0.005629785557087579
426,P15374,O94925,0.012492006441476402
427,P15374,P05556,0.009137319197300478
428,P15374,P05787,0.011296393720039617
429,P15374,P05976,0.0058254449683624605
430,P15374,P13667,0.01905327300329749
431,P15374,P14174,0.011184027494646538
432,P15374,P16989,0.04405624544018722
433,P15374,P17096,0.010421931480455093
434,P15374,P31949,0.020604976695140054
435,P15374,P49023,0.03867315729506193
436,P15374,P49756,0.017338473196931325
437,P15374,P56192,0.008337884938319185
438,P15374,P62328,0.019851828653282146
439,P15374,P62424,0.009288922831288607
440,P15374,P62854,0.016696375120509824
441,P15374,P63208,0.021115225926348208
442,P15374,P67809,0.013363222513186454
443,P15374,P67936,0.028892046910406564
444,P15374,P80723,0.009605793731469046
445,P15374,Q01995,0.008409438234094454
446,P15374,Q02790,0.00874770882360186
447,P15374,Q07065,0.020620400049224084
448,P15374,Q07866,0.007187230135866068
449,P15374,Q07954,0.024899211891621722
450,P15374,Q14011,0.012902566707652888
451,P15374,Q15366,0.008232469251063725
452,P15374,Q16181,0.006096065603273069
453,P15374,Q3SX28,0.012512375881211221
454,P15374,Q6NZI2,0.006431289158485658
455,P15374,Q71UM5,0.013752278446157628
456,P15374,Q86UP2,0.0072470682438231585
457,P15374,Q8IVL6,0.0037993268731715637
458,P15374,Q92841,0.005545761023889135
459,P15374,Q96A49,0.010834763809261527
460,P15374,Q96C90,0.026627242297719508
461,P15374,Q99613,0.015002322292475542
462,P15374,Q99879,0.0069811238176014905
463,P15374,Q9HBL0,0.02294843329522538
464,P15374,Q9UBR2,0.007863177431730602
465,P15374,Q9UHB9,0.0083884828073337
466,P15374,Q9UKY7,0.008116279362870585
467,P15374,Q9UMX0,0.015155445073126607
468,P15374,Q9UN86,0.010553867151421347
469,P15374,Q9Y5S9,0.012832056845753963
470,P16989,O00629,0.04264582747273415
471,P16989,O15143,0.010268022790843273
472,P16989,O60716,0.025735824867317257
473,P16989,O94925,0.012965227778342744
474,P16989,P05556,0.03285498085695193
475,P16989,P05787,0.00777058207020749
476,P16989,P05976,0.03469163383256802
477,P16989,P13667,0.012776074395094695
478,P16989,P14174,0.0306658187603115
479,P16989,P15374,0.01690695727906416
480,P16989,P17096,0.008615261105835702
481,P16989,P31949,0.049537287783912164
482,P16989,P49023,0.016156480635612907
483,P16989,P49756,0.04585600922937349
484,P16989,P56192,0.009933511864343963
485,P16989,P62328,0.006440388644596133
486,P16989,P62424,0.027966218132027813
487,P16989,P62854,0.03776264200339051
488,P16989,P63208,0.020710033106065288
489,P16989,P67809,0.008036085012984397
490,P16989,P67936,0.003892244495436694
491,P16989,P80723,0.01656008923398461
492,P16989,Q01995,0.013127201615719262
493,P16989,Q02790,0.014744860953166801
494,P16989,Q07065,0.008862225039128202
495,P16989,Q07866,0.03089777027368782
496,P16989,Q07954,0.0190444421516338
497,P16989,Q14011,0.011350718139175035
498,P16989,Q15366,0.02230442695299614
499,P16989,Q16181,0.018198998450466856
500,P16989,Q3SX28,0.0058543266055071565
501,P16989,Q6NZI2,0.028238589085026633
502,P16989,Q71UM5,0.013252893230937361
503,P16989,Q86UP2,0.01789429338361346
504,P16989,Q8IVL6,0.020462371274413305
505,P16989,Q92841,0.025985663952179293
506,P16989,Q96A49,0.01110088767489339
507,P16989,Q96C90,0.008866299877802228
508,P16989,Q99613,0.046658987123229814
509,P16989,Q99879,0.016521410722902294
510,P16989,Q9HBL0,0.02374820482459679
511,P16989,Q9UBR2,0.019429341653358474
512,P16989,Q9UHB9,0.04091333263564164
513,P16989,Q9UKY7,0.010802621819247507
514,P16989,Q9UMX0,0.013836493882224722
515,P16989,Q9UN86,0.01671125703960181
516,P16989,Q9Y5S9,0.026519213717901054
517,P17096,O00629,0.01062767322941404
518,P17096,O15143,0.041138093507698786
519,P17096,O60716,0.018394618320271405
520,P17096,O94925,0.038726793472877455
521,P17096,P05556,0.019497387000921095
522,P17096,P05787,0.010183684479712952
523,P17096,P05976,0.016153305736278566
524,P17096,P13667,0.037712801679350066
525,P17096,P14174,0.011501284483738425
526,P17096,P15374,0.007756552232875606
527,P17096,P16989,0.010827927474557113
528,P17096,P31949,0.01959373198520625
529,P17096,P49023,0.010088078339610836
530,P17096,P49756,0.009145032096053987
531,P17096,P56192,0.03614289470723968
532,P17096,P62328,0.013171309564572426
533,P17096,P62424,0.03663971411435023
534,P17096,P62854,0.008891330132445358
535,P17096,P63208,0.010522297065385357
536,P17096,P67809,0.014565630614929078
537,P17096,P67936,0.020029839851330083
538,P17096,P80723,0.00830811987234008
539,P17096,Q01995,0.011315283614314288
540,P17096,Q02790,0.0030845371635352214
541,P17096,Q07065,0.01390189065843301
542,P17096,Q07866,0.01880917644630746
543,P17096,Q07954,0.009234852517092156
544,P17096,Q14011,0.05781783708275557
545,P17096,Q15366,0.010472789825263309
546,P17096,Q16181,0.015197557789577505
547,P17096,Q3SX28,0.007655212409542948
548,P17096,Q6NZI2,0.02301315788308125
549,P17096,Q71UM5,0.022017257315005808
550,P17096,Q86UP2,0.026641160150358497
551,P17096,Q8IVL6,0.04082595717622542
552,P17096,Q92841,0.0369117796025277
553,P17096,Q96A49,0.03948812175074586
554,P17096,Q96C90,0.019260782479270152
555,P17096,Q99613,0.029353192940876422
556,P17096,Q99879,0.0044336060896077315
557,P17096,Q9HBL0,0.008529750572744804
558,P17096,Q9UBR2,0.007978569520654349
559,P17096,Q9UHB9,0.01929166222233516
560,P17096,Q9UKY7,0.04065931099203625
561,P17096,Q9UMX0,0.005694043404010425
562,P17096,Q9UN86,0.022073383615496996
563,P17096,Q9Y5S9,0.017718576131027643
564,P31949,O00629,0.016755034732287594
565,P31949,O15143,0.008945739557839625
566,P31949,O60716,0.004874302992711324
567,P31949,O94925,0.0034755425639190576
568,P31949,P05556,0.007537142772089106
569,P31949,P05787,0.03527075129222967
570,P31949,P05976,0.0047933602376173876
571,P31949,P13667,0.009927027328142235
572,P31949,P14174,0.044929872854913594
573,P31949,P15374,0.06383150876117231
574,P31949,P16989,0.026208341502722252
575,P31949,P17096,0.01225611773387063
576,P31949,P49023,0.04306059122427674
577,P31949,P49756,0.017843933856772562
578,P31949,P56192,0.008512031133405325
579,P31949,P62328,0.015412930759928173
580,P31949,P62424,0.025015196071783274
581,P31949,P62854,0.02605118153649899
582,P31949,P63208,0.01129059727090095
583,P31949,P67809,0.009889958562645405
584,P31949,P67936,0.004706288839790734
585,P31949,P80723,0.008195019972504717
586,P31949,Q01995,0.024923210164149907
587,P31949,Q02790,0.008374764106408453
588,P31949,Q07065,0.021447537413216575
589,P31949,Q07866,0.00494402101617296
590,P31949,Q07954,0.018110727733771693
591,P31949,Q14011,0.008665832295942576
592,P31949,Q15366,0.004715061769390295
593,P31949,Q16181,0.007838229527024017
594,P31949,Q3SX28,0.011898904075766128
595,P31949,Q6NZI2,0.008195627042276735
596,P31949,Q71UM5,0.023306333514058773
597,P31949,Q86UP2,0.015187828081822008
598,P31949,Q8IVL6,0.008007893787666033
599,P31949,Q92841,0.005860408682939102
600,P31949,Q96A49,0.012996245855333885
601,P31949,Q96C90,0.0394865951002466
602,P31949,Q99613,0.012303235112192753
603,P31949,Q99879,0.006787505476686009
604,P31949,Q9HBL0,0.007150000618166039
605,P31949,Q9UBR2,0.020453373595805836
606,P31949,Q9UHB9,0.06527956086530404
607,P31949,Q9UKY7,0.0030944312677651693
608,P31949,Q9UMX0,0.006621985696577673
609,P31949,Q9UN86,0.044005678001904844
610,P31949,Q9Y5S9,0.010541228305540466
611,P49023,O00629,0.03964194181983114
612,P49023,O15143,0.015398588469486484
613,P49023,O60716,0.025512823507794193
614,P49023,O94925,0.010340057449667314
615,P49023,P05556,0.02027894779113405
616,P49023,P05787,0.008172918883174268
617,P49023,P05976,0.017155740513565575
618,P49023,P13667,0.008234617181265362
619,P49023,P14174,0.02930935987297383
620,P49023,P15374,0.012821344495255287
621,P49023,P16989,0.020875380718839605
622,P49023,P17096,0.007355054590898995
623,P49023,P31949,0.030506663544456525
624,P49023,P49756,0.036004894312115496
625,P49023,P56192,0.005719636335691619
626,P49023,P62328,0.007376535715221193
627,P49023,P62424,0.02298021756524111
628,P49023,P62854,0.04051545731152949
629,P49023,P63208,0.023050508952063387
630,P49023,P67809,0.00888372445917577
631,P49023,P67936,0.002923140013142364
632,P49023,P80723,0.013878844687638984
633,P49023,Q01995,0.01221916658611897
634,P49023,Q02790,0.013828084595602174
635,P49023,Q07065,0.008303339947801134
636,P49023,Q07866,0.013197000566760474
637,P49023,Q07954,0.02042889028631764
638,P49023,Q14011,0.010548571236781396
639,P49023,Q15366,0.01417438908875957
640,P49023,Q16181,0.023433221007424978
641,P49023,Q3SX28,0.00653769739472581
642,P49023,Q6NZI2,0.015010557581882196
643,P49023,Q71UM5,0.014205635749905939
644,P49023,Q86UP2,0.02459323709751396
645,P49023,Q8IVL6,0.032839014411984446
646,P49023,Q92841,0.0143793738826658
647,P49023,Q96A49,0.00627125096974796
648,P49023,Q96C90,0.007107583566521338
649,P49023,Q99613,0.038651213015346894
650,P49023,Q99879,0.01254966776481353
651,P49023,Q9HBL0,0.026333837905562277
652,P49023,Q9UBR2,0.01868659834204239
653,P49023,Q9UHB9,0.028452046151377162
654,P49023,Q9UKY7,0.013010001916282984
655,P49023,Q9UMX0,0.0126839782138898
656,P49023,Q9UN86,0.017910235033070432
657,P49023,Q9Y5S9,0.02546544563782976
658,P49756,O00629,0.013461938756960785
659,P49756,O15143,0.05345861882032679
660,P49756,O60716,0.013136806742309147
661,P49756,O94925,0.01288900891825939
662,P49756,P05556,0.020913282357523495
663,P49756,P05787,0.008572682587312221
664,P49756,P05976,0.011757306040991124
665,P49756,P13667,0.023604856198726664
666,P49756,P14174,0.029063275587771255
667,P49756,P15374,0.015125293443325331
668,P49756,P16989,0.005408976461162387
669,P49756,P17096,0.008445309738946761
670,P49756,P31949,0.016726502917472928
671,P49756,P49023,0.004993658636536105
672,P49756,P56192,0.019698053359454574
673,P49756,P62328,0.005788226733419926
674,P49756,P62424,0.029945203470303015
675,P49756,P62854,0.017658660304592802
676,P49756,P63208,0.02004724126615626
677,P49756,P67809,0.014307601472525433
678,P49756,P67936,0.008295860264619216
679,P49756,P80723,0.00946501775714485
680,P49756,Q01995,0.011841010915147708
681,P49756,Q02790,0.005153832062383452
682,P49756,Q07065,0.029382940418486297
683,P49756,Q07866,0.011762488634026133
684,P49756,Q07954,0.014955468111912939
685,P49756,Q14011,0.016838685966824155
686,P49756,Q15366,0.007784915072641599
687,P49756,Q16181,0.013949727448301882
688,P49756,Q3SX28,0.011770141463617835
689,P49756,Q6NZI2,0.013249121877425156
690,P49756,Q71UM5,0.04622981280003226
691,P49756,Q86UP2,0.06601545519635894
692,P49756,Q8IVL6,0.03828539657026993
693,P49756,Q92841,0.01578666949929293
694,P49756,Q96A49,0.01600225540553319
695,P49756,Q96C90,0.012318592125249363
696,P49756,Q99613,0.028398314086323845
697,P49756,Q99879,0.005573857842044358
698,P49756,Q9HBL0,0.006063599747258516
699,P49756,Q9UBR2,0.01934996754507638
700,P49756,Q9UHB9,0.038089991542308965
701,P49756,Q9UKY7,0.01605040448810089
702,P49756,Q9UMX0,0.005282484687184951
703,P49756,Q9UN86,0.06835331480687759
704,P49756,Q9Y5S9,0.0063830193422104
705,P56192,O00629,0.007411434660329751
706,P56192,O15143,0.016868741762951073
707,P56192,O60716,0.008858365948802667
708,P56192,O94925,0.014800249864731621
709,P56192,P05556,0.011503173176364742
710,P56192,P05787,0.0507661019333285
711,P56192,P05976,0.009635178324616092
712,P56192,P13667,0.010129235120987064
713,P56192,P14174,0.010823933321932828
714,P56192,P15374,0.05295547165109587
715,P56192,P16989,0.03418230760647931
716,P56192,P17096,0.006037281116425129
717,P56192,P31949,0.011507719547973812
718,P56192,P49023,0.0203476667367935
719,P56192,P49756,0.004738424832643044
720,P56192,P62328,0.012480391147424144
721,P56192,P62424,0.009422760422915413
722,P56192,P62854,0.00781086507637599
723,P56192,P63208,0.04190809971251497
724,P56192,P67809,0.01765434239321448
725,P56192,P67936,0.006977514438743576
726,P56192,P80723,0.02311293854803787
727,P56192,Q01995,0.02903968998206132
728,P56192,Q02790,0.010359991980367352
729,P56192,Q07065,0.007214418636264788
730,P56192,Q07866,0.011724610498255142
731,P56192,Q07954,0.006578187734929209
732,P56192,Q14011,0.027766886866672332
733,P56192,Q15366,0.012079609510452418
734,P56192,Q16181,0.009602207679355629
735,P56192,Q3SX28,0.026323751087281834
736,P56192,Q6NZI2,0.014741591170410325
737,P56192,Q71UM5,0.015285533912988978
738,P56192,Q86UP2,0.012680752840337305
739,P56192,Q8IVL6,0.010944359473310511
740,P56192,Q92841,0.01599886503460871
741,P56192,Q96A49,0.0065502980497878635
742,P56192,Q96C90,0.022535951001587888
743,P56192,Q99613,0.00656105214628622
744,P56192,Q99879,0.010579633930459518
745,P56192,Q9HBL0,0.029419964768086983
746,P56192,Q9UBR2,0.025843594476112227
747,P56192,Q9UHB9,0.012917234336699107
748,P56192,Q9UKY7,0.014242692272063085
749,P56192,Q9UMX0,0.011569969118946782
750,P56192,Q9UN86,0.01662580655793386
751,P56192,Q9Y5S9,0.03296665888496833
752,P62328,O00629,0.011551869403225666
753,P62328,O15143,0.011475185482767212
754,P62328,O60716,0.005545316223368793
755,P62328,O94925,0.014255374497986629
756,P62328,P05556,0.012482325758574045
757,P62328,P05787,0.014744131565946967
758,P62328,P05976,0.009162797179895153
759,P62328,P13667,0.011222510622696634
760,P62328,P14174,0.014363825020832617
761,P62328,P15374,0.008980472543607083
762,P62328,P16989,0.020753906646736278
763,P62328,P17096,0.009809091084157019
764,P62328,P31949,0.02331386882813992
765,P62328,P49023,0.008951010750264861
766,P62328,P49756,0.010437984960907217
767,P62328,P56192,0.007432262038554425
768,P62328,P62424,0.00864944563699492
769,P62328,P62854,0.011064644229425546
770,P62328,P63208,0.024409988089147835
771,P62328,P67809,0.013331302547583225
772,P62328,P67936,0.023300277355285084
773,P62328,P80723,0.008244071997822637
774,P62328,Q01995,0.01853913766044096
775,P62328,Q02790,0.008337273089146207
776,P62328,Q07065,0.009983149807971756
777,P62328,Q07866,0.01680608049213276
778,P62328,Q07954,0.032847486701562956
779,P62328,Q14011,0.06912197053711416
780,P62328,Q15366,0.00782776488188459
781,P62328,Q16181,0.00368558082934192
782,P62328,Q3SX28,0.013505185972382311
783,P62328,Q6NZI2,0.0074796487016653415
784,P62328,Q71UM5,0.012847857118143671
785,P62328,Q86UP2,0.007366368460695752
786,P62328,Q8IVL6,0.005780971177393126
787,P62328,Q92841,0.009761287998407475
788,P62328,Q96A49,0.0055768028158600744
789,P62328,Q96C90,0.00774482154136825
790,P62328,Q99613,0.00738240522096861
791,P62328,Q99879,0.009465837047125893
792,P62328,Q9HBL0,0.02580069950516561
793,P62328,Q9UBR2,0.01226317235778789
794,P62328,Q9UHB9,0.017293971088974975
795,P62328,Q9UKY7,0.010656260538722347
796,P62328,Q9UMX0,0.010397798334045387
797,P62328,Q9UN86,0.02447285963171087
798,P62328,Q9Y5S9,0.020972934680230305
799,P62424,O00629,0.04429927432149814
800,P62424,O15143,0.010819377843081304
801,P62424,O60716,0.027459804909368488
802,P62424,O94925,0.01632903162568257
803,P62424,P05556,0.029630381464225572
804,P62424,P05787,0.017283721986176274
805,P62424,P05976,0.03913977846205093
806,P62424,P13667,0.015306422781216005
807,P62424,P14174,0.03659339229968265
808,P62424,P15374,0.015093814735705362
809,P62424,P16989,0.024023582046717937
810,P62424,P17096,0.020568172043719767
811,P62424,P31949,0.023675978402366547
812,P62424,P49023,0.027051882374754973
813,P62424,P49756,0.04377258595399154
814,P62424,P56192,0.013147944045164367
815,P62424,P62328,0.012431617915787438
816,P62424,P62854,0.042572393831659075
817,P62424,P63208,0.025054247992800656
818,P62424,P67809,0.010312099266307993
819,P62424,P67936,0.006194489981812843
820,P62424,P80723,0.03522239046908441
821,P62424,Q01995,0.018448437123729667
822,P62424,Q02790,0.04495405187248724
823,P62424,Q07065,0.006379307461866177
824,P62424,Q07866,0.03125962787938332
825,P62424,Q07954,0.02709391638007502
826,P62424,Q14011,0.006714834564412017
827,P62424,Q15366,0.045053162801551166
828,P62424,Q16181,0.020256705102895935
829,P62424,Q3SX28,0.011757896796532366
830,P62424,Q6NZI2,0.027735192457647752
831,P62424,Q71UM5,0.01339893156774947
832,P62424,Q86UP2,0.013928723098340397
833,P62424,Q8IVL6,0.015877574499244956
834,P62424,Q92841,0.027040649597524207
835,P62424,Q96A49,0.016052891372474662
836,P62424,Q96C90,0.007543493723151259
837,P62424,Q99613,0.03554737736174119
838,P62424,Q99879,0.050641273256293
839,P62424,Q9HBL0,0.027440016066310056
840,P62424,Q9UBR2,0.025027655274971954
841,P62424,Q9UHB9,0.02315637045771154
842,P62424,Q9UKY7,0.00921215451881745
843,P62424,Q9UMX0,0.040452814785205835
844,P62424,Q9UN86,0.00663463908072762
845,P62424,Q9Y5S9,0.024572891020254596
846,P62854,O00629,0.03595850992618365
847,P62854,O15143,0.02652763765964469
848,P62854,O60716,0.038390113476014544
849,P62854,O94925,0.050136702916665964
850,P62854,P05556,0.032869583845704306
851,P62854,P05787,0.021137029775112504
852,P62854,P05976,0.037192628399705496
853,P62854,P13667,0.039431666978195834
854,P62854,P14174,0.029416063863267082
855,P62854,P15374,0.015723022192783556
856,P62854,P16989,0.010749061904137762
857,P62854,P17096,0.015884350975420056
858,P62854,P31949,0.013596237433232669
859,P62854,P49023,0.008942902758833866
860,P62854,P49756,0.033258845469828886
861,P62854,P56192,0.03455381104742563
862,P62854,P62328,0.007893201720217274
863,P62854,P62424,0.048548324711374956
864,P62854,P63208,0.008939845186941828
865,P62854,P67809,0.009499714353097651
866,P62854,P67936,0.018505562853377774
867,P62854,P80723,0.03228579600220795
868,P62854,Q01995,0.015169016194493965
869,P62854,Q02790,0.044996878586532424
870,P62854,Q07065,0.015705486451873134
871,P62854,Q07866,0.030224823941388652
872,P62854,Q07954,0.02742573946104863
873,P62854,Q14011,0.01052636392681522
874,P62854,Q15366,0.042800864758359106
875,P62854,Q16181,0.04308424324545393
876,P62854,Q3SX28,0.012633017833797404
877,P62854,Q6NZI2,0.030393180402001105
878,P62854,Q71UM5,0.015169478629367046
879,P62854,Q86UP2,0.01758500544668099
880,P62854,Q8IVL6,0.031863426037702716
881,P62854,Q92841,0.041959153586448666
882,P62854,Q96A49,0.03306968933572945
883,P62854,Q96C90,0.017729263232358978
884,P62854,Q99613,0.036153340261328167
885,P62854,Q99879,0.03913092027763511
886,P62854,Q9HBL0,0.011647336332741403
887,P62854,Q9UBR2,0.023396772964699008
888,P62854,Q9UHB9,0.01870625961966385
889,P62854,Q9UKY7,0.041050448982798755
890,P62854,Q9UMX0,0.03804177743266093
891,P62854,Q9UN86,0.007069561461608074
892,P62854,Q9Y5S9,0.016136853068547497
893,P63208,O00629,0.007059339601630644
894,P63208,O15143,0.05068868187233418
895,P63208,O60716,0.02761669577011895
896,P63208,O94925,0.04933869717430545
897,P63208,P05556,0.028803135718969995
898,P63208,P05787,0.027882066557541274
899,P63208,P05976,0.03721355605130868
900,P63208,P13667,0.0902687557903887
901,P63208,P14174,0.007604774151631467
902,P63208,P15374,0.02974164328696171
903,P63208,P16989,0.01905929166952092
904,P63208,P17096,0.012517074958293014
905,P63208,P31949,0.01542773919199805
906,P63208,P49023,0.017618921374264806
907,P63208,P49756,0.0050630895294196425
908,P63208,P56192,0.037974665922248095
909,P63208,P62328,0.009991897202634102
910,P63208,P62424,0.031687878818056577
911,P63208,P62854,0.007524117298411783
912,P63208,P67809,0.007837353814773938
913,P63208,P67936,0.033090500798624564
914,P63208,P80723,0.010229804527323536
915,P63208,Q01995,0.009493223099331408
916,P63208,Q02790,0.009418590834330038
917,P63208,Q07065,0.030405178928086554
918,P63208,Q07866,0.03456593698275121
919,P63208,Q07954,0.007870483298830536
920,P63208,Q14011,0.02041762791688681
921,P63208,Q15366,0.019999023101619356
922,P63208,Q16181,0.01748137441187229
923,P63208,Q3SX28,0.013534596240920363
924,P63208,Q6NZI2,0.06438075276992403
925,P63208,Q71UM5,0.011862938242528622
926,P63208,Q86UP2,0.024051537392427484
927,P63208,Q8IVL6,0.031633241616732616
928,P63208,Q92841,0.04357535601403349
929,P63208,Q96A49,0.039188866173629114
930,P63208,Q96C90,0.033733177200276784
931,P63208,Q99613,0.016915203230837082
932,P63208,Q99879,0.009931291122475285
933,P63208,Q9HBL0,0.012820199696351073
934,P63208,Q9UBR2,0.004715138581458641
935,P63208,Q9UHB9,0.009399200045494688
936,P63208,Q9UKY7,0.042783914930827206
937,P63208,Q9UMX0,0.013279178859778383
938,P63208,Q9UN86,0.007964033550325891
939,P63208,Q9Y5S9,0.012616702594740674
940,P67809,O00629,0.037769804537657894
941,P67809,O15143,0.016812040527769186
942,P67809,O60716,0.0466238569430729
943,P67809,O94925,0.024687616483879068
944,P67809,P05556,0.03146916053536188
945,P67809,P05787,0.007647990011677011
946,P67809,P05976,0.034540831756861026
947,P67809,P13667,0.012024099910927297
948,P67809,P14174,0.016213203157336268
949,P67809,P15374,0.0069313608554102445
950,P67809,P16989,0.03626359829920542
951,P67809,P17096,0.028518824301189682
952,P67809,P31949,0.015286359420037279
953,P67809,P49023,0.018125647720196578
954,P67809,P49756,0.03929034568926731
955,P67809,P56192,0.01825361341509533
956,P67809,P62328,0.008766129187102737
957,P67809,P62424,0.02184697136313909
958,P67809,P62854,0.03010093511498054
959,P67809,P63208,0.021840118806931378
960,P67809,P67936,0.004856256046147134
961,P67809,P80723,0.01776990306863382
962,P67809,Q01995,0.013896008778119308
963,P67809,Q02790,0.02235666009378758
964,P67809,Q07065,0.009345721088571408
965,P67809,Q07866,0.029802592549925625
966,P67809,Q07954,0.017674321363300233
967,P67809,Q14011,0.013021474571271114
968,P67809,Q15366,0.02927560566769844
969,P67809,Q16181,0.04582289673789964
970,P67809,Q3SX28,0.013802202642979999
971,P67809,Q6NZI2,0.028237180797513355
972,P67809,Q71UM5,0.011372832613661857
973,P67809,Q86UP2,0.027750796784016454
974,P67809,Q8IVL6,0.03552556175796631
975,P67809,Q92841,0.03537476017375111
976,P67809,Q96A49,0.009461481309443822
977,P67809,Q96C90,0.014214088054102056
978,P67809,Q99613,0.039270160973793364
979,P67809,Q99879,0.021526933336533768
980,P67809,Q9HBL0,0.027143532976056917
981,P67809,Q9UBR2,0.01375959980916491
982,P67809,Q9UHB9,0.018152638144570302
983,P67809,Q9UKY7,0.018732099651522564
984,P67809,Q9UMX0,0.0198355373697698
985,P67809,Q9UN86,0.00862593415574766
986,P67809,Q9Y5S9,0.06399917799303911
987,P67936,O00629,0.01700359861174706
988,P67936,O15143,0.024324594206835963
989,P67936,O60716,0.023681094541484017
990,P67936,O94925,0.008880056171431068
991,P67936,P05556,0.01256737120624568
992,P67936,P05787,0.013805622411637561
993,P67936,P05976,0.012867397835953292
994,P67936,P13667,0.005924429388339428
995,P67936,P14174,0.009816544955139667
996,P67936,P15374,0.014211634063264216
997,P67936,P16989,0.031942878899230094
998,P67936,P17096,0.018732482263002007
999,P67936,P31949,0.023091327047163355
1000,P67936,P49023,0.035005939493146745
1001,P67936,P49756,0.015425430129275062
1002,P67936,P56192,0.005993632081266844
1003,P67936,P62328,0.05430647279064701
1004,P67936,P62424,0.00857980014087714
1005,P67936,P62854,0.022684677695086593
1006,P67936,P63208,0.03757248797350058
1007,P67936,P67809,0.011308753283006328
1008,P67936,P80723,0.008673914608847696
1009,P67936,Q01995,0.013265582392549321
1010,P67936,Q02790,0.0054809738567305095
1011,P67936,Q07065,0.015403438404488807
1012,P67936,Q07866,0.010137255800274518
1013,P67936,Q07954,0.01275857002329364
1014,P67936,Q14011,0.029335080881885803
1015,P67936,Q15366,0.006854910409636929
1016,P67936,Q16181,0.02467692885484961
1017,P67936,Q3SX28,0.008728972583593314
1018,P67936,Q6NZI2,0.008524632408674335
1019,P67936,Q71UM5,0.005694453817995381
1020,P67936,Q86UP2,0.031625187869890846
1021,P67936,Q8IVL6,0.04121884761773715
1022,P67936,Q92841,0.014694804115047248
1023,P67936,Q96A49,0.027073973869038457
1024,P67936,Q96C90,0.011105390263819312
1025,P67936,Q99613,0.018024624138617794
1026,P67936,Q99879,0.0068059298864076734
1027,P67936,Q9HBL0,0.03846561934750874
1028,P67936,Q9UBR2,0.010213165538694453
1029,P67936,Q9UHB9,0.014944419521763926
1030,P67936,Q9UKY7,0.013217154416528683
1031,P67936,Q9UMX0,0.006567831423109223
1032,P67936,Q9UN86,0.013681870089593708
1033,P67936,Q9Y5S9,0.028884726793087682
1034,P80723,O00629,0.0076997260051247475
1035,P80723,O15143,0.06001855634779471
1036,P80723,O60716,0.02812316837390573
1037,P80723,O94925,0.03905513393852011
1038,P80723,P05556,0.03697496797581826
1039,P80723,P05787,0.012475667709223415
1040,P80723,P05976,0.036617671691018615
1041,P80723,P13667,0.04393811500811689
1042,P80723,P14174,0.012827532495987268
1043,P80723,P15374,0.009153061820400744
1044,P80723,P16989,0.0096039758163626
1045,P80723,P17096,0.011247958831608682
1046,P80723,P31949,0.017329656399766125
1047,P80723,P49023,0.008220725541572172
1048,P80723,P49756,0.00668885677058469
1049,P80723,P56192,0.03425634111481752
1050,P80723,P62328,0.036539934473665145
1051,P80723,P62424,0.035134740372093264
1052,P80723,P62854,0.010611605416533294
1053,P80723,P63208,0.021853356510497576
1054,P80723,P67809,0.011519714514075415
1055,P80723,P67936,0.028037236372633702
1056,P80723,Q01995,0.010470690736222822
1057,P80723,Q02790,0.004795959172024505
1058,P80723,Q07065,0.036101457252919515
1059,P80723,Q07866,0.03174738319471396
1060,P80723,Q07954,0.013802360305125452
1061,P80723,Q14011,0.03019319546077993
1062,P80723,Q15366,0.016186691233125754
1063,P80723,Q16181,0.01882447903948253
1064,P80723,Q3SX28,0.00879739744660367
1065,P80723,Q6NZI2,0.03128293466603311
1066,P80723,Q71UM5,0.02777403187923333
1067,P80723,Q86UP2,0.06962709837958286
1068,P80723,Q8IVL6,0.05044788304865038
1069,P80723,Q92841,0.045192182975267746
1070,P80723,Q96A49,0.055558038750730974
1071,P80723,Q96C90,0.01482585710730601
1072,P80723,Q99613,0.03315710732154642
1073,P80723,Q99879,0.005619205432623243
1074,P80723,Q9HBL0,0.018401561579454856
1075,P80723,Q9UBR2,0.01333369358120885
1076,P80723,Q9UHB9,0.042441012627626
1077,P80723,Q9UKY7,0.04136877854529319
1078,P80723,Q9UMX0,0.006940234816089672
1079,P80723,Q9UN86,0.06066951234494056
1080,P80723,Q9Y5S9,0.005873611012418313
1081,Q01995,O00629,0.04378814487602094
1082,Q01995,O15143,0.01609606905732314
1083,Q01995,O60716,0.00824042351738401
1084,Q01995,O94925,0.009265064993007341
1085,Q01995,P05556,0.009259585506204494
1086,Q01995,P05787,0.01874322846050887
1087,Q01995,P05976,0.010461933614607977
1088,Q01995,P13667,0.019737999791225237
1089,Q01995,P14174,0.04081314724982552
1090,Q01995,P15374,0.016445391218332172
1091,Q01995,P16989,0.0129098829363687
1092,Q01995,P17096,0.018790159191118767
1093,Q01995,P31949,0.015467037940915503
1094,Q01995,P49023,0.014034543587937933
1095,Q01995,P49756,0.04256514435608102
1096,Q01995,P56192,0.0072247203102531014
1097,Q01995,P62328,0.03552413886722738
1098,Q01995,P62424,0.028113991445680088
1099,Q01995,P62854,0.0531813663388988
1100,Q01995,P63208,0.007076905482583908
1101,Q01995,P67809,0.011814355192012602
1102,Q01995,P67936,0.07092902717685592
1103,Q01995,P80723,0.0310737525328797
1104,Q01995,Q02790,0.02788829930748856
1105,Q01995,Q07065,0.05518716251862969
1106,Q01995,Q07866,0.005442762517920759
1107,Q01995,Q07954,0.07445523539287645
1108,Q01995,Q14011,0.023429181701671745
1109,Q01995,Q15366,0.01643813215461028
1110,Q01995,Q16181,0.010175807760697644
1111,Q01995,Q3SX28,0.008914167106641328
1112,Q01995,Q6NZI2,0.007690939998970683
1113,Q01995,Q71UM5,0.017534909343277387
1114,Q01995,Q86UP2,0.022422555374994713
1115,Q01995,Q8IVL6,0.014706603772807674
1116,Q01995,Q92841,0.0064865868891323735
1117,Q01995,Q96A49,0.037705339067582756
1118,Q01995,Q96C90,0.01732479273864324
1119,Q01995,Q99613,0.02553081173560706
1120,Q01995,Q99879,0.027498035966894315
1121,Q01995,Q9HBL0,0.021400420499781313
1122,Q01995,Q9UBR2,0.023516730377872695
1123,Q01995,Q9UHB9,0.01841622886745592
1124,Q01995,Q9UKY7,0.01321028648598921
1125,Q01995,Q9UMX0,0.03808181816591422
1126,Q01995,Q9UN86,0.01577027463834254
1127,Q01995,Q9Y5S9,0.015172581362817579
1128,Q02790,O00629,0.01740301072326329
1129,Q02790,O15143,0.010771015502188262
1130,Q02790,O60716,0.009600762134759574
1131,Q02790,O94925,0.00681985008578815
1132,Q02790,P05556,0.01070759702391692
1133,Q02790,P05787,0.028045094978200572
1134,Q02790,P05976,0.011564224664854449
1135,Q02790,P13667,0.009511368584010669
1136,Q02790,P14174,0.0343870239087657
1137,Q02790,P15374,0.010897453490893296
1138,Q02790,P16989,0.027440750566141085
1139,Q02790,P17096,0.03534806911344364
1140,Q02790,P31949,0.026702550650517576
1141,Q02790,P49023,0.06912629624561858
1142,Q02790,P49756,0.027496081005880958
1143,Q02790,P56192,0.02919009010811515
1144,Q02790,P62328,0.05252593117681867
1145,Q02790,P62424,0.004055932157450591
1146,Q02790,P62854,0.013824801816002055
1147,Q02790,P63208,0.02301632568772429
1148,Q02790,P67809,0.0377778992996456
1149,Q02790,P67936,0.023697831701420844
1150,Q02790,P80723,0.05790624899569823
1151,Q02790,Q01995,0.06762645874696127
1152,Q02790,Q07065,0.01768895762522972
1153,Q02790,Q07866,0.01887199671878915
1154,Q02790,Q07954,0.02065177069104728
1155,Q02790,Q14011,0.013532677530707145
1156,Q02790,Q15366,0.031418961616096905
1157,Q02790,Q16181,0.014961571793988276
1158,Q02790,Q3SX28,0.04847652867806582
1159,Q02790,Q6NZI2,0.006555360544335989
1160,Q02790,Q71UM5,0.03336880376901641
1161,Q02790,Q86UP2,0.006884394198367971
1162,Q02790,Q8IVL6,0.006789778930377013
1163,Q02790,Q92841,0.00842691005352548
1164,Q02790,Q96A49,0.025529694775014912
1165,Q02790,Q96C90,0.02366697189228073
1166,Q02790,Q99613,0.006063924548324328
1167,Q02790,Q99879,0.06751079717244722
1168,Q02790,Q9HBL0,0.024598199211278354
1169,Q02790,Q9UBR2,0.06242669012316887
1170,Q02790,Q9UHB9,0.007974902626851162
1171,Q02790,Q9UKY7,0.006943678233477544
1172,Q02790,Q9UMX0,0.049630974781302156
1173,Q02790,Q9UN86,0.018925136770138552
1174,Q02790,Q9Y5S9,0.014054237353120034
1175,Q07065,O00629,0.013484441277424463
1176,Q07065,O15143,0.016433561521876125
1177,Q07065,O60716,0.008058146716390966
1178,Q07065,O94925,0.018580922107260478
1179,Q07065,P05556,0.010099928212265618
1180,Q07065,P05787,0.13445810592046806
1181,Q07065,P05976,0.008761378449966266
1182,Q07065,P13667,0.02254301494194145
1183,Q07065,P14174,0.026859200463904404
1184,Q07065,P15374,0.18315125781167335
1185,Q07065,P16989,0.025691383343742158
1186,Q07065,P17096,0.01289820718048558
1187,Q07065,P31949,0.020403129832458306
1188,Q07065,P49023,0.04213224136169737
1189,Q07065,P49756,0.007334516873242155
1190,Q07065,P56192,0.02332614287956714
1191,Q07065,P62328,0.046506386466290885
1192,Q07065,P62424,0.032842608291329206
1193,Q07065,P62854,0.014868115157054364
1194,Q07065,P63208,0.020781691967927597
1195,Q07065,P67809,0.014006449676912723
1196,Q07065,P67936,0.01871101203575938
1197,Q07065,P80723,0.024066088922378544
1198,Q07065,Q01995,0.036364547900766674
1199,Q07065,Q02790,0.009816309869730656
1200,Q07065,Q07866,0.006073379899301309
1201,Q07065,Q07954,0.012851311699661524
1202,Q07065,Q14011,0.011810509416483391
1203,Q07065,Q15366,0.013015872415218907
1204,Q07065,Q16181,0.0059635160165004125
1205,Q07065,Q3SX28,0.021084550255614617
1206,Q07065,Q6NZI2,0.01831959088278657
1207,Q07065,Q71UM5,0.014394199839198334
1208,Q07065,Q86UP2,0.016956474033533238
1209,Q07065,Q8IVL6,0.01790801203871651
1210,Q07065,Q92841,0.015642913632209935
1211,Q07065,Q96A49,0.04217880006847818
1212,Q07065,Q96C90,0.07337151998109703
1213,Q07065,Q99613,0.008491977156984794
1214,Q07065,Q99879,0.009464183844947252
1215,Q07065,Q9HBL0,0.018445091222423084
1216,Q07065,Q9UBR2,0.03351840464837514
1217,Q07065,Q9UHB9,0.011984202924215055
1218,Q07065,Q9UKY7,0.047870327556823446
1219,Q07065,Q9UMX0,0.010349357177220818
1220,Q07065,Q9UN86,0.019197525197897445
1221,Q07065,Q9Y5S9,0.01604970244891193
1222,Q07866,O00629,0.008210965574348479
1223,Q07866,O15143,0.012553183731712249
1224,Q07866,O60716,0.014748431290619746
1225,Q07866,O94925,0.018126322246454284
1226,Q07866,P05556,0.03155697039663661
1227,Q07866,P05787,0.011491040483564707
1228,Q07866,P05976,0.00993126739614181
1229,Q07866,P13667,0.008584590162585616
1230,Q07866,P14174,0.014274885938345697
1231,Q07866,P15374,0.005415419671876923
1232,Q07866,P16989,0.028636538722671762
1233,Q07866,P17096,0.08073056073123051
1234,Q07866,P31949,0.008515178051833822
1235,Q07866,P49023,0.020592904784269585
1236,Q07866,P49756,0.009404092783483139
1237,Q07866,P56192,0.052930422058189874
1238,Q07866,P62328,0.022088478071429322
1239,Q07866,P62424,0.004470708923938191
1240,Q07866,P62854,0.005593049111848208
1241,Q07866,P63208,0.03438557681277828
1242,Q07866,P67809,0.23763446057433613
1243,Q07866,P67936,0.019270972305827954
1244,Q07866,P80723,0.02826207897337842
1245,Q07866,Q01995,0.03971397565920051
1246,Q07866,Q02790,0.019434655876462596
1247,Q07866,Q07065,0.07052617654923321
1248,Q07866,Q07954,0.006890390003587631
1249,Q07866,Q14011,0.00934840332238238
1250,Q07866,Q15366,0.013716655497961468
1251,Q07866,Q16181,0.016518929427786874
1252,Q07866,Q3SX28,0.2132398785654525
1253,Q07866,Q6NZI2,0.01134608983771455
1254,Q07866,Q71UM5,0.05175996008302896
1255,Q07866,Q86UP2,0.005951846089015909
1256,Q07866,Q8IVL6,0.007276192635030755
1257,Q07866,Q92841,0.015180220808093456
1258,Q07866,Q96A49,0.00372210231112392
1259,Q07866,Q96C90,0.025663755074746185
1260,Q07866,Q99613,0.004811497676060453
1261,Q07866,Q99879,0.020498883313362904
1262,Q07866,Q9HBL0,0.029148876353138675
1263,Q07866,Q9UBR2,0.040143131545071126
1264,Q07866,Q9UHB9,0.018075823018051874
1265,Q07866,Q9UKY7,0.006986289173565491
1266,Q07866,Q9UMX0,0.021283181964222693
1267,Q07866,Q9UN86,0.021759748563323952
1268,Q07866,Q9Y5S9,0.03645902880020997
1269,Q07954,O00629,0.04474628229296273
1270,Q07954,O15143,0.012396596226332955
1271,Q07954,O60716,0.013978357118024453
1272,Q07954,O94925,0.007833805512762375
1273,Q07954,P05556,0.013863969632628214
1274,Q07954,P05787,0.019288344161500902
1275,Q07954,P05976,0.019485599721321
1276,Q07954,P13667,0.009636013505156265
1277,Q07954,P14174,0.046206422599568794
1278,Q07954,P15374,0.015801842976531165
1279,Q07954,P16989,0.024932182413321555
1280,Q07954,P17096,0.02896672523021298
1281,Q07954,P31949,0.032620807995472074
1282,Q07954,P49023,0.0669954565281911
1283,Q07954,P49756,0.05821734565266064
1284,Q07954,P56192,0.00857596291679331
1285,Q07954,P62328,0.03995514196784906
1286,Q07954,P62424,0.02458943072652398
1287,Q07954,P62854,0.052429404107945714
1288,Q07954,P63208,0.017691574802537927
1289,Q07954,P67809,0.015255332353794409
1290,Q07954,P67936,0.014433461361050434
1291,Q07954,P80723,0.040044479788864065
1292,Q07954,Q01995,0.0313736728125209
1293,Q07954,Q02790,0.050484622239826235
1294,Q07954,Q07065,0.015031766055010038
1295,Q07954,Q07866,0.012284236667825807
1296,Q07954,Q14011,0.006047521304595589
1297,Q07954,Q15366,0.03707331627323129
1298,Q07954,Q16181,0.013511192931184475
1299,Q07954,Q3SX28,0.02271903685920088
1300,Q07954,Q6NZI2,0.011393710912213405
1301,Q07954,Q71UM5,0.016285143933935212
1302,Q07954,Q86UP2,0.016787741727008143
1303,Q07954,Q8IVL6,0.010326157506781123
1304,Q07954,Q92841,0.012981599072594387
1305,Q07954,Q96A49,0.0312144246763504
1306,Q07954,Q96C90,0.00873841254044024
1307,Q07954,Q99613,0.024851585891794304
1308,Q07954,Q99879,0.060609763842844694
1309,Q07954,Q9HBL0,0.019778677287133874
1310,Q07954,Q9UBR2,0.04119475241051368
1311,Q07954,Q9UHB9,0.01954725208758489
1312,Q07954,Q9UKY7,0.0058022433329645105
1313,Q07954,Q9UMX0,0.03844214563546552
1314,Q07954,Q9UN86,0.0075820203378612816
1315,Q07954,Q9Y5S9,0.014976768121246313
1316,Q14011,O00629,0.009828809325640913
1317,Q14011,O15143,0.04760904622671721
1318,Q14011,O60716,0.038985117185210624
1319,Q14011,O94925,0.026226317601681717
1320,Q14011,P05556,0.02919484355241973
1321,Q14011,P05787,0.009172767599100282
1322,Q14011,P05976,0.036620730197401474
1323,Q14011,P13667,0.01749441552640642
1324,Q14011,P14174,0.014603257306785121
1325,Q14011,P15374,0.005540578724816925
1326,Q14011,P16989,0.022794660937397695
1327,Q14011,P17096,0.012314838430298401
1328,Q14011,P31949,0.010200984551394697
1329,Q14011,P49023,0.012754092680013051
1330,Q14011,P49756,0.007638044031946626
1331,Q14011,P56192,0.010658722419303298
1332,Q14011,P62328,0.039624701337773315
1333,Q14011,P62424,0.014906413810468816
1334,Q14011,P62854,0.009831244159494473
1335,Q14011,P63208,0.03246923852434924
1336,Q14011,P67809,0.006757110164786963
1337,Q14011,P67936,0.019949680931705273
1338,Q14011,P80723,0.009664255035790182
1339,Q14011,Q01995,0.011982008290667662
1340,Q14011,Q02790,0.014186460448116158
1341,Q14011,Q07065,0.018478704202720585
1342,Q14011,Q07866,0.030444835753963655
1343,Q14011,Q07954,0.014278491454154342
1344,Q14011,Q15366,0.02546707899821723
1345,Q14011,Q16181,0.04113848765752693
1346,Q14011,Q3SX28,0.007464282638746998
1347,Q14011,Q6NZI2,0.027366547596531295
1348,Q14011,Q71UM5,0.008758758490100327
1349,Q14011,Q86UP2,0.07151224296337184
1350,Q14011,Q8IVL6,0.03715617793289442
1351,Q14011,Q92841,0.02736251971513185
1352,Q14011,Q96A49,0.03264313626419082
1353,Q14011,Q96C90,0.0076279934564821355
1354,Q14011,Q99613,0.01930755066582332
1355,Q14011,Q99879,0.015183644687965342
1356,Q14011,Q9HBL0,0.02973935731091488
1357,Q14011,Q9UBR2,0.012701614456112908
1358,Q14011,Q9UHB9,0.014518652266810386
1359,Q14011,Q9UKY7,0.012975749866179425
1360,Q14011,Q9UMX0,0.01763648902595444
1361,Q14011,Q9UN86,0.021181659188950232
1362,Q14011,Q9Y5S9,0.017703146557740846
1363,Q15366,O00629,0.008824124019891934
1364,Q15366,O15143,0.011061855955745005
1365,Q15366,O60716,0.012054421638120788
1366,Q15366,O94925,0.009086253627199017
1367,Q15366,P05556,0.014223930703503295
1368,Q15366,P05787,0.010683066051342092
1369,Q15366,P05976,0.010500446374903166
1370,Q15366,P13667,0.019883259746487962
1371,Q15366,P14174,0.010068968397461625
1372,Q15366,P15374,0.0064572768961370305
1373,Q15366,P16989,0.019962525515482207
1374,Q15366,P17096,0.01771066431434791
1375,Q15366,P31949,0.015936721694415047
1376,Q15366,P49023,0.01083492908684744
1377,Q15366,P49756,0.00822282247183125
1378,Q15366,P56192,0.026712667237764474
1379,Q15366,P62328,0.009737477796797761
1380,Q15366,P62424,0.0033715913483555104
1381,Q15366,P62854,0.006866618341933764
1382,Q15366,P63208,0.03102188990659547
1383,Q15366,P67809,0.011943156572176703
1384,Q15366,P67936,0.0038029290658198934
1385,Q15366,P80723,0.014121209783106005
1386,Q15366,Q01995,0.015207086117464902
1387,Q15366,Q02790,0.01697939221771681
1388,Q15366,Q07065,0.010880656316549952
1389,Q15366,Q07866,0.02693395270945179
1390,Q15366,Q07954,0.00732416295075917
1391,Q15366,Q14011,0.011416778337285534
1392,Q15366,Q16181,0.018421154040395675
1393,Q15366,Q3SX28,0.012143768397185976
1394,Q15366,Q6NZI2,0.03872405954963306
1395,Q15366,Q71UM5,0.03467092248284486
1396,Q15366,Q86UP2,0.0036371998013943574
1397,Q15366,Q8IVL6,0.0066363632286314264
1398,Q15366,Q92841,0.011143853218756898
1399,Q15366,Q96A49,0.0035972035046408484
1400,Q15366,Q96C90,0.028106153799935474
1401,Q15366,Q99613,0.005419677515093962
1402,Q15366,Q99879,0.014641777033783937
1403,Q15366,Q9HBL0,0.023906322775878952
1404,Q15366,Q9UBR2,0.012696652368751685
1405,Q15366,Q9UHB9,0.012677949723631543
1406,Q15366,Q9UKY7,0.017704712048517417
1407,Q15366,Q9UMX0,0.01265958665578925
1408,Q15366,Q9UN86,0.01233425040257324
1409,Q15366,Q9Y5S9,0.023442994698925367
1410,Q16181,O00629,0.038743216984577916
1411,Q16181,O15143,0.009989427053386119
1412,Q16181,O60716,0.03726546171540419
1413,Q16181,O94925,0.024891700966456723
1414,Q16181,P05556,0.028755729156539813
1415,Q16181,P05787,0.01741785637684484
1416,Q16181,P05976,0.03809994737061301
1417,Q16181,P13667,0.012638789751967324
1418,Q16181,P14174,0.029103779932413417
1419,Q16181,P15374,0.013027197283781872
1420,Q16181,P16989,0.02073412647672098
1421,Q16181,P17096,0.015709353699625547
1422,Q16181,P31949,0.013863093053578968
1423,Q16181,P49023,0.013537627634191559
1424,Q16181,P49756,0.03388088315744021
1425,Q16181,P56192,0.0130062289889092
1426,Q16181,P62328,0.00907987789812752
1427,Q16181,P62424,0.027897691427631696
1428,Q16181,P62854,0.03517827987579957
1429,Q16181,P63208,0.01886986195491388
1430,Q16181,P67809,0.010687807390185357
1431,Q16181,P67936,0.0063096368236864086
1432,Q16181,P80723,0.03015397429215844
1433,Q16181,Q01995,0.01857500776480712
1434,Q16181,Q02790,0.04446077649868829
1435,Q16181,Q07065,0.005237162861804768
1436,Q16181,Q07866,0.031723965743359735
1437,Q16181,Q07954,0.027230746288975895
1438,Q16181,Q14011,0.0077127051467546105
1439,Q16181,Q15366,0.04256407103093544
1440,Q16181,Q3SX28,0.011419302213080695
1441,Q16181,Q6NZI2,0.027179383374212263
1442,Q16181,Q71UM5,0.012644716429160738
1443,Q16181,Q86UP2,0.01611965397187567
1444,Q16181,Q8IVL6,0.017822046954505785
1445,Q16181,Q92841,0.025394217377930448
1446,Q16181,Q96A49,0.010630782564194734
1447,Q16181,Q96C90,0.00785330516866429
1448,Q16181,Q99613,0.03479505077821773
1449,Q16181,Q99879,0.040133546692682105
1450,Q16181,Q9HBL0,0.027334621838375185
1451,Q16181,Q9UBR2,0.02427208318015377
1452,Q16181,Q9UHB9,0.021474696338644055
1453,Q16181,Q9UKY7,0.010229219329875656
1454,Q16181,Q9UMX0,0.03816375271175788
1455,Q16181,Q9UN86,0.0067842979389840475
1456,Q16181,Q9Y5S9,0.025569607700609037
1457,Q3SX28,O00629,0.008406304080357719
1458,Q3SX28,O15143,0.01068029500599657
1459,Q3SX28,O60716,0.005951859294807001
1460,Q3SX28,O94925,0.006886344977759532
1461,Q3SX28,P05556,0.015996789662705527
1462,Q3SX28,P05787,0.019708870977402506
1463,Q3SX28,P05976,0.01845466887031433
1464,Q3SX28,P13667,0.01144947794545142
1465,Q3SX28,P14174,0.00785006802493107
1466,Q3SX28,P15374,0.004724510904001854
1467,Q3SX28,P16989,0.026531868922815064
1468,Q3SX28,P17096,0.015296782102099933
1469,Q3SX28,P31949,0.018424275493510535
1470,Q3SX28,P49023,0.018056633802786895
1471,Q3SX28,P49756,0.005274340134373769
1472,Q3SX28,P56192,0.006483644616175642
1473,Q3SX28,P62328,0.04257012462834477
1474,Q3SX28,P62424,0.003853164661132868
1475,Q3SX28,P62854,0.004207136230025011
1476,Q3SX28,P63208,0.022426260033821418
1477,Q3SX28,P67809,0.01953381322355159
1478,Q3SX28,P67936,0.07867710081459887
1479,Q3SX28,P80723,0.013481879494285589
1480,Q3SX28,Q01995,0.02429813725563186
1481,Q3SX28,Q02790,0.00584394340563109
1482,Q3SX28,Q07065,0.042669015198070814
1483,Q3SX28,Q07866,0.01947176036487706
1484,Q3SX28,Q07954,0.03454985777359733
1485,Q3SX28,Q14011,0.08768759764654763
1486,Q3SX28,Q15366,0.009679695021061415
1487,Q3SX28,Q16181,0.0038230752786388702
1488,Q3SX28,Q6NZI2,0.008687608841112823
1489,Q3SX28,Q71UM5,0.013525755166551334
1490,Q3SX28,Q86UP2,0.008435187380845333
1491,Q3SX28,Q8IVL6,0.007054457733943787
1492,Q3SX28,Q92841,0.011558614440911897
1493,Q3SX28,Q96A49,0.025748504963289107
1494,Q3SX28,Q96C90,0.006570590496005414
1495,Q3SX28,Q99613,0.012861344292299962
1496,Q3SX28,Q99879,0.012724753305401503
1497,Q3SX28,Q9HBL0,0.04476876117105563
1498,Q3SX28,Q9UBR2,0.01339126994105926
1499,Q3SX28,Q9UHB9,0.014392954109391221
1500,Q3SX28,Q9UKY7,0.004207494722998717
1501,Q3SX28,Q9UMX0,0.017350509453560533
1502,Q3SX28,Q9UN86,0.026032717392057758
1503,Q3SX28,Q9Y5S9,0.019703799693274925
1504,Q6NZI2,O00629,0.007881926137337302
1505,Q6NZI2,O15143,0.009451466135153692
1506,Q6NZI2,O60716,0.03842905175664791
1507,Q6NZI2,O94925,0.02410136842905868
1508,Q6NZI2,P05556,0.031455998139595084
1509,Q6NZI2,P05787,0.011284736714832518
1510,Q6NZI2,P05976,0.03445980824274238
1511,Q6NZI2,P13667,0.02210871087492585
1512,Q6NZI2,P14174,0.0034346411635953304
1513,Q6NZI2,P15374,0.012010127613325023
1514,Q6NZI2,P16989,0.027246567375438645
1515,Q6NZI2,P17096,0.03716891503916155
1516,Q6NZI2,P31949,0.02175516748840023
1517,Q6NZI2,P49023,0.016549575377039903
1518,Q6NZI2,P49756,0.007389552184285626
1519,Q6NZI2,P56192,0.028360458143569894
1520,Q6NZI2,P62328,0.017731815930221058
1521,Q6NZI2,P62424,0.00977914529007181
1522,Q6NZI2,P62854,0.004014294504512909
1523,Q6NZI2,P63208,0.02167730178874704
1524,Q6NZI2,P67809,0.013177360947234098
1525,Q6NZI2,P67936,0.008448413539340215
1526,Q6NZI2,P80723,0.008924682844608284
1527,Q6NZI2,Q01995,0.006176618711433381
1528,Q6NZI2,Q02790,0.013795150488904938
1529,Q6NZI2,Q07065,0.015479703535423736
1530,Q6NZI2,Q07866,0.03235333889996908
1531,Q6NZI2,Q07954,0.006639314447661672
1532,Q6NZI2,Q14011,0.013152170349371842
1533,Q6NZI2,Q15366,0.023158167640811418
1534,Q6NZI2,Q16181,0.040928710700429444
1535,Q6NZI2,Q3SX28,0.011307599599875855
1536,Q6NZI2,Q71UM5,0.009958813786550834
1537,Q6NZI2,Q86UP2,0.008237653565624706
1538,Q6NZI2,Q8IVL6,0.01495874740298781
1539,Q6NZI2,Q92841,0.02529024423169131
1540,Q6NZI2,Q96A49,0.013448643587429043
1541,Q6NZI2,Q96C90,0.05506333336837334
1542,Q6NZI2,Q99613,0.01754874838532412
1543,Q6NZI2,Q99879,0.012638818419098575
1544,Q6NZI2,Q9HBL0,0.0251180253166875
1545,Q6NZI2,Q9UBR2,0.005451174375128899
1546,Q6NZI2,Q9UHB9,0.013668588766991688
1547,Q6NZI2,Q9UKY7,0.013499400827603038
1548,Q6NZI2,Q9UMX0,0.01397101656101029
1549,Q6NZI2,Q9UN86,0.008848181739848741
1550,Q6NZI2,Q9Y5S9,0.01772143084755145
1551,Q71UM5,O00629,0.03783279142604651
1552,Q71UM5,O15143,0.007440173588661861
1553,Q71UM5,O60716,0.011013569380701556
1554,Q71UM5,O94925,0.005520088575527893
1555,Q71UM5,P05556,0.016188932175526364
1556,Q71UM5,P05787,0.007892665067626932
1557,Q71UM5,P05976,0.013137840689204285
1558,Q71UM5,P13667,0.006940847651988867
1559,Q71UM5,P14174,0.03094981236576434
1560,Q71UM5,P15374,0.017011634569525584
1561,Q71UM5,P16989,0.010955007996630139
1562,Q71UM5,P17096,0.009032151933112478
1563,Q71UM5,P31949,0.0574640107768937
1564,Q71UM5,P49023,0.014571223017768416
1565,Q71UM5,P49756,0.04980673102684209
1566,Q71UM5,P56192,0.006622593486682257
1567,Q71UM5,P62328,0.005672900087139362
1568,Q71UM5,P62424,0.020567213917601926
1569,Q71UM5,P62854,0.04173661888105729
1570,Q71UM5,P63208,0.012503610197728119
1571,Q71UM5,P67809,0.008000139312721135
1572,Q71UM5,P67936,0.002682760740350247
1573,Q71UM5,P80723,0.015751723706354998
1574,Q71UM5,Q01995,0.012363180353228184
1575,Q71UM5,Q02790,0.01312838196484165
1576,Q71UM5,Q07065,0.009437084278391324
1577,Q71UM5,Q07866,0.011314572451611285
1578,Q71UM5,Q07954,0.020292440006701603
1579,Q71UM5,Q14011,0.009856452490137403
1580,Q71UM5,Q15366,0.014234177154565009
1581,Q71UM5,Q16181,0.011664392537005226
1582,Q71UM5,Q3SX28,0.0065990616772304625
1583,Q71UM5,Q6NZI2,0.013331622462226316
1584,Q71UM5,Q86UP2,0.015226168185989162
1585,Q71UM5,Q8IVL6,0.01744539041029916
1586,Q71UM5,Q92841,0.009748938315469802
1587,Q71UM5,Q96A49,0.006937306337351646
1588,Q71UM5,Q96C90,0.009214503948611296
1589,Q71UM5,Q99613,0.03839854311362928
1590,Q71UM5,Q99879,0.014177805169710508
1591,Q71UM5,Q9HBL0,0.012156160666762752
1592,Q71UM5,Q9UBR2,0.0183167728620088
1593,Q71UM5,Q9UHB9,0.028324896774142027
1594,Q71UM5,Q9UKY7,0.005214341323659547
1595,Q71UM5,Q9UMX0,0.013170816472553328
1596,Q71UM5,Q9UN86,0.017933245493524392
1597,Q71UM5,Q9Y5S9,0.01733538542211687
1598,Q86UP2,O00629,0.03790182771413926
1599,Q86UP2,O15143,0.02424919370931281
1600,Q86UP2,O60716,0.03955600434295297
1601,Q86UP2,O94925,0.05000989676603611
1602,Q86UP2,P05556,0.03437885406458644
1603,Q86UP2,P05787,0.019078870381136617
1604,Q86UP2,P05976,0.03915855416422158
1605,Q86UP2,P13667,0.035902541670745226
1606,Q86UP2,P14174,0.01625320126063423
1607,Q86UP2,P15374,0.01086060793822285
1608,Q86UP2,P16989,0.024999963112880497
1609,Q86UP2,P17096,0.03509384343546094
1610,Q86UP2,P31949,0.015475408555117951
1611,Q86UP2,P49023,0.01457861240018841
1612,Q86UP2,P49756,0.033046632004477175
1613,Q86UP2,P56192,0.0439167816699641
1614,Q86UP2,P62328,0.00803958637078218
1615,Q86UP2,P62424,0.04147172457731045
1616,Q86UP2,P62854,0.03137111817798927
1617,Q86UP2,P63208,0.009480157968825276
1618,Q86UP2,P67809,0.0261006926965812
1619,Q86UP2,P67936,0.016971040402626928
1620,Q86UP2,P80723,0.031238376018275584
1621,Q86UP2,Q01995,0.01757742303599258
1622,Q86UP2,Q02790,0.044922234448319456
1623,Q86UP2,Q07065,0.009442853239736173
1624,Q86UP2,Q07866,0.031498171106923135
1625,Q86UP2,Q07954,0.024118396456702617
1626,Q86UP2,Q14011,0.015496528704713679
1627,Q86UP2,Q15366,0.04265759647134377
1628,Q86UP2,Q16181,0.04181020845661687
1629,Q86UP2,Q3SX28,0.019615739699955906
1630,Q86UP2,Q6NZI2,0.03044649741009395
1631,Q86UP2,Q71UM5,0.015050232034561191
1632,Q86UP2,Q8IVL6,0.030764690610888178
1633,Q86UP2,Q92841,0.05248413626020223
1634,Q86UP2,Q96A49,0.03286629076347748
1635,Q86UP2,Q96C90,0.023961132343300117
1636,Q86UP2,Q99613,0.036976321413800355
1637,Q86UP2,Q99879,0.04219009568912567
1638,Q86UP2,Q9HBL0,0.014746698757422107
1639,Q86UP2,Q9UBR2,0.017062140723287558
1640,Q86UP2,Q9UHB9,0.013895163655720454
1641,Q86UP2,Q9UKY7,0.03900693795736262
1642,Q86UP2,Q9UMX0,0.03801034090946121
1643,Q86UP2,Q9UN86,0.006553334063202817
1644,Q86UP2,Q9Y5S9,0.05739131198924476
1645,Q8IVL6,O00629,0.016347185169450447
1646,Q8IVL6,O15143,0.007794176700609776
1647,Q8IVL6,O60716,0.036911588303937336
1648,Q8IVL6,O94925,0.03983826274371254
1649,Q8IVL6,P05556,0.03129628032729659
1650,Q8IVL6,P05787,0.01218329367444187
1651,Q8IVL6,P05976,0.033224706118809996
1652,Q8IVL6,P13667,0.013046342102180473
1653,Q8IVL6,P14174,0.009676652908005417
1654,Q8IVL6,P15374,0.006541248828603703
1655,Q8IVL6,P16989,0.01915926730523584
1656,Q8IVL6,P17096,0.008257375420817824
1657,Q8IVL6,P31949,0.009264920836653374
1658,Q8IVL6,P49023,0.009098457846341532
1659,Q8IVL6,P49756,0.014329212097205238
1660,Q8IVL6,P56192,0.015027365144446189
1661,Q8IVL6,P62328,0.00926173454103543
1662,Q8IVL6,P62424,0.013109263390690835
1663,Q8IVL6,P62854,0.013981285374879535
1664,Q8IVL6,P63208,0.021785446579407043
1665,Q8IVL6,P67809,0.005944210883406035
1666,Q8IVL6,P67936,0.005641279608215834
1667,Q8IVL6,P80723,0.014548878107979411
1668,Q8IVL6,Q01995,0.0083888544064563
1669,Q8IVL6,Q02790,0.026494672545882798
1670,Q8IVL6,Q07065,0.017001216622330416
1671,Q8IVL6,Q07866,0.048638824831871215
1672,Q8IVL6,Q07954,0.010301791705176524
1673,Q8IVL6,Q14011,0.010645488187101166
1674,Q8IVL6,Q15366,0.03370975676318839
1675,Q8IVL6,Q16181,0.038441668411094136
1676,Q8IVL6,Q3SX28,0.008748842288315895
1677,Q8IVL6,Q6NZI2,0.034813129768915624
1678,Q8IVL6,Q71UM5,0.010800505019106257
1679,Q8IVL6,Q86UP2,0.010302574470061545
1680,Q8IVL6,Q92841,0.0255033279519605
1681,Q8IVL6,Q96A49,0.009633477180431825
1682,Q8IVL6,Q96C90,0.023874311162398805
1683,Q8IVL6,Q99613,0.021363423866744054
1684,Q8IVL6,Q99879,0.024361384176423712
1685,Q8IVL6,Q9HBL0,0.022432674285885742
1686,Q8IVL6,Q9UBR2,0.00882297071456277
1687,Q8IVL6,Q9UHB9,0.010536129911891916
1688,Q8IVL6,Q9UKY7,0.0466510146535611
1689,Q8IVL6,Q9UMX0,0.022235769366290174
1690,Q8IVL6,Q9UN86,0.005739042208977644
1691,Q8IVL6,Q9Y5S9,0.01858843328854921
1692,Q92841,O00629,0.01665694777991385
1693,Q92841,O15143,0.006419829118288506
1694,Q92841,O60716,0.027531336921878584
1695,Q92841,O94925,0.01952145710366149
1696,Q92841,P05556,0.019502972206541958
1697,Q92841,P05787,0.01593753893569063
1698,Q92841,P05976,0.021775456328011006
1699,Q92841,P13667,0.006297953964827046
1700,Q92841,P14174,0.022267911390728156
1701,Q92841,P15374,0.007823730724353894
1702,Q92841,P16989,0.01902233141080469
1703,Q92841,P17096,0.032931154442311775
1704,Q92841,P31949,0.009039399149751689
1705,Q92841,P49023,0.010868279462160662
1706,Q92841,P49756,0.015733951221262893
1707,Q92841,P56192,0.01942143567371595
1708,Q92841,P62328,0.019722058261650074
1709,Q92841,P62424,0.014840263646082092
1710,Q92841,P62854,0.017362087883701433
1711,Q92841,P63208,0.0219510280355725
1712,Q92841,P67809,0.021062719133562342
1713,Q92841,P67936,0.009719732519907086
1714,Q92841,P80723,0.03477172090628067
1715,Q92841,Q01995,0.028933844455227623
1716,Q92841,Q02790,0.048067164313450185
1717,Q92841,Q07065,0.010605236491363646
1718,Q92841,Q07866,0.01561140818250673
1719,Q92841,Q07954,0.01874363003458548
1720,Q92841,Q14011,0.007630911690662456
1721,Q92841,Q15366,0.0363564812631745
1722,Q92841,Q16181,0.03839796282118016
1723,Q92841,Q3SX28,0.021981747803529277
1724,Q92841,Q6NZI2,0.042792625318815995
1725,Q92841,Q71UM5,0.010779380061794342
1726,Q92841,Q86UP2,0.007564795284626319
1727,Q92841,Q8IVL6,0.010743113907545832
1728,Q92841,Q96A49,0.004781026763735114
1729,Q92841,Q96C90,0.004198047075029723
1730,Q92841,Q99613,0.010638237715463803
1731,Q92841,Q99879,0.035755098799865916
1732,Q92841,Q9HBL0,0.02729188168388975
1733,Q92841,Q9UBR2,0.025242034950604866
1734,Q92841,Q9UHB9,0.014868013443635492
1735,Q92841,Q9UKY7,0.015142977730525059
1736,Q92841,Q9UMX0,0.038887669523526715
1737,Q92841,Q9UN86,0.005553419749063573
1738,Q92841,Q9Y5S9,0.029659179694964254
1739,Q96A49,O00629,0.019388527853957168
1740,Q96A49,O15143,0.02033258302577701
1741,Q96A49,O60716,0.018717255517531513
1742,Q96A49,O94925,0.030071833796157854
1743,Q96A49,P05556,0.010078818242475444
1744,Q96A49,P05787,0.12437526870544156
1745,Q96A49,P05976,0.015141904742426836
1746,Q96A49,P13667,0.027709021026764747
1747,Q96A49,P14174,0.029462116428826818
1748,Q96A49,P15374,0.18835614585904215
1749,Q96A49,P16989,0.05855421876472075
1750,Q96A49,P17096,0.008554787669659105
1751,Q96A49,P31949,0.07255230037104105
1752,Q96A49,P49023,0.08172780702785118
1753,Q96A49,P49756,0.022313523709508717
1754,Q96A49,P56192,0.01498294901081609
1755,Q96A49,P62328,0.02907624890943189
1756,Q96A49,P62424,0.039660962123876375
1757,Q96A49,P62854,0.02310445106602244
1758,Q96A49,P63208,0.03529776931141562
1759,Q96A49,P67809,0.025148159739967584
1760,Q96A49,P67936,0.014865844530920944
1761,Q96A49,P80723,0.014454143667079483
1762,Q96A49,Q01995,0.035653757348782886
1763,Q96A49,Q02790,0.006822418367768412
1764,Q96A49,Q07065,0.010601367911595798
1765,Q96A49,Q07866,0.0264143538705759
1766,Q96A49,Q07954,0.01213108209949583
1767,Q96A49,Q14011,0.01158745525888215
1768,Q96A49,Q15366,0.008776735503450829
1769,Q96A49,Q16181,0.010880618775181013
1770,Q96A49,Q3SX28,0.035827477981727286
1771,Q96A49,Q6NZI2,0.019173847265841332
1772,Q96A49,Q71UM5,0.011799915524009883
1773,Q96A49,Q86UP2,0.012870687385730217
1774,Q96A49,Q8IVL6,0.022646176934465297
1775,Q96A49,Q92841,0.025135411182213695
1776,Q96A49,Q96C90,0.0655682272634138
1777,Q96A49,Q99613,0.02114840315378459
1778,Q96A49,Q99879,0.00800554949956204
1779,Q96A49,Q9HBL0,0.03340872446888156
1780,Q96A49,Q9UBR2,0.03263314692915484
1781,Q96A49,Q9UHB9,0.018974518379548812
1782,Q96A49,Q9UKY7,0.038806756030733566
1783,Q96A49,Q9UMX0,0.005132557778794577
1784,Q96A49,Q9UN86,0.018761174559872577
1785,Q96A49,Q9Y5S9,0.022211990677293045
1786,Q96C90,O00629,0.011109710554806387
1787,Q96C90,O15143,0.011744220917381655
1788,Q96C90,O60716,0.02417682621030564
1789,Q96C90,O94925,0.021831129464066366
1790,Q96C90,P05556,0.03082913408340846
1791,Q96C90,P05787,0.014077985090648183
1792,Q96C90,P05976,0.035374510531575226
1793,Q96C90,P13667,0.026256580808655956
1794,Q96C90,P14174,0.003996176474764585
1795,Q96C90,P15374,0.023896304370827477
1796,Q96C90,P16989,0.05376794869770796
1797,Q96C90,P17096,0.015257253910335262
1798,Q96C90,P31949,0.02493019549441823
1799,Q96C90,P49023,0.0389915608069007
1800,Q96C90,P49756,0.0065687977137252026
1801,Q96C90,P56192,0.017546244661326347
1802,Q96C90,P62328,0.021927881390684106
1803,Q96C90,P62424,0.010294774398711754
1804,Q96C90,P62854,0.004607602882587986
1805,Q96C90,P63208,0.03103204670127607
1806,Q96C90,P67809,0.007310308523126551
1807,Q96C90,P67936,0.02847894547250895
1808,Q96C90,P80723,0.006378257346725328
1809,Q96C90,Q01995,0.0091970754891872
1810,Q96C90,Q02790,0.007391555982233405
1811,Q96C90,Q07065,0.015299753441954882
1812,Q96C90,Q07866,0.03323902497098741
1813,Q96C90,Q07954,0.008181246615113083
1814,Q96C90,Q14011,0.03289020866141133
1815,Q96C90,Q15366,0.017483551909089793
1816,Q96C90,Q16181,0.01428014851155414
1817,Q96C90,Q3SX28,0.00638395955149103
1818,Q96C90,Q6NZI2,0.029485703525107498
1819,Q96C90,Q71UM5,0.007029332121104713
1820,Q96C90,Q86UP2,0.005095802322362419
1821,Q96C90,Q8IVL6,0.011101681116006604
1822,Q96C90,Q92841,0.025245674615228343
1823,Q96C90,Q96A49,0.014402482877965282
1824,Q96C90,Q99613,0.02367299983599775
1825,Q96C90,Q99879,0.006338795787327321
1826,Q96C90,Q9HBL0,0.03550129836505496
1827,Q96C90,Q9UBR2,0.006493892347500742
1828,Q96C90,Q9UHB9,0.009748278732390998
1829,Q96C90,Q9UKY7,0.013197434571106977
1830,Q96C90,Q9UMX0,0.008943956721008773
1831,Q96C90,Q9UN86,0.015148202856717913
1832,Q96C90,Q9Y5S9,0.016635375771606408
1833,Q99613,O00629,0.03648427902637625
1834,Q99613,O15143,0.027060026266917215
1835,Q99613,O60716,0.039560163898661335
1836,Q99613,O94925,0.05025765716991873
1837,Q99613,P05556,0.030780177152750735
1838,Q99613,P05787,0.021179308095229395
1839,Q99613,P05976,0.03835976329959687
1840,Q99613,P13667,0.038851254346401895
1841,Q99613,P14174,0.028716230686085364
1842,Q99613,P15374,0.015497395673459808
1843,Q99613,P16989,0.010115146476326393
1844,Q99613,P17096,0.017087937820434704
1845,Q99613,P31949,0.01469590563591676
1846,Q99613,P49023,0.00954154263860702
1847,Q99613,P49756,0.03417719303498643
1848,Q99613,P56192,0.03530878726017384
1849,Q99613,P62328,0.00803876239580784
1850,Q99613,P62424,0.04934003925421215
1851,Q99613,P62854,0.03667439055316262
1852,Q99613,P63208,0.009538017204964092
1853,Q99613,P67809,0.009624383480762316
1854,Q99613,P67936,0.0170914351627603
1855,Q99613,P80723,0.031519961929614336
1856,Q99613,Q01995,0.01788988699738345
1857,Q99613,Q02790,0.04621498494847204
1858,Q99613,Q07065,0.005939261316038271
1859,Q99613,Q07866,0.03001318679873412
1860,Q99613,Q07954,0.027703479771487485
1861,Q99613,Q14011,0.010730249462967871
1862,Q99613,Q15366,0.04410074421954196
1863,Q99613,Q16181,0.04428932531174887
1864,Q99613,Q3SX28,0.011350095477711273
1865,Q99613,Q6NZI2,0.030596156544545977
1866,Q99613,Q71UM5,0.01486167080688085
1867,Q99613,Q86UP2,0.018980434182518425
1868,Q99613,Q8IVL6,0.030127513536013166
1869,Q99613,Q92841,0.04366237585754467
1870,Q99613,Q96A49,0.03515826036409138
1871,Q99613,Q96C90,0.017494584507889457
1872,Q99613,Q99879,0.04053293927325838
1873,Q99613,Q9HBL0,0.012373078193486573
1874,Q99613,Q9UBR2,0.024090784935220495
1875,Q99613,Q9UHB9,0.02060804276205249
1876,Q99613,Q9UKY7,0.03861902647189582
1877,Q99613,Q9UMX0,0.03687585003273329
1878,Q99613,Q9UN86,0.006750699035115792
1879,Q99613,Q9Y5S9,0.015705636632717252
1880,Q99879,O00629,0.01195376036072349
1881,Q99879,O15143,0.007391468899086699
1882,Q99879,O60716,0.010103720978783932
1883,Q99879,O94925,0.007830134230861966
1884,Q99879,P05556,0.02002955266202656
1885,Q99879,P05787,0.04911897959219462
1886,Q99879,P05976,0.009435579718282749
1887,Q99879,P13667,0.011797979621852365
1888,Q99879,P14174,0.024839027234344852
1889,Q99879,P15374,0.00986455840560954
1890,Q99879,P16989,0.01848939865411899
1891,Q99879,P17096,0.07988061618796982
1892,Q99879,P31949,0.011630836471246193
1893,Q99879,P49023,0.027271979529663825
1894,Q99879,P49756,0.02245372787369485
1895,Q99879,P56192,0.05311262572987491
1896,Q99879,P62328,0.03512459610971439
1897,Q99879,P62424,0.004691258452775173
1898,Q99879,P62854,0.014696837112188124
1899,Q99879,P63208,0.022854731447772586
1900,Q99879,P67809,0.06515295741515902
1901,Q99879,P67936,0.07572989048005224
1902,Q99879,P80723,0.05956024169027813
1903,Q99879,Q01995,0.06843450266611843
1904,Q99879,Q02790,0.053754556142416136
1905,Q99879,Q07065,0.058852793727137136
1906,Q99879,Q07866,0.006899625052134166
1907,Q99879,Q07954,0.03240074668718846
1908,Q99879,Q14011,0.02341254234045324
1909,Q99879,Q15366,0.03457032081647064
1910,Q99879,Q16181,0.01625465144574197
1911,Q99879,Q3SX28,0.08691852270482736
1912,Q99879,Q6NZI2,0.010699491850218543
1913,Q99879,Q71UM5,0.03867502657650354
1914,Q99879,Q86UP2,0.0054772612378764015
1915,Q99879,Q8IVL6,0.005581285454705602
1916,Q99879,Q92841,0.008169065930801477
1917,Q99879,Q96A49,0.009586626178685196
1918,Q99879,Q96C90,0.020904073630238097
1919,Q99879,Q99613,0.007162655446269994
1920,Q99879,Q9HBL0,0.01718668461044924
1921,Q99879,Q9UBR2,0.0653307090721562
1922,Q99879,Q9UHB9,0.008362110400179331
1923,Q99879,Q9UKY7,0.004062691753387322
1924,Q99879,Q9UMX0,0.06944689675512057
1925,Q99879,Q9UN86,0.03634628509024792
1926,Q99879,Q9Y5S9,0.02833168179855174
1927,Q9HBL0,O00629,0.010402004294395072
1928,Q9HBL0,O15143,0.02553193197702085
1929,Q9HBL0,O60716,0.023731481483931713
1930,Q9HBL0,O94925,0.013226802273085798
1931,Q9HBL0,P05556,0.03700373405585415
1932,Q9HBL0,P05787,0.008395372069010264
1933,Q9HBL0,P05976,0.035505915737685315
1934,Q9HBL0,P13667,0.01261487713780535
1935,Q9HBL0,P14174,0.013681372851921805
1936,Q9HBL0,P15374,0.004980785748635122
1937,Q9HBL0,P16989,0.01975789603231186
1938,Q9HBL0,P17096,0.011552210792059179
1939,Q9HBL0,P31949,0.019826628376229838
1940,Q9HBL0,P49023,0.010214428240463496
1941,Q9HBL0,P49756,0.006588311457698265
1942,Q9HBL0,P56192,0.013211864763899222
1943,Q9HBL0,P62328,0.014400593609609557
1944,Q9HBL0,P62424,0.014212818910399234
1945,Q9HBL0,P62854,0.008834713478950174
1946,Q9HBL0,P63208,0.02241887738539126
1947,Q9HBL0,P67809,0.012578718119072284
1948,Q9HBL0,P67936,0.02058995222080978
1949,Q9HBL0,P80723,0.008915575195204297
1950,Q9HBL0,Q01995,0.017565509325817807
1951,Q9HBL0,Q02790,0.004406461873811811
1952,Q9HBL0,Q07065,0.029791159080844648
1953,Q9HBL0,Q07866,0.04276592202569645
1954,Q9HBL0,Q07954,0.016326384849861757
1955,Q9HBL0,Q14011,0.06936457195663111
1956,Q9HBL0,Q15366,0.01644480037695519
1957,Q9HBL0,Q16181,0.014431189964504232
1958,Q9HBL0,Q3SX28,0.008148245107926014
1959,Q9HBL0,Q6NZI2,0.031223608629781175
1960,Q9HBL0,Q71UM5,0.025690369102822505
1961,Q9HBL0,Q86UP2,0.03444961314322657
1962,Q9HBL0,Q8IVL6,0.0252528931888786
1963,Q9HBL0,Q92841,0.02614816485933276
1964,Q9HBL0,Q96A49,0.015002969930563709
1965,Q9HBL0,Q96C90,0.005285259575644247
1966,Q9HBL0,Q99613,0.03074776453092556
1967,Q9HBL0,Q99879,0.005912326425188216
1968,Q9HBL0,Q9UBR2,0.013742691008228261
1969,Q9HBL0,Q9UHB9,0.04638773413077532
1970,Q9HBL0,Q9UKY7,0.010464071055557704
1971,Q9HBL0,Q9UMX0,0.007569886018547047
1972,Q9HBL0,Q9UN86,0.06024225804491871
1973,Q9HBL0,Q9Y5S9,0.017089560971853032
1974,Q9UBR2,O00629,0.0077162458183993535
1975,Q9UBR2,O15143,0.026157866729947507
1976,Q9UBR2,O60716,0.004685609092944762
1977,Q9UBR2,O94925,0.005361232251445364
1978,Q9UBR2,P05556,0.014122287879364296
1979,Q9UBR2,P05787,0.016874654113385762
1980,Q9UBR2,P05976,0.005897616773580948
1981,Q9UBR2,P13667,0.008548742866438535
1982,Q9UBR2,P14174,0.015772217786551787
1983,Q9UBR2,P15374,0.0161884886410991
1984,Q9UBR2,P16989,0.0182916737887272
1985,Q9UBR2,P17096,0.026204936496862084
1986,Q9UBR2,P31949,0.01607972587351758
1987,Q9UBR2,P49023,0.009832074074805266
1988,Q9UBR2,P49756,0.010139171386326766
1989,Q9UBR2,P56192,0.028153735714110208
1990,Q9UBR2,P62328,0.013050456248770562
1991,Q9UBR2,P62424,0.009615381926614128
1992,Q9UBR2,P62854,0.013023688880448428
1993,Q9UBR2,P63208,0.023224457761593882
1994,Q9UBR2,P67809,0.02042167873480884
1995,Q9UBR2,P67936,0.02506503533827126
1996,Q9UBR2,P80723,0.007535761664265489
1997,Q9UBR2,Q01995,0.01960264992444347
1998,Q9UBR2,Q02790,0.007612808228428675
1999,Q9UBR2,Q07065,0.0347038168879761
2000,Q9UBR2,Q07866,0.017126815402801896
2001,Q9UBR2,Q07954,0.022937546796952105
2002,Q9UBR2,Q14011,0.06898641237137094
2003,Q9UBR2,Q15366,0.009876650382400425
2004,Q9UBR2,Q16181,0.0052480219976130905
2005,Q9UBR2,Q3SX28,0.010113526567351937
2006,Q9UBR2,Q6NZI2,0.006840896812503051
2007,Q9UBR2,Q71UM5,0.04214438335296143
2008,Q9UBR2,Q86UP2,0.03501569408019119
2009,Q9UBR2,Q8IVL6,0.016758701478758107
2010,Q9UBR2,Q92841,0.006508334967654938
2011,Q9UBR2,Q96A49,0.015546217237000259
2012,Q9UBR2,Q96C90,0.05561807805918518
2013,Q9UBR2,Q99613,0.01005051201812893
2014,Q9UBR2,Q99879,0.0095549591287493
2015,Q9UBR2,Q9HBL0,0.010373131724040483
2016,Q9UBR2,Q9UHB9,0.02757621678697959
2017,Q9UBR2,Q9UKY7,0.0083880486281305
2018,Q9UBR2,Q9UMX0,0.012738383618389065
2019,Q9UBR2,Q9UN86,0.09254718293989743
2020,Q9UBR2,Q9Y5S9,0.02066545480348686
2021,Q9UHB9,O00629,0.03291126712225257
2022,Q9UHB9,O15143,0.03640189351637374
2023,Q9UHB9,O60716,0.039980191456201936
2024,Q9UHB9,O94925,0.050758790842152
2025,Q9UHB9,P05556,0.01718724048928943
2026,Q9UHB9,P05787,0.013252286814225923
2027,Q9UHB9,P05976,0.01994678446162422
2028,Q9UHB9,P13667,0.044295440623038786
2029,Q9UHB9,P14174,0.033191814026065795
2030,Q9UHB9,P15374,0.01581259254541698
2031,Q9UHB9,P16989,0.0064983456504581405
2032,Q9UHB9,P17096,0.010008730361514048
2033,Q9UHB9,P31949,0.018410405352420854
2034,Q9UHB9,P49023,0.007667112302113417
2035,Q9UHB9,P49756,0.03582222609853986
2036,Q9UHB9,P56192,0.031960418542048154
2037,Q9UHB9,P62328,0.008150650177463331
2038,Q9UHB9,P62424,0.05425341697726064
2039,Q9UHB9,P62854,0.0341171153433717
2040,Q9UHB9,P63208,0.010166036221636416
2041,Q9UHB9,P67809,0.007197224157354859
2042,Q9UHB9,P67936,0.019830946648864374
2043,Q9UHB9,P80723,0.019801489884680393
2044,Q9UHB9,Q01995,0.013951905913767288
2045,Q9UHB9,Q02790,0.02842381102232976
2046,Q9UHB9,Q07065,0.006430684930092154
2047,Q9UHB9,Q07866,0.015818024232260648
2048,Q9UHB9,Q07954,0.029041835531383505
2049,Q9UHB9,Q14011,0.012069032380478744
2050,Q9UHB9,Q15366,0.023073647947241135
2051,Q9UHB9,Q16181,0.04701063182566966
2052,Q9UHB9,Q3SX28,0.006958630803247204
2053,Q9UHB9,Q6NZI2,0.01846200643801816
2054,Q9UHB9,Q71UM5,0.014365274501723967
2055,Q9UHB9,Q86UP2,0.031639933075769504
2056,Q9UHB9,Q8IVL6,0.052433317095420796
2057,Q9UHB9,Q92841,0.0334123803022767
2058,Q9UHB9,Q96A49,0.03297106155897472
2059,Q9UHB9,Q96C90,0.01821025885417045
2060,Q9UHB9,Q99613,0.03146728218608329
2061,Q9UHB9,Q99879,0.019774042185679946
2062,Q9UHB9,Q9HBL0,0.0052271119105549
2063,Q9UHB9,Q9UBR2,0.01865397623049497
2064,Q9UHB9,Q9UKY7,0.04775000737414295
2065,Q9UHB9,Q9UMX0,0.01866837933460941
2066,Q9UHB9,Q9UN86,0.008082019359578368
2067,Q9UHB9,Q9Y5S9,0.01569132330890003
2068,Q9UKY7,O00629,0.006149611499127107
2069,Q9UKY7,O15143,0.02699194462676879
2070,Q9UKY7,O60716,0.03938271664985727
2071,Q9UKY7,O94925,0.05114038144495915
2072,Q9UKY7,P05556,0.04485263609059791
2073,Q9UKY7,P05787,0.013266316231491944
2074,Q9UKY7,P05976,0.03362745639537949
2075,Q9UKY7,P13667,0.040664387335918956
2076,Q9UKY7,P14174,0.003418670750467031
2077,Q9UKY7,P15374,0.007869705817723675
2078,Q9UKY7,P16989,0.011392004673037573
2079,Q9UKY7,P17096,0.08477476525775378
2080,Q9UKY7,P31949,0.009689585363622043
2081,Q9UKY7,P49023,0.006659331200533526
2082,Q9UKY7,P49756,0.009587469150945101
2083,Q9UKY7,P56192,0.07897734898957513
2084,Q9UKY7,P62328,0.008764678351311351
2085,Q9UKY7,P62424,0.030615961007933224
2086,Q9UKY7,P62854,0.005931555067045132
2087,Q9UKY7,P63208,0.0206342067943575
2088,Q9UKY7,P67809,0.04607224710138134
2089,Q9UKY7,P67936,0.016866589097160354
2090,Q9UKY7,P80723,0.017096721217786732
2091,Q9UKY7,Q01995,0.006364446672749404
2092,Q9UKY7,Q02790,0.02356830576178143
2093,Q9UKY7,Q07065,0.027548687219080766
2094,Q9UKY7,Q07866,0.030910071665114475
2095,Q9UKY7,Q07954,0.009658898544005558
2096,Q9UKY7,Q14011,0.018066808249850422
2097,Q9UKY7,Q15366,0.029518724744222645
2098,Q9UKY7,Q16181,0.041728605325871415
2099,Q9UKY7,Q3SX28,0.02920900285618972
2100,Q9UKY7,Q6NZI2,0.03652566839059212
2101,Q9UKY7,Q71UM5,0.02761145421984566
2102,Q9UKY7,Q86UP2,0.009472845234209822
2103,Q9UKY7,Q8IVL6,0.028127458161251298
2104,Q9UKY7,Q92841,0.04910297536209026
2105,Q9UKY7,Q96A49,0.03119978931077401
2106,Q9UKY7,Q96C90,0.039088443877455185
2107,Q9UKY7,Q99613,0.01795200199216234
2108,Q9UKY7,Q99879,0.02181795455062239
2109,Q9UKY7,Q9HBL0,0.009691191514473573
2110,Q9UKY7,Q9UBR2,0.006772383733073275
2111,Q9UKY7,Q9UHB9,0.008971166388207675
2112,Q9UKY7,Q9UMX0,0.02227646291164488
2113,Q9UKY7,Q9UN86,0.013915049491598549
2114,Q9UKY7,Q9Y5S9,0.016920393722821888
2115,Q9UMX0,O00629,0.01699330736220493
2116,Q9UMX0,O15143,0.008783256836630164
2117,Q9UMX0,O60716,0.009500551956701828
2118,Q9UMX0,O94925,0.006875707960371575
2119,Q9UMX0,P05556,0.0100093183358515
2120,Q9UMX0,P05787,0.026607551395974087
2121,Q9UMX0,P05976,0.012406852970244816
2122,Q9UMX0,P13667,0.007047174267042008
2123,Q9UMX0,P14174,0.036755174982248943
2124,Q9UMX0,P15374,0.011002743569483034
2125,Q9UMX0,P16989,0.02770746053453414
2126,Q9UMX0,P17096,0.025309261228987346
2127,Q9UMX0,P31949,0.025213899115777334
2128,Q9UMX0,P49023,0.06831511173147473
2129,Q9UMX0,P49756,0.02648013053583769
2130,Q9UMX0,P56192,0.012645707281320862
2131,Q9UMX0,P62328,0.054323247247838324
2132,Q9UMX0,P62424,0.004727120513828334
2133,Q9UMX0,P62854,0.012739066908189137
2134,Q9UMX0,P63208,0.013198017352821945
2135,Q9UMX0,P67809,0.03158418796138468
2136,Q9UMX0,P67936,0.02343835908394836
2137,Q9UMX0,P80723,0.0579413078173199
2138,Q9UMX0,Q01995,0.06643382810936332
2139,Q9UMX0,Q02790,0.04931822152159606
2140,Q9UMX0,Q07065,0.018629041130827542
2141,Q9UMX0,Q07866,0.017934085357241412
2142,Q9UMX0,Q07954,0.019147108535237472
2143,Q9UMX0,Q14011,0.013101502747108508
2144,Q9UMX0,Q15366,0.031137267632876154
2145,Q9UMX0,Q16181,0.014688951370541712
2146,Q9UMX0,Q3SX28,0.05323392579321435
2147,Q9UMX0,Q6NZI2,0.00697887243540048
2148,Q9UMX0,Q71UM5,0.02196564749630186
2149,Q9UMX0,Q86UP2,0.006227834438571651
2150,Q9UMX0,Q8IVL6,0.004755869269313326
2151,Q9UMX0,Q92841,0.008342748196566201
2152,Q9UMX0,Q96A49,0.025635592873772192
2153,Q9UMX0,Q96C90,0.009768019068573082
2154,Q9UMX0,Q99613,0.006386667903910209
2155,Q9UMX0,Q99879,0.06803738207052898
2156,Q9UMX0,Q9HBL0,0.025436663817695843
2157,Q9UMX0,Q9UBR2,0.06260450093309299
2158,Q9UMX0,Q9UHB9,0.007298158422228666
2159,Q9UMX0,Q9UKY7,0.0065091436664338745
2160,Q9UMX0,Q9UN86,0.012819682615258801
2161,Q9UMX0,Q9Y5S9,0.013832893638647765
2162,Q9UN86,O00629,0.017928435855141037
2163,Q9UN86,O15143,0.07478024029318454
2164,Q9UN86,O60716,0.0279558702740841
2165,Q9UN86,O94925,0.03916951027218265
2166,Q9UN86,P05556,0.014104840642784316
2167,Q9UN86,P05787,0.009974370888385112
2168,Q9UN86,P05976,0.01244051479304354
2169,Q9UN86,P13667,0.05532611209353112
2170,Q9UN86,P14174,0.024489340646244445
2171,Q9UN86,P15374,0.008335248401421372
2172,Q9UN86,P16989,0.003773288247701935
2173,Q9UN86,P17096,0.011857499511735935
2174,Q9UN86,P31949,0.010849231407764032
2175,Q9UN86,P49023,0.008734554830234338
2176,Q9UN86,P49756,0.013980891772529907
2177,Q9UN86,P56192,0.03214159397612829
2178,Q9UN86,P62328,0.013581253243545012
2179,Q9UN86,P62424,0.04147315493194542
2180,Q9UN86,P62854,0.015621660094582754
2181,Q9UN86,P63208,0.023153923174870243
2182,Q9UN86,P67809,0.00922632960597329
2183,Q9UN86,P67936,0.01642476796188155
2184,Q9UN86,P80723,0.008951306620206946
2185,Q9UN86,Q01995,0.0133937196082587
2186,Q9UN86,Q02790,0.0078108692963974255
2187,Q9UN86,Q07065,0.013056220946036454
2188,Q9UN86,Q07866,0.011763256755156317
2189,Q9UN86,Q07954,0.014348124523600219
2190,Q9UN86,Q14011,0.01758160830363484
2191,Q9UN86,Q15366,0.010270641588046636
2192,Q9UN86,Q16181,0.0260668231567559
2193,Q9UN86,Q3SX28,0.007406688486923852
2194,Q9UN86,Q6NZI2,0.017578432117932075
2195,Q9UN86,Q71UM5,0.028127968464968886
2196,Q9UN86,Q86UP2,0.07918512226090141
2197,Q9UN86,Q8IVL6,0.06396709677740604
2198,Q9UN86,Q92841,0.030572924745959185
2199,Q9UN86,Q96A49,0.041499196531622116
2200,Q9UN86,Q96C90,0.015635507729901486
2201,Q9UN86,Q99613,0.022295305849854834
2202,Q9UN86,Q99879,0.004997553410039759
2203,Q9UN86,Q9HBL0,0.006360796626201454
2204,Q9UN86,Q9UBR2,0.013539767416937352
2205,Q9UN86,Q9UHB9,0.012174891149946238
2206,Q9UN86,Q9UKY7,0.048163358621317987
2207,Q9UN86,Q9UMX0,0.005541579381329302
2208,Q9UN86,Q9Y5S9,0.009308518623876483
2209,Q9Y5S9,O00629,0.011576300499722353
2210,Q9Y5S9,O15143,0.04313410472509105
2211,Q9Y5S9,O60716,0.01330748547224536
2212,Q9Y5S9,O94925,0.007026199181476445
2213,Q9Y5S9,P05556,0.023967344636865052
2214,Q9Y5S9,P05787,0.007039238805805001
2215,Q9Y5S9,P05976,0.015762826453581503
2216,Q9Y5S9,P13667,0.011852227703163958
2217,Q9Y5S9,P14174,0.01666514708872604
2218,Q9Y5S9,P15374,0.00823364755450305
2219,Q9Y5S9,P16989,0.019438878103874534
2220,Q9Y5S9,P17096,0.011347796446386928
2221,Q9Y5S9,P31949,0.02486956774786532
2222,Q9Y5S9,P49023,0.013195614236919345
2223,Q9Y5S9,P49756,0.010567666508421478
2224,Q9Y5S9,P56192,0.009279940422366902
2225,Q9Y5S9,P62328,0.014945595871093138
2226,Q9Y5S9,P62424,0.012677561172363292
2227,Q9Y5S9,P62854,0.014192236278398817
2228,Q9Y5S9,P63208,0.03282730843242614
2229,Q9Y5S9,P67809,0.011965742285497306
2230,Q9Y5S9,P67936,0.006608795953488664
2231,Q9Y5S9,P80723,0.0061277526795785724
2232,Q9Y5S9,Q01995,0.011739245213300654
2233,Q9Y5S9,Q02790,0.0024299577987458593
2234,Q9Y5S9,Q07065,0.02934725527815724
2235,Q9Y5S9,Q07866,0.016454014522745457
2236,Q9Y5S9,Q07954,0.014625684283834754
2237,Q9Y5S9,Q14011,0.02513918347346024
2238,Q9Y5S9,Q15366,0.006764110434360243
2239,Q9Y5S9,Q16181,0.011735019956407695
2240,Q9Y5S9,Q3SX28,0.009488542753196789
2241,Q9Y5S9,Q6NZI2,0.014748422380967062
2242,Q9Y5S9,Q71UM5,0.026349143583134067
2243,Q9Y5S9,Q86UP2,0.059942462887129545
2244,Q9Y5S9,Q8IVL6,0.03556130294908367
2245,Q9Y5S9,Q92841,0.014880021527473251
2246,Q9Y5S9,Q96A49,0.013609041153809402
2247,Q9Y5S9,Q96C90,0.005222378530909349
2248,Q9Y5S9,Q99613,0.025139258074344292
2249,Q9Y5S9,Q99879,0.0037894303450299776
2250,Q9Y5S9,Q9HBL0,0.026439910809213304
2251,Q9Y5S9,Q9UBR2,0.015321259161440217
2252,Q9Y5S9,Q9UHB9,0.03553381321693477
2253,Q9Y5S9,Q9UKY7,0.006380445341298594
2254,Q9Y5S9,Q9UMX0,0.004914075082627429
2255,Q9Y5S9,Q9UN86,0.05833498010394978
