,Regulator,Target,Weight
0,O15143,O94925,0.10487810826445731
1,O15143,P05787,0.009674432644460404
2,O15143,P05976,0.034146463852615196
3,O15143,P06753,0.02600106657943327
4,O15143,P14174,0.021237210144073787
5,O15143,P17096,0.030559736156221352
6,O15143,P27816,0.10523628986417996
7,O15143,P31949,0.017504773344047167
8,O15143,P37837,0.10663191957937723
9,O15143,P49023,0.018991569691118107
10,O15143,P56192,0.03483406857062055
11,O15143,P60903,0.006046143751590397
12,O15143,P62328,0.029067504302927163
13,O15143,P62854,0.01841569050027458
14,O15143,P62888,0.008068121241635513
15,O15143,P63208,0.09227048275751758
16,O15143,P81644,0.006758218351619891
17,O15143,Q01995,0.009180462562163025
18,O15143,Q02790,0.04268383912832856
19,O15143,Q07065,0.008676056394260494
20,O15143,Q14011,0.04952978245674291
21,O15143,Q16181,0.09148619295496957
22,O15143,Q7Z417,0.011533014234002914
23,O15143,Q8WX93,0.008523380833778705
24,O15143,Q96HC4,0.042467189339252746
25,O15143,Q99439,0.005287749599994879
26,O15143,Q99879,0.03032017051734905
27,O15143,Q9UN86,0.01768085684602941
28,O15143,Q9Y5S9,0.012309505536956929
29,O94925,O15143,0.027020429904645978
30,O94925,P05787,0.007804359905924993
31,O94925,P05976,0.03775500438091766
32,O94925,P06753,0.027534826469064754
33,O94925,P14174,0.017107521922409063
34,O94925,P17096,0.02046771276065054
35,O94925,P27816,0.04975627553779627
36,O94925,P31949,0.005345429843032276
37,O94925,P37837,0.054395528910970894
38,O94925,P49023,0.035647693808954134
39,O94925,P56192,0.08084356995448744
40,O94925,P60903,0.009163706991974368
41,O94925,P62328,0.025469935138027634
42,O94925,P62854,0.03879230834920064
43,O94925,P62888,0.022269140434623497
44,O94925,P63208,0.06288611198055306
45,O94925,P81644,0.00686975438254851
46,O94925,Q01995,0.004821962552675806
47,O94925,Q02790,0.11272800665780108
48,O94925,Q07065,0.03370457879195829
49,O94925,Q14011,0.010965978458000925
50,O94925,Q16181,0.0724423947171217
51,O94925,Q7Z417,0.017891611913734666
52,O94925,Q8WX93,0.004598391300207274
53,O94925,Q96HC4,0.057626918246521816
54,O94925,Q99439,0.011742781816688065
55,O94925,Q99879,0.10157441793372478
56,O94925,Q9UN86,0.01848743792509347
57,O94925,Q9Y5S9,0.024286209010689078
58,P05787,O15143,0.03411825344498136
59,P05787,O94925,0.009843877752450639
60,P05787,P05976,0.061084407525436014
61,P05787,P06753,0.07977275688660676
62,P05787,P14174,0.05217046591730747
63,P05787,P17096,0.03737159899393527
64,P05787,P27816,0.023976637909735258
65,P05787,P31949,0.027654124269620356
66,P05787,P37837,0.01939090371666666
67,P05787,P49023,0.0644827985259554
68,P05787,P56192,0.0145627034930024
69,P05787,P60903,0.026895228576956122
70,P05787,P62328,0.038940766912693034
71,P05787,P62854,0.025525468011964772
72,P05787,P62888,0.07274014446158034
73,P05787,P63208,0.02290604474432053
74,P05787,P81644,0.022058213717522843
75,P05787,Q01995,0.04642220263044349
76,P05787,Q02790,0.06978499451789895
77,P05787,Q07065,0.019092897041648155
78,P05787,Q14011,0.01722307174363784
79,P05787,Q16181,0.015521330305846591
80,P05787,Q7Z417,0.026097256177637914
81,P05787,Q8WX93,0.04013230195343908
82,P05787,Q96HC4,0.012360136266661737
83,P05787,Q99439,0.01129228751141183
84,P05787,Q99879,0.010019485409938123
85,P05787,Q9UN86,0.03562653937105294
86,P05787,Q9Y5S9,0.06293310220964682
87,P05976,O15143,0.006479579950272905
88,P05976,O94925,0.004743656036040815
89,P05976,P05787,0.017904853222803524
90,P05976,P06753,0.015623627039435501
91,P05976,P14174,0.07191233536269367
92,P05976,P17096,0.013401354152914666
93,P05976,P27816,0.005017540237641763
94,P05976,P31949,0.036643881772900844
95,P05976,P37837,0.010313553664928178
96,P05976,P49023,0.007141333137009189
97,P05976,P56192,0.011009653256652464
98,P05976,P60903,0.03679688982487888
99,P05976,P62328,0.025546664291366986
100,P05976,P62854,0.03955774025122276
101,P05976,P62888,0.014709682443730089
102,P05976,P63208,0.004907544079152152
103,P05976,P81644,0.1487527739008348
104,P05976,Q01995,0.008315969130879194
105,P05976,Q02790,0.02778847271448453
106,P05976,Q07065,0.14728181760089662
107,P05976,Q14011,0.03649923099225363
108,P05976,Q16181,0.012647297773106485
109,P05976,Q7Z417,0.0482878440181371
110,P05976,Q8WX93,0.04044655558213775
111,P05976,Q96HC4,0.009373748735400289
112,P05976,Q99439,0.15828006808455325
113,P05976,Q99879,0.011816106871067766
114,P05976,Q9UN86,0.014653763410223364
115,P05976,Q9Y5S9,0.014146462462379508
116,P06753,O15143,0.010538239517820973
117,P06753,O94925,0.0058620596293984814
118,P06753,P05787,0.059519356628134686
119,P06753,P05976,0.007448821089413559
120,P06753,P14174,0.03497870636267943
121,P06753,P17096,0.008409940672143118
122,P06753,P27816,0.00993668436487513
123,P06753,P31949,0.057478614936661634
124,P06753,P37837,0.02501100627998808
125,P06753,P49023,0.007301069230890089
126,P06753,P56192,0.03156445774458655
127,P06753,P60903,0.03799411196548017
128,P06753,P62328,0.018551543027664895
129,P06753,P62854,0.053827080438002974
130,P06753,P62888,0.023362950664386904
131,P06753,P63208,0.014114952972744604
132,P06753,P81644,0.10175930675848065
133,P06753,Q01995,0.03360887809732834
134,P06753,Q02790,0.011220214538921351
135,P06753,Q07065,0.12316775309433009
136,P06753,Q14011,0.03396696959400149
137,P06753,Q16181,0.00952086060266619
138,P06753,Q7Z417,0.04988770712607104
139,P06753,Q8WX93,0.039941483700963565
140,P06753,Q96HC4,0.02679534368042025
141,P06753,Q99439,0.13669009992423314
142,P06753,Q99879,0.01502836650165793
143,P06753,Q9UN86,0.00664034569088203
144,P06753,Q9Y5S9,0.005873075165171264
145,P14174,O15143,0.02892565194649321
146,P14174,O94925,0.009719399589357615
147,P14174,P05787,0.03713690819506322
148,P14174,P05976,0.011246844506332322
149,P14174,P06753,0.017597723270391094
150,P14174,P17096,0.031117204607860195
151,P14174,P27816,0.02562449773984971
152,P14174,P31949,0.03493672979788645
153,P14174,P37837,0.025571205283895105
154,P14174,P49023,0.014457049910266313
155,P14174,P56192,0.023895865864095187
156,P14174,P60903,0.03201006457738809
157,P14174,P62328,0.04021848594585728
158,P14174,P62854,0.04022133496263293
159,P14174,P62888,0.028583962675568172
160,P14174,P63208,0.03758555370839164
161,P14174,P81644,0.04304237864104644
162,P14174,Q01995,0.03184770086632507
163,P14174,Q02790,0.011147258002528098
164,P14174,Q07065,0.025368279514539047
165,P14174,Q14011,0.04490605613434707
166,P14174,Q16181,0.009817501468994705
167,P14174,Q7Z417,0.0400440126296772
168,P14174,Q8WX93,0.041870764566760574
169,P14174,Q96HC4,0.017116340288211768
170,P14174,Q99439,0.22013661889289987
171,P14174,Q99879,0.01690882606664277
172,P14174,Q9UN86,0.046564976895490176
173,P14174,Q9Y5S9,0.012380803451207295
174,P17096,O15143,0.01427888380104806
175,P17096,O94925,0.00640577552078209
176,P17096,P05787,0.03334397907116424
177,P17096,P05976,0.09345758232812823
178,P17096,P06753,0.08360066455776466
179,P17096,P14174,0.07545005637105603
180,P17096,P27816,0.013134278607128586
181,P17096,P31949,0.014791923314448906
182,P17096,P37837,0.02506310494589574
183,P17096,P49023,0.019960772527456438
184,P17096,P56192,0.007438422178942551
185,P17096,P60903,0.02120483820931081
186,P17096,P62328,0.0879131903154069
187,P17096,P62854,0.024521269817080752
188,P17096,P62888,0.021739650033084867
189,P17096,P63208,0.02438930854367651
190,P17096,P81644,0.043936519842927575
191,P17096,Q01995,0.029021154652870394
192,P17096,Q02790,0.08681914121019732
193,P17096,Q07065,0.04729623025235155
194,P17096,Q14011,0.03483321680708955
195,P17096,Q16181,0.005629107599821559
196,P17096,Q7Z417,0.012570691923710988
197,P17096,Q8WX93,0.02834015787653223
198,P17096,Q96HC4,0.027188277195259163
199,P17096,Q99439,0.023585870236694804
200,P17096,Q99879,0.005565718033376693
201,P17096,Q9UN86,0.06015721145662373
202,P17096,Q9Y5S9,0.028363002770167803
203,P27816,O15143,0.01956654252199312
204,P27816,O94925,0.05864518209082569
205,P27816,P05787,0.034976011830713964
206,P27816,P05976,0.020109623133468313
207,P27816,P06753,0.029862038273365275
208,P27816,P14174,0.05936746013723414
209,P27816,P17096,0.028285033232473503
210,P27816,P31949,0.0086920722323073
211,P27816,P37837,0.06709299702758613
212,P27816,P49023,0.010316171863598044
213,P27816,P56192,0.0854455027066809
214,P27816,P60903,0.016011485511738748
215,P27816,P62328,0.019301823496303452
216,P27816,P62854,0.023903445111294105
217,P27816,P62888,0.010461779976204868
218,P27816,P63208,0.14430030766330013
219,P27816,P81644,0.019678288460689117
220,P27816,Q01995,0.033712707383019215
221,P27816,Q02790,0.062086547971250655
222,P27816,Q07065,0.011757126331272561
223,P27816,Q14011,0.013178933144302291
224,P27816,Q16181,0.037299677544461306
225,P27816,Q7Z417,0.04208407146576759
226,P27816,Q8WX93,0.013110312444215707
227,P27816,Q96HC4,0.05809097976250497
228,P27816,Q99439,0.016793673929396652
229,P27816,Q99879,0.027786228377133636
230,P27816,Q9UN86,0.01628332151767816
231,P27816,Q9Y5S9,0.011800654859219209
232,P31949,O15143,0.050799164584027695
233,P31949,O94925,0.014965424676906924
234,P31949,P05787,0.01066478431549532
235,P31949,P05976,0.012992366336736467
236,P31949,P06753,0.009521659561631904
237,P31949,P14174,0.06527824370968857
238,P31949,P17096,0.06422542564568885
239,P31949,P27816,0.006138940996096484
240,P31949,P37837,0.005486026029005453
241,P31949,P49023,0.006405691605129108
242,P31949,P56192,0.011317021224908462
243,P31949,P60903,0.012023036516461288
244,P31949,P62328,0.020431106212739157
245,P31949,P62854,0.03532033702657169
246,P31949,P62888,0.0095092590656108
247,P31949,P63208,0.026221984633090445
248,P31949,P81644,0.08451430506041174
249,P31949,Q01995,0.015601782846126056
250,P31949,Q02790,0.010988750779269854
251,P31949,Q07065,0.026863866276190924
252,P31949,Q14011,0.02661960941864285
253,P31949,Q16181,0.008234400400799669
254,P31949,Q7Z417,0.06867410586506813
255,P31949,Q8WX93,0.017082508976509446
256,P31949,Q96HC4,0.008081055966601209
257,P31949,Q99439,0.214793343442595
258,P31949,Q99879,0.007702608766580985
259,P31949,Q9UN86,0.13865009090878946
260,P31949,Q9Y5S9,0.01089309915262462
261,P37837,O15143,0.0366288607347232
262,P37837,O94925,0.022216037402122038
263,P37837,P05787,0.020778860902285073
264,P37837,P05976,0.008342782828066745
265,P37837,P06753,0.013964410472875192
266,P37837,P14174,0.024375576310781757
267,P37837,P17096,0.018591218447035936
268,P37837,P27816,0.03187423233352423
269,P37837,P31949,0.014634272644702342
270,P37837,P49023,0.02939571091194225
271,P37837,P56192,0.016693134317255755
272,P37837,P60903,0.022788924567616414
273,P37837,P62328,0.0226908709120341
274,P37837,P62854,0.012173303011525725
275,P37837,P62888,0.03907938411641049
276,P37837,P63208,0.017267415102321212
277,P37837,P81644,0.03932306091272038
278,P37837,Q01995,0.027538594864589778
279,P37837,Q02790,0.01027323409771004
280,P37837,Q07065,0.007066515611747612
281,P37837,Q14011,0.03096634334534722
282,P37837,Q16181,0.02125520246672899
283,P37837,Q7Z417,0.01670986113813409
284,P37837,Q8WX93,0.42479838496928146
285,P37837,Q96HC4,0.00941237391328028
286,P37837,Q99439,0.02766947783025561
287,P37837,Q99879,0.008459098562904579
288,P37837,Q9UN86,0.010715072868610953
289,P37837,Q9Y5S9,0.014317784403465164
290,P49023,O15143,0.015942870102081487
291,P49023,O94925,0.03153465242025976
292,P49023,P05787,0.04020488755248053
293,P49023,P05976,0.023893537951834843
294,P49023,P06753,0.03446111092637691
295,P49023,P14174,0.04547260469789743
296,P49023,P17096,0.006380742734816261
297,P49023,P27816,0.032771853745319345
298,P49023,P31949,0.014414868649105225
299,P49023,P37837,0.08008240507294856
300,P49023,P56192,0.05277739007359906
301,P49023,P60903,0.034421436749959636
302,P49023,P62328,0.021210779739994853
303,P49023,P62854,0.03229768269978157
304,P49023,P62888,0.04484774812099352
305,P49023,P63208,0.05809002915554012
306,P49023,P81644,0.016012466058837188
307,P49023,Q01995,0.04020592385480398
308,P49023,Q02790,0.048054311562553596
309,P49023,Q07065,0.04582457928509048
310,P49023,Q14011,0.014495241159519173
311,P49023,Q16181,0.06679690305414324
312,P49023,Q7Z417,0.05920392504194757
313,P49023,Q8WX93,0.0186375897212081
314,P49023,Q96HC4,0.07834901903622321
315,P49023,Q99439,0.006727721458087613
316,P49023,Q99879,0.01767140982540743
317,P49023,Q9UN86,0.004226138782905016
318,P49023,Q9Y5S9,0.014990170766283
319,P56192,O15143,0.011727104037782954
320,P56192,O94925,0.08354242538116154
321,P56192,P05787,0.017862979786158088
322,P56192,P05976,0.035959657388413016
323,P56192,P06753,0.007250703512449821
324,P56192,P14174,0.011179772696157657
325,P56192,P17096,0.006526964257557495
326,P56192,P27816,0.03325570616822562
327,P56192,P31949,0.01795037670686129
328,P56192,P37837,0.0776911167781687
329,P56192,P49023,0.017535673970215878
330,P56192,P60903,0.03229830461705699
331,P56192,P62328,0.008132130593891002
332,P56192,P62854,0.030764820609439737
333,P56192,P62888,0.06018370895791694
334,P56192,P63208,0.024454203211627883
335,P56192,P81644,0.014755950780571429
336,P56192,Q01995,0.006128778153357579
337,P56192,Q02790,0.06531238340266636
338,P56192,Q07065,0.0639230404703249
339,P56192,Q14011,0.023057324649896356
340,P56192,Q16181,0.07182885208064085
341,P56192,Q7Z417,0.11312631785269685
342,P56192,Q8WX93,0.006051091563473221
343,P56192,Q96HC4,0.029837226164537944
344,P56192,Q99439,0.013769933636807485
345,P56192,Q99879,0.08885667382879117
346,P56192,Q9UN86,0.004567791761354288
347,P56192,Q9Y5S9,0.022468986981795516
348,P60903,O15143,0.012252013637096087
349,P60903,O94925,0.020259541785338668
350,P60903,P05787,0.012537980689930077
351,P60903,P05976,0.02392623448810037
352,P60903,P06753,0.01027829525263358
353,P60903,P14174,0.015576051070410908
354,P60903,P17096,0.011999957867408524
355,P60903,P27816,0.025564364773748825
356,P60903,P31949,0.06239058477588009
357,P60903,P37837,0.052451501515920304
358,P60903,P49023,0.01195186673074323
359,P60903,P56192,0.04092922413862496
360,P60903,P62328,0.014907268668016116
361,P60903,P62854,0.09950494563349949
362,P60903,P62888,0.044767026823245064
363,P60903,P63208,0.02144272499853488
364,P60903,P81644,0.06332920630243462
365,P60903,Q01995,0.014744102015602834
366,P60903,Q02790,0.040264416682839074
367,P60903,Q07065,0.08207222490957172
368,P60903,Q14011,0.0546166000712852
369,P60903,Q16181,0.0447027476255538
370,P60903,Q7Z417,0.05683522379988979
371,P60903,Q8WX93,0.017974117899087233
372,P60903,Q96HC4,0.013560854641132658
373,P60903,Q99439,0.06187555376984331
374,P60903,Q99879,0.03626804540791895
375,P60903,Q9UN86,0.01624085843236978
376,P60903,Q9Y5S9,0.016776465593338532
377,P62328,O15143,0.006704281691043361
378,P62328,O94925,0.0040978660335997735
379,P62328,P05787,0.06886456802128038
380,P62328,P05976,0.0296623967532893
381,P62328,P06753,0.042820427506444936
382,P62328,P14174,0.08867703715633858
383,P62328,P17096,0.020101151386457853
384,P62328,P27816,0.006187762188253742
385,P62328,P31949,0.054927157742721874
386,P62328,P37837,0.014526577329011754
387,P62328,P49023,0.007452220083281546
388,P62328,P56192,0.015389142413684814
389,P62328,P60903,0.01113451890648061
390,P62328,P62854,0.03870635591034043
391,P62328,P62888,0.022790483761824073
392,P62328,P63208,0.00857193612665741
393,P62328,P81644,0.13452775588064397
394,P62328,Q01995,0.03701825268713569
395,P62328,Q02790,0.02869073346854096
396,P62328,Q07065,0.14336193274588113
397,P62328,Q14011,0.029151579645011694
398,P62328,Q16181,0.004691703407237645
399,P62328,Q7Z417,0.00736302883484194
400,P62328,Q8WX93,0.020020117400826876
401,P62328,Q96HC4,0.024680151953722914
402,P62328,Q99439,0.08877746879064809
403,P62328,Q99879,0.005850344837689781
404,P62328,Q9UN86,0.01891349192364998
405,P62328,Q9Y5S9,0.016339555413457572
406,P62854,O15143,0.013138324344465017
407,P62854,O94925,0.05744813080646034
408,P62854,P05787,0.011846415875479008
409,P62854,P05976,0.03729958562688224
410,P62854,P06753,0.017408738804123938
411,P62854,P14174,0.00929614316762003
412,P62854,P17096,0.008378930995870955
413,P62854,P27816,0.03596589729901872
414,P62854,P31949,0.0073525621796035005
415,P62854,P37837,0.03817379183167358
416,P62854,P49023,0.04218813551673271
417,P62854,P56192,0.05620680352574059
418,P62854,P60903,0.035971908538356134
419,P62854,P62328,0.007940288107653
420,P62854,P62888,0.04261563957231668
421,P62854,P63208,0.01961460610043668
422,P62854,P81644,0.009391681612030108
423,P62854,Q01995,0.015515205446062412
424,P62854,Q02790,0.041304197005262895
425,P62854,Q07065,0.055000040193201066
426,P62854,Q14011,0.007655045164137584
427,P62854,Q16181,0.049205456938336535
428,P62854,Q7Z417,0.10108300733860195
429,P62854,Q8WX93,0.010699155403875182
430,P62854,Q96HC4,0.036402572162169286
431,P62854,Q99439,0.014098380048512122
432,P62854,Q99879,0.16571746252679387
433,P62854,Q9UN86,0.010587733128759238
434,P62854,Q9Y5S9,0.04249416073982329
435,P62888,O15143,0.005828740480847229
436,P62888,O94925,0.0147961163804756
437,P62888,P05787,0.011425044540760664
438,P62888,P05976,0.03392266769234789
439,P62888,P06753,0.012766712959285527
440,P62888,P14174,0.05843832288371069
441,P62888,P17096,0.008569257466783024
442,P62888,P27816,0.013818188513988408
443,P62888,P31949,0.02044611191372633
444,P62888,P37837,0.05578980854787522
445,P62888,P49023,0.020098659169306955
446,P62888,P56192,0.06495299381477018
447,P62888,P60903,0.09229613413228589
448,P62888,P62328,0.04227925466116788
449,P62888,P62854,0.0334497712875391
450,P62888,P63208,0.007167560139669341
451,P62888,P81644,0.02143465862875285
452,P62888,Q01995,0.009174900078890493
453,P62888,Q02790,0.06333250584499311
454,P62888,Q07065,0.07123208478040759
455,P62888,Q14011,0.016780345078811997
456,P62888,Q16181,0.04786227216563352
457,P62888,Q7Z417,0.10974541471676376
458,P62888,Q8WX93,0.057599169917919
459,P62888,Q96HC4,0.02848355461238128
460,P62888,Q99439,0.030394387955168058
461,P62888,Q99879,0.02293461145617366
462,P62888,Q9UN86,0.004482452887770914
463,P62888,Q9Y5S9,0.020498297291792467
464,P63208,O15143,0.015787620681342845
465,P63208,O94925,0.04825947980529235
466,P63208,P05787,0.005107464494131193
467,P63208,P05976,0.013250590637733177
468,P63208,P06753,0.011241792275457867
469,P63208,P14174,0.01804061131779448
470,P63208,P17096,0.008814976177217328
471,P63208,P27816,0.03024754855649183
472,P63208,P31949,0.014304202129247504
473,P63208,P37837,0.029213382810167162
474,P63208,P49023,0.018593488691837044
475,P63208,P56192,0.03608535120278278
476,P63208,P60903,0.020016231348847984
477,P63208,P62328,0.00940057642029989
478,P63208,P62854,0.05457920517928076
479,P63208,P62888,0.014802190943850468
480,P63208,P81644,0.010316092280639169
481,P63208,Q01995,0.00391475383710753
482,P63208,Q02790,0.03126830881193768
483,P63208,Q07065,0.015869570116253857
484,P63208,Q14011,0.011520696262163838
485,P63208,Q16181,0.036233334796337294
486,P63208,Q7Z417,0.08800384458393157
487,P63208,Q8WX93,0.015309778681788075
488,P63208,Q96HC4,0.03470493463689214
489,P63208,Q99439,0.05136236751138594
490,P63208,Q99879,0.3258082943574663
491,P63208,Q9UN86,0.01737480547896578
492,P63208,Q9Y5S9,0.010568505973354765
493,P81644,O15143,0.06976193039328735
494,P81644,O94925,0.05487343940789957
495,P81644,P05787,0.039123511159996294
496,P81644,P05976,0.01112790479735913
497,P81644,P06753,0.00988480876294009
498,P81644,P14174,0.05193406199565501
499,P81644,P17096,0.034468054077484364
500,P81644,P27816,0.030073664781001624
501,P81644,P31949,0.025622023739383493
502,P81644,P37837,0.032246544948132255
503,P81644,P49023,0.0142601792712478
504,P81644,P56192,0.10808802938061639
505,P81644,P60903,0.02708208461602398
506,P81644,P62328,0.016006905987573896
507,P81644,P62854,0.057794967461183025
508,P81644,P62888,0.024224078609970855
509,P81644,P63208,0.10228449182546337
510,P81644,Q01995,0.03489148687500907
511,P81644,Q02790,0.017822075809231886
512,P81644,Q07065,0.025928567064304464
513,P81644,Q14011,0.01059182784878099
514,P81644,Q16181,0.03290294420206756
515,P81644,Q7Z417,0.023591224944008893
516,P81644,Q8WX93,0.03188229228879822
517,P81644,Q96HC4,0.021862023960616653
518,P81644,Q99439,0.03393236621744159
519,P81644,Q99879,0.028437000338705748
520,P81644,Q9UN86,0.02072906846357508
521,P81644,Q9Y5S9,0.008572440772239965
522,Q01995,O15143,0.09069253003629989
523,Q01995,O94925,0.020095876591931384
524,Q01995,P05787,0.04976982912900975
525,Q01995,P05976,0.020474331650437126
526,Q01995,P06753,0.09632233536813097
527,Q01995,P14174,0.047593783764661744
528,Q01995,P17096,0.014240845872681844
529,Q01995,P27816,0.020058719146093803
530,Q01995,P31949,0.026274073322460817
531,Q01995,P37837,0.00886184414873825
532,Q01995,P49023,0.03998682721099749
533,Q01995,P56192,0.008637217404698489
534,Q01995,P60903,0.008555041375602545
535,Q01995,P62328,0.21485469000517163
536,Q01995,P62854,0.038032952632988545
537,Q01995,P62888,0.03188455836652496
538,Q01995,P63208,0.018830531002089673
539,Q01995,P81644,0.018365902657997972
540,Q01995,Q02790,0.016403080505319457
541,Q01995,Q07065,0.01656062239602865
542,Q01995,Q14011,0.037342546812717765
543,Q01995,Q16181,0.025914653596360103
544,Q01995,Q7Z417,0.013984990726768272
545,Q01995,Q8WX93,0.03493284582363391
546,Q01995,Q96HC4,0.013588473858969483
547,Q01995,Q99439,0.00869423780762036
548,Q01995,Q99879,0.00939627621120644
549,Q01995,Q9UN86,0.020653186497692634
550,Q01995,Q9Y5S9,0.02899719607716472
551,Q02790,O15143,0.031047706256283506
552,Q02790,O94925,0.06811958049983428
553,Q02790,P05787,0.014610758275264195
554,Q02790,P05976,0.03985777219690689
555,Q02790,P06753,0.02136579993490222
556,Q02790,P14174,0.013690469209593284
557,Q02790,P17096,0.03193181235016674
558,Q02790,P27816,0.07295484272854992
559,Q02790,P31949,0.008391918682425585
560,Q02790,P37837,0.06928594892187498
561,Q02790,P49023,0.044106771596700636
562,Q02790,P56192,0.07609821093718178
563,Q02790,P60903,0.011939038386691202
564,Q02790,P62328,0.01719601139976177
565,Q02790,P62854,0.02530422778400732
566,Q02790,P62888,0.030477460982557717
567,Q02790,P63208,0.0788152430760702
568,Q02790,P81644,0.005656608854226969
569,Q02790,Q01995,0.010088197863641932
570,Q02790,Q07065,0.023292756428793207
571,Q02790,Q14011,0.011072081642782344
572,Q02790,Q16181,0.08185404324311403
573,Q02790,Q7Z417,0.017334592820851286
574,Q02790,Q8WX93,0.010055280748296863
575,Q02790,Q96HC4,0.053687303061837166
576,Q02790,Q99439,0.025807041962589542
577,Q02790,Q99879,0.05636781654547606
578,Q02790,Q9UN86,0.023151532960949198
579,Q02790,Q9Y5S9,0.026439170648667857
580,Q07065,O15143,0.11484007369102223
581,Q07065,O94925,0.0334592097057663
582,Q07065,P05787,0.028454335897830675
583,Q07065,P05976,0.054279036138557
584,Q07065,P06753,0.019586604311672026
585,Q07065,P14174,0.008459863528261044
586,Q07065,P17096,0.012179839769891843
587,Q07065,P27816,0.01814712398042095
588,Q07065,P31949,0.03251010185393197
589,Q07065,P37837,0.04467089693067931
590,Q07065,P49023,0.022377263220670483
591,Q07065,P56192,0.05281546411735455
592,Q07065,P60903,0.014276648185473043
593,Q07065,P62328,0.007171842634572929
594,Q07065,P62854,0.09321396334527593
595,Q07065,P62888,0.056941760517132955
596,Q07065,P63208,0.015807248983838146
597,Q07065,P81644,0.03151981610307959
598,Q07065,Q01995,0.015423976494655524
599,Q07065,Q02790,0.04998820564174082
600,Q07065,Q14011,0.03428676484626
601,Q07065,Q16181,0.05895217771807311
602,Q07065,Q7Z417,0.0384873083880168
603,Q07065,Q8WX93,0.015717533766100574
604,Q07065,Q96HC4,0.014770794344105003
605,Q07065,Q99439,0.02828567054379327
606,Q07065,Q99879,0.05518701125568522
607,Q07065,Q9UN86,0.007383719229316264
608,Q07065,Q9Y5S9,0.02080574485682095
609,Q14011,O15143,0.011007510696473613
610,Q14011,O94925,0.012538885910238726
611,Q14011,P05787,0.1083913196644178
612,Q14011,P05976,0.016561296245238444
613,Q14011,P06753,0.04014091368977343
614,Q14011,P14174,0.06392960915663322
615,Q14011,P17096,0.008790751116322723
616,Q14011,P27816,0.012428725119983138
617,Q14011,P31949,0.00997328421239599
618,Q14011,P37837,0.020342054137428494
619,Q14011,P49023,0.01223839197650355
620,Q14011,P56192,0.06232603980333616
621,Q14011,P60903,0.0061738609477376884
622,Q14011,P62328,0.025524597118355318
623,Q14011,P62854,0.09564403220926888
624,Q14011,P62888,0.033434213228027906
625,Q14011,P63208,0.05831579038203001
626,Q14011,P81644,0.07964970635302816
627,Q14011,Q01995,0.044612932821816595
628,Q14011,Q02790,0.02747371466772035
629,Q14011,Q07065,0.08123741081833441
630,Q14011,Q16181,0.01248771282073793
631,Q14011,Q7Z417,0.022622747826497886
632,Q14011,Q8WX93,0.011328766890466791
633,Q14011,Q96HC4,0.03312015368087059
634,Q14011,Q99439,0.020984027565792464
635,Q14011,Q99879,0.021638813292136776
636,Q14011,Q9UN86,0.027869633781413973
637,Q14011,Q9Y5S9,0.01921310386701779
638,Q16181,O15143,0.03014499253610333
639,Q16181,O94925,0.04683116203501598
640,Q16181,P05787,0.02855173777610047
641,Q16181,P05976,0.05541533905231492
642,Q16181,P06753,0.015455273126257208
643,Q16181,P14174,0.036846498159407055
644,Q16181,P17096,0.1501271001568963
645,Q16181,P27816,0.04067899796915302
646,Q16181,P31949,0.041830763565369446
647,Q16181,P37837,0.03656582323133621
648,Q16181,P49023,0.03724163658382005
649,Q16181,P56192,0.036294687067089465
650,Q16181,P60903,0.011012126807964399
651,Q16181,P62328,0.021156819015360376
652,Q16181,P62854,0.016572413926569038
653,Q16181,P62888,0.011875032718467763
654,Q16181,P63208,0.039129093837287805
655,Q16181,P81644,0.012966035126494555
656,Q16181,Q01995,0.011004964719401256
657,Q16181,Q02790,0.07018808733215467
658,Q16181,Q07065,0.01548069408450989
659,Q16181,Q14011,0.026283906393942888
660,Q16181,Q7Z417,0.010271212766313513
661,Q16181,Q8WX93,0.005989707412033824
662,Q16181,Q96HC4,0.03414224586323812
663,Q16181,Q99439,0.015632297082555688
664,Q16181,Q99879,0.04155513248172613
665,Q16181,Q9UN86,0.06836168227751444
666,Q16181,Q9Y5S9,0.032394536895600935
667,Q7Z417,O15143,0.010565783361413693
668,Q7Z417,O94925,0.019061045289669083
669,Q7Z417,P05787,0.01930981654305802
670,Q7Z417,P05976,0.029240421924207588
671,Q7Z417,P06753,0.018461405340800104
672,Q7Z417,P14174,0.055995023374619875
673,Q7Z417,P17096,0.010281069275140841
674,Q7Z417,P27816,0.010654071327608584
675,Q7Z417,P31949,0.026216635305053866
676,Q7Z417,P37837,0.025046542751847346
677,Q7Z417,P49023,0.0282739400216
678,Q7Z417,P56192,0.028533031137192653
679,Q7Z417,P60903,0.18590988295923272
680,Q7Z417,P62328,0.014258994826935812
681,Q7Z417,P62854,0.0494498555471714
682,Q7Z417,P62888,0.03151903335540917
683,Q7Z417,P63208,0.004317213460552245
684,Q7Z417,P81644,0.17221604416292371
685,Q7Z417,Q01995,0.011381241501520183
686,Q7Z417,Q02790,0.0285496187748183
687,Q7Z417,Q07065,0.038537640866953146
688,Q7Z417,Q14011,0.022148922897811455
689,Q7Z417,Q16181,0.028842408413854072
690,Q7Z417,Q8WX93,0.015498553181472757
691,Q7Z417,Q96HC4,0.012990886854696591
692,Q7Z417,Q99439,0.02447318744948606
693,Q7Z417,Q99879,0.03784163103835622
694,Q7Z417,Q9UN86,0.011263109974122325
695,Q7Z417,Q9Y5S9,0.029162989082470878
696,Q8WX93,O15143,0.02923917151860863
697,Q8WX93,O94925,0.059069263096832386
698,Q8WX93,P05787,0.035563565169186184
699,Q8WX93,P05976,0.00790894510827417
700,Q8WX93,P06753,0.008211326617026124
701,Q8WX93,P14174,0.03627920325308506
702,Q8WX93,P17096,0.046201368348649484
703,Q8WX93,P27816,0.029577736122773698
704,Q8WX93,P31949,0.03031644117668955
705,Q8WX93,P37837,0.03672238561241674
706,Q8WX93,P49023,0.009516424831972759
707,Q8WX93,P56192,0.07231331062440838
708,Q8WX93,P60903,0.03133031777285494
709,Q8WX93,P62328,0.021022462417827247
710,Q8WX93,P62854,0.04984523493401304
711,Q8WX93,P62888,0.027229854559194133
712,Q8WX93,P63208,0.04784620249610761
713,Q8WX93,P81644,0.06116928452038135
714,Q8WX93,Q01995,0.04499403849429646
715,Q8WX93,Q02790,0.018925730880030717
716,Q8WX93,Q07065,0.030116187573359685
717,Q8WX93,Q14011,0.02773314904513227
718,Q8WX93,Q16181,0.024893370917393097
719,Q8WX93,Q7Z417,0.05130305743040365
720,Q8WX93,Q96HC4,0.02600682814594651
721,Q8WX93,Q99439,0.056206109518450065
722,Q8WX93,Q99879,0.05172420010765202
723,Q8WX93,Q9UN86,0.018707053626757834
724,Q8WX93,Q9Y5S9,0.010027776080274824
725,Q96HC4,O15143,0.013189535278068956
726,Q96HC4,O94925,0.027332337489891344
727,Q96HC4,P05787,0.06273587384274083
728,Q96HC4,P05976,0.023495811977002297
729,Q96HC4,P06753,0.020388899670635566
730,Q96HC4,P14174,0.07441251598502295
731,Q96HC4,P17096,0.02253142173221888
732,Q96HC4,P27816,0.02541247834581014
733,Q96HC4,P31949,0.01826318713043249
734,Q96HC4,P37837,0.03473403675615503
735,Q96HC4,P49023,0.012628308167148545
736,Q96HC4,P56192,0.1519150732652011
737,Q96HC4,P60903,0.01725937229532392
738,Q96HC4,P62328,0.013539742078491464
739,Q96HC4,P62854,0.0638066533318232
740,Q96HC4,P62888,0.030514321650538166
741,Q96HC4,P63208,0.0630175068485659
742,Q96HC4,P81644,0.030962176731177272
743,Q96HC4,Q01995,0.03132200032278826
744,Q96HC4,Q02790,0.04891673178786606
745,Q96HC4,Q07065,0.0254580574881156
746,Q96HC4,Q14011,0.008113534230580581
747,Q96HC4,Q16181,0.023849239007642308
748,Q96HC4,Q7Z417,0.037803672837788904
749,Q96HC4,Q8WX93,0.008336652799353743
750,Q96HC4,Q99439,0.01513053755734679
751,Q96HC4,Q99879,0.07472675800989484
752,Q96HC4,Q9UN86,0.011698322095274428
753,Q96HC4,Q9Y5S9,0.00850524128709922
754,Q99439,O15143,0.016041909428759073
755,Q99439,O94925,0.017024672410508992
756,Q99439,P05787,0.01513628091801591
757,Q99439,P05976,0.013509063756120075
758,Q99439,P06753,0.02058289283911465
759,Q99439,P14174,0.026602882286306716
760,Q99439,P17096,0.14308393325653063
761,Q99439,P27816,0.013011152675931881
762,Q99439,P31949,0.022981658491890555
763,Q99439,P37837,0.011062846816643492
764,Q99439,P49023,0.01284133424585457
765,Q99439,P56192,0.023257622233872618
766,Q99439,P60903,0.01319062611759321
767,Q99439,P62328,0.0676671629859351
768,Q99439,P62854,0.02571332194326258
769,Q99439,P62888,0.02530812734119301
770,Q99439,P63208,0.026172882968202957
771,Q99439,P81644,0.07678115512134003
772,Q99439,Q01995,0.0285926289778309
773,Q99439,Q02790,0.005761322268106559
774,Q99439,Q07065,0.032770856931118544
775,Q99439,Q14011,0.05979195687475802
776,Q99439,Q16181,0.005189647242405352
777,Q99439,Q7Z417,0.050574955992151366
778,Q99439,Q8WX93,0.013867634929039726
779,Q99439,Q96HC4,0.020610588642918516
780,Q99439,Q99879,0.016555714657446836
781,Q99439,Q9UN86,0.17572792710975932
782,Q99439,Q9Y5S9,0.020587240537387596
783,Q99879,O15143,0.019530503629832174
784,Q99879,O94925,0.10455020180186989
785,Q99879,P05787,0.022702895465717434
786,Q99879,P05976,0.01955154647194488
787,Q99879,P06753,0.006831790722665084
788,Q99879,P14174,0.012720971077322462
789,Q99879,P17096,0.024928894112326773
790,Q99879,P27816,0.024244613538665215
791,Q99879,P31949,0.005967079784957053
792,Q99879,P37837,0.0541254704766222
793,Q99879,P49023,0.02004220913320355
794,Q99879,P56192,0.12823681428050412
795,Q99879,P60903,0.031198394368647225
796,Q99879,P62328,0.01119518908582823
797,Q99879,P62854,0.03561080642714207
798,Q99879,P62888,0.05467257057475706
799,Q99879,P63208,0.03900871814195555
800,Q99879,P81644,0.022852550247129146
801,Q99879,Q01995,0.021070523796370203
802,Q99879,Q02790,0.04140651915470736
803,Q99879,Q07065,0.05813316825959437
804,Q99879,Q14011,0.004420005324810091
805,Q99879,Q16181,0.05326359886710828
806,Q99879,Q7Z417,0.10329872776368582
807,Q99879,Q8WX93,0.016712537243245253
808,Q99879,Q96HC4,0.022418328517008576
809,Q99879,Q99439,0.011668336375287837
810,Q99879,Q9UN86,0.009496920904277756
811,Q99879,Q9Y5S9,0.02014011445281296
812,Q9UN86,O15143,0.018804956800116714
813,Q9UN86,O94925,0.010134830935973605
814,Q9UN86,P05787,0.017045228314428517
815,Q9UN86,P05976,0.12141281243639142
816,Q9UN86,P06753,0.060651108076897886
817,Q9UN86,P14174,0.06970798819934437
818,Q9UN86,P17096,0.06852876353348135
819,Q9UN86,P27816,0.025535986435873927
820,Q9UN86,P31949,0.01929146845893858
821,Q9UN86,P37837,0.023788560820286037
822,Q9UN86,P49023,0.0609144938111501
823,Q9UN86,P56192,0.013134554324149497
824,Q9UN86,P60903,0.004975959695372721
825,Q9UN86,P62328,0.03146399454177848
826,Q9UN86,P62854,0.007287295128965718
827,Q9UN86,P62888,0.053589146429310966
828,Q9UN86,P63208,0.019234078185436845
829,Q9UN86,P81644,0.010346551325367175
830,Q9UN86,Q01995,0.01643212867256629
831,Q9UN86,Q02790,0.09040290866837211
832,Q9UN86,Q07065,0.04575615165455905
833,Q9UN86,Q14011,0.01607738607309372
834,Q9UN86,Q16181,0.01406861151989423
835,Q9UN86,Q7Z417,0.017554696111981915
836,Q9UN86,Q8WX93,0.018271713905909256
837,Q9UN86,Q96HC4,0.014623675593228405
838,Q9UN86,Q99439,0.04515316206536543
839,Q9UN86,Q99879,0.011767609095584568
840,Q9UN86,Q9Y5S9,0.07404417918617993
841,Q9Y5S9,O15143,0.008700567470161895
842,Q9Y5S9,O94925,0.012470469424733194
843,Q9Y5S9,P05787,0.014353005553638531
844,Q9Y5S9,P05976,0.06264966780507236
845,Q9Y5S9,P06753,0.05229748917192341
846,Q9Y5S9,P14174,0.09722942970470543
847,Q9Y5S9,P17096,0.008056827336208138
848,Q9Y5S9,P27816,0.014887031148914345
849,Q9Y5S9,P31949,0.019360409490591958
850,Q9Y5S9,P37837,0.050867967329391944
851,Q9Y5S9,P49023,0.02102199632023856
852,Q9Y5S9,P56192,0.04320152995172864
853,Q9Y5S9,P60903,0.04152379942728936
854,Q9Y5S9,P62328,0.05264128704094095
855,Q9Y5S9,P62854,0.04676990073995285
856,Q9Y5S9,P62888,0.050310816644983186
857,Q9Y5S9,P63208,0.011610732279088591
858,Q9Y5S9,P81644,0.022973495194567796
859,Q9Y5S9,Q01995,0.020972712241531914
860,Q9Y5S9,Q02790,0.0914518349226427
861,Q9Y5S9,Q07065,0.05992359051858491
862,Q9Y5S9,Q14011,0.020322777793273118
863,Q9Y5S9,Q16181,0.04030555241823992
864,Q9Y5S9,Q7Z417,0.05086389329089278
865,Q9Y5S9,Q8WX93,0.02971157795438912
866,Q9Y5S9,Q96HC4,0.02307123429687477
867,Q9Y5S9,Q99439,0.009476055723280426
868,Q9Y5S9,Q99879,0.017277161114221853
869,Q9Y5S9,Q9UN86,0.005697187691935996
