Regulator,Target,Weight,Sign
O15143,O94925,0.03580996845060542,
O15143,P02652,0.03684055364947068,
O15143,P04179,0.020810490416560343,
O15143,P12956,0.08359698652644243,
O15143,P18859,0.01860252335924347,
O15143,P21281,0.006630261911659079,
O15143,P26022,0.01310263096783574,
O15143,P26447,0.005548002311720311,
O15143,P30085,0.1318671330443824,
O15143,P35222,0.04856745440065696,
O15143,P36957,0.02171648771456364,
O15143,P38606,0.00769067214407991,
O15143,P40926,0.025401314632948722,
O15143,P42765,0.00371921923267725,
O15143,P56192,0.043664622228513826,
O15143,P61981,0.03160572830719314,
O15143,P62854,0.0019321308535324784,
O15143,P62917,0.016442797690507455,
O15143,Q02218,0.0031449708033339284,
O15143,Q02818,0.05706448752025004,
O15143,Q07065,0.008937969050191638,
O15143,Q07866,0.032695985193552456,
O15143,Q07954,0.026989105215574863,
O15143,Q13162,0.01566476324619392,
O15143,Q14011,0.0608964339664831,
O15143,Q15459,0.05101735202568519,
O15143,Q15843,0.006478289820430866,
O15143,Q96L92,0.04721694248053105,
O15143,Q9H0U4,0.03131207310051487,
O15143,Q9UHD8,0.041574444596346814,
O15143,Q9UJZ1,0.03362471648831483,
O15143,Q9UNH7,0.012398365453840227,
O15143,Q9Y3D6,0.0022798761295312023,
O94925,O15143,0.03991874009843835,
O94925,P02652,0.02133280202852636,
O94925,P04179,0.04873280450657542,
O94925,P12956,0.07504396081070873,
O94925,P18859,0.028868053205463342,
O94925,P21281,0.0012635023452023377,
O94925,P26022,0.05661124513028866,
O94925,P26447,0.08454810338043661,
O94925,P30085,0.07537200131404757,
O94925,P35222,0.058645296543842346,
O94925,P36957,0.06847246890982189,
O94925,P38606,0.0019392166724113544,
O94925,P40926,0.012391915045824304,
O94925,P42765,0.00044040078818806074,
O94925,P56192,0.050346821169434286,
O94925,P61981,0.024151029883791465,
O94925,P62854,0.0016840134654415822,
O94925,P62917,0.021330276044769194,
O94925,Q02218,0.009598341368729722,
O94925,Q02818,0.02977403348283092,
O94925,Q07065,0.05167402843197052,
O94925,Q07866,0.03234428370967698,
O94925,Q07954,0.010610163917560603,
O94925,Q13162,0.010424181735003963,
O94925,Q14011,0.00021142231063991015,
O94925,Q15459,0.020886402738165995,
O94925,Q15843,0.0024415448549588888,
O94925,Q96L92,0.009769576383277377,
O94925,Q9H0U4,0.05569287327874752,
O94925,Q9UHD8,0.04025690642099545,
O94925,Q9UJZ1,0.002988226767507108,
O94925,Q9UNH7,0.02962167492436819,
O94925,Q9Y3D6,0.0013933228645761333,
P02652,O15143,0.010339752969019168,
P02652,O94925,0.027324344324190758,
P02652,P04179,0.0037592675578786506,
P02652,P12956,0.04517759406044373,
P02652,P18859,0.026712321871951373,
P02652,P21281,0.03611095516297807,
P02652,P26022,0.011385902695601424,
P02652,P26447,0.017034921589768513,
P02652,P30085,0.04054823490455386,
P02652,P35222,0.03514780120545286,
P02652,P36957,0.01181489625156062,
P02652,P38606,0.009834467971725847,
P02652,P40926,0.02616089380791244,
P02652,P42765,0.008573213994627604,
P02652,P56192,0.11496052147658407,
P02652,P61981,0.06992525021671583,
P02652,P62854,0.09485479822405876,
P02652,P62917,0.009881584723693828,
P02652,Q02218,0.0005680640676084486,
P02652,Q02818,0.012468371698459674,
P02652,Q07065,0.03891135559764153,
P02652,Q07866,0.02899580295206821,
P02652,Q07954,0.016595198297725492,
P02652,Q13162,0.04046341379281137,
P02652,Q14011,0.004447344687655684,
P02652,Q15459,0.030537845210020596,
P02652,Q15843,0.04571713935136065,
P02652,Q96L92,0.030446769609426036,
P02652,Q9H0U4,0.004942056983051739,
P02652,Q9UHD8,0.03663834812223927,
P02652,Q9UJZ1,0.0304540781219783,
P02652,Q9UNH7,0.047279385036108394,
P02652,Q9Y3D6,0.02185034857916869,
P04179,O15143,0.10886452895073465,
P04179,O94925,0.04562756588549044,
P04179,P02652,0.023995920342187196,
P04179,P12956,0.030292270828386505,
P04179,P18859,0.022015768121879435,
P04179,P21281,0.01832644486410006,
P04179,P26022,0.032207394020579976,
P04179,P26447,0.005111721183909007,
P04179,P30085,0.015434845489976376,
P04179,P35222,0.07001626233067468,
P04179,P36957,0.05430086825996579,
P04179,P38606,0.0013064505019108016,
P04179,P40926,0.009043774317573739,
P04179,P42765,0.016496719557575344,
P04179,P56192,0.012259365991311597,
P04179,P61981,0.010203278663339813,
P04179,P62854,0.004828663671739632,
P04179,P62917,0.052138150141757426,
P04179,Q02218,0.05428996128084756,
P04179,Q02818,0.05549878901367027,
P04179,Q07065,0.024811929464520217,
P04179,Q07866,0.018357379698643584,
P04179,Q07954,0.015524494888077951,
P04179,Q13162,0.019922217742938453,
P04179,Q14011,0.006984480331938077,
P04179,Q15459,0.07498998770610829,
P04179,Q15843,0.001035219076271081,
P04179,Q96L92,0.019164877097795175,
P04179,Q9H0U4,0.047486951080404176,
P04179,Q9UHD8,0.03773938921764959,
P04179,Q9UJZ1,0.011636263088524843,
P04179,Q9UNH7,0.024551994695222457,
P04179,Q9Y3D6,0.01681607492094715,
P12956,O15143,0.0673001444549045,
P12956,O94925,0.07777763458101883,
P12956,P02652,0.0014450723270050207,
P12956,P04179,0.048782421628754576,
P12956,P18859,0.03912315169725532,
P12956,P21281,0.0007192626210729262,
P12956,P26022,0.0674502011865643,
P12956,P26447,0.020705691843619638,
P12956,P30085,0.06834756344324593,
P12956,P35222,0.05125854087630251,
P12956,P36957,0.030356640895055974,
P12956,P38606,0.0005763035360538461,
P12956,P40926,0.0297455510916028,
P12956,P42765,0.0003804414074397154,
P12956,P56192,0.039916276069067565,
P12956,P61981,0.02063189851043616,
P12956,P62854,0.019179502842428083,
P12956,P62917,0.050125110296647464,
P12956,Q02218,0.000761337800978111,
P12956,Q02818,0.020139903074893207,
P12956,Q07065,0.010874260218712337,
P12956,Q07866,0.0214969786293186,
P12956,Q07954,0.0009965667659650632,
P12956,Q13162,0.0006128911302671828,
P12956,Q14011,0.0013370598514655912,
P12956,Q15459,0.06781995582684103,
P12956,Q15843,0.001664331406730747,
P12956,Q96L92,0.0002510952517769388,
P12956,Q9H0U4,0.06955723112854881,
P12956,Q9UHD8,0.07765137435495718,
P12956,Q9UJZ1,0.0018092157977650678,
P12956,Q9UNH7,0.010452904030631604,
P12956,Q9Y3D6,0.011081136954881561,
P18859,O15143,0.034843967906111155,
P18859,O94925,0.07565810683982692,
P18859,P02652,0.02037471420331295,
P18859,P04179,0.007149457937860593,
P18859,P12956,0.044330024266191266,
P18859,P21281,0.008471703914205807,
P18859,P26022,0.03685936132632952,
P18859,P26447,0.02682464815257861,
P18859,P30085,0.06852302027967343,
P18859,P35222,0.05263972886663115,
P18859,P36957,0.04454080736374772,
P18859,P38606,0.013591624483165175,
P18859,P40926,0.03538195902496232,
P18859,P42765,0.013733351811899462,
P18859,P56192,0.08628544395724472,
P18859,P61981,0.03678946941433224,
P18859,P62854,0.009185359531186184,
P18859,P62917,0.04539603076652824,
P18859,Q02218,0.02571066013062652,
P18859,Q02818,0.01851902924399125,
P18859,Q07065,0.05400053732484983,
P18859,Q07866,0.03210448902419952,
P18859,Q07954,0.00127274096402899,
P18859,Q13162,0.009755071002862093,
P18859,Q14011,0.0014831123924858589,
P18859,Q15459,0.04571375120023245,
P18859,Q15843,0.004398074801868192,
P18859,Q96L92,0.00025619703641332906,
P18859,Q9H0U4,0.027606070614635297,
P18859,Q9UHD8,0.06676178870611771,
P18859,Q9UJZ1,0.0004716907537604737,
P18859,Q9UNH7,0.0008140869207735628,
P18859,Q9Y3D6,0.006188896739466518,
P21281,O15143,0.07276410033205229,
P21281,O94925,0.0026479540489506414,
P21281,P02652,0.019527300759019296,
P21281,P04179,0.020967687789514192,
P21281,P12956,0.009745475441471602,
P21281,P18859,0.03015046659240969,
P21281,P26022,0.05879452075988969,
P21281,P26447,0.010746835198644295,
P21281,P30085,0.034332182210163015,
P21281,P35222,0.004518353105193261,
P21281,P36957,0.02540587487453704,
P21281,P38606,0.042419581511557135,
P21281,P40926,0.004200026336603552,
P21281,P42765,0.023981970336138612,
P21281,P56192,0.013728047011576008,
P21281,P61981,0.029089261109347852,
P21281,P62854,0.0007847392965980221,
P21281,P62917,0.13391927115078558,
P21281,Q02218,0.05957245929638784,
P21281,Q02818,0.021554869218755525,
P21281,Q07065,0.025314925132629763,
P21281,Q07866,0.0070995850031267,
P21281,Q07954,0.0045270984197421675,
P21281,Q13162,0.08186042180887712,
P21281,Q14011,0.03606587843634596,
P21281,Q15459,0.021188942191907208,
P21281,Q15843,0.018268729114216918,
P21281,Q96L92,0.022797728922205905,
P21281,Q9H0U4,0.0056162509151875765,
P21281,Q9UHD8,0.006802144257424359,
P21281,Q9UJZ1,0.01208988004119921,
P21281,Q9UNH7,0.0012321959078842903,
P21281,Q9Y3D6,0.02909844553805745,
P26022,O15143,0.038670721456314415,
P26022,O94925,0.050811975684964074,
P26022,P02652,0.01961371255049635,
P26022,P04179,0.01155531054341416,
P26022,P12956,0.030669588625104563,
P26022,P18859,0.04897233468621239,
P26022,P21281,0.0005812038064948058,
P26022,P26447,0.10457549491472246,
P26022,P30085,0.03315699445313739,
P26022,P35222,0.07057978945089492,
P26022,P36957,0.039122661327539686,
P26022,P38606,0.0008371561198044384,
P26022,P40926,0.03911203392875426,
P26022,P42765,0.009835779803810705,
P26022,P56192,0.05610554809474127,
P26022,P61981,0.018962082411005443,
P26022,P62854,0.019119972732633248,
P26022,P62917,0.05160809277746424,
P26022,Q02218,0.0018582787927164692,
P26022,Q02818,0.010817197360201243,
P26022,Q07065,0.0009682084208576594,
P26022,Q07866,0.021828265990767173,
P26022,Q07954,0.009920225273537458,
P26022,Q13162,0.009541294996046624,
P26022,Q14011,0.002351110634066724,
P26022,Q15459,0.04759646925883284,
P26022,Q15843,0.001998353420705576,
P26022,Q96L92,0.001499025759941177,
P26022,Q9H0U4,0.08718734980288274,
P26022,Q9UHD8,0.06029180987970422,
P26022,Q9UJZ1,0.0005147439043023364,
P26022,Q9UNH7,0.010058513361598877,
P26022,Q9Y3D6,0.010956589590289013,
P26447,O15143,0.021260890399304917,
P26447,O94925,0.08121421757687411,
P26447,P02652,0.004997037239606601,
P26447,P04179,0.0701971552095061,
P26447,P12956,0.05142386542834994,
P26447,P18859,0.05229459790446942,
P26447,P21281,0.003714952230770704,
P26447,P26022,0.06556111080067058,
P26447,P30085,0.07087604291529269,
P26447,P35222,0.03598882614589989,
P26447,P36957,0.032570414448077824,
P26447,P38606,0.005373105302969484,
P26447,P40926,0.02149037713187206,
P26447,P42765,0.0023348863821806174,
P26447,P56192,0.054135351776280684,
P26447,P61981,0.001094626861279123,
P26447,P62854,0.029119058189506372,
P26447,P62917,0.031827740112517815,
P26447,Q02218,0.0046021557028588225,
P26447,Q02818,0.019396396900486692,
P26447,Q07065,0.04765154484530107,
P26447,Q07866,0.040694790775507306,
P26447,Q07954,0.00028861484173379993,
P26447,Q13162,0.00043126278661156133,
P26447,Q14011,0.002687953865196505,
P26447,Q15459,0.048854959602924894,
P26447,Q15843,0.010249146482901053,
P26447,Q96L92,0.00046617533309440464,
P26447,Q9H0U4,0.027852374844342106,
P26447,Q9UHD8,0.06661758377219024,
P26447,Q9UJZ1,0.005349430170006116,
P26447,Q9UNH7,0.02830067431089162,
P26447,Q9Y3D6,0.009864458041445713,
P30085,O15143,0.0331243290360793,
P30085,O94925,0.013404317199952151,
P30085,P02652,0.023123816106140005,
P30085,P04179,0.05485553254039759,
P30085,P12956,0.03075007967737746,
P30085,P18859,0.05858666612720562,
P30085,P21281,0.0004515690712932495,
P30085,P26022,0.0757802418077475,
P30085,P26447,0.03600668063427384,
P30085,P35222,0.03546664432757369,
P30085,P36957,0.038284364122256796,
P30085,P38606,0.0010094756946901456,
P30085,P40926,0.027143986646911675,
P30085,P42765,0.0017009810315679753,
P30085,P56192,0.03654116514849524,
P30085,P61981,0.014502671642819326,
P30085,P62854,0.008652081272962736,
P30085,P62917,0.02456817420502163,
P30085,Q02218,0.03877208304610335,
P30085,Q02818,0.013856391434072144,
P30085,Q07065,0.03966469494054961,
P30085,Q07866,0.07998449109128551,
P30085,Q07954,0.004454136779763036,
P30085,Q13162,0.0274355732843453,
P30085,Q14011,0.0008403453741644276,
P30085,Q15459,0.023314226283276018,
P30085,Q15843,0.003422766093197842,
P30085,Q96L92,0.005663955154422643,
P30085,Q9H0U4,0.037552785405352423,
P30085,Q9UHD8,0.05729775945765698,
P30085,Q9UJZ1,0.03813421304147803,
P30085,Q9UNH7,0.016429365813455984,
P30085,Q9Y3D6,0.0024067219301082557,
P35222,O15143,0.017062213625250493,
P35222,O94925,0.044079862954462125,
P35222,P02652,0.005402581428268319,
P35222,P04179,0.00880070665901537,
P35222,P12956,0.10338373387300374,
P35222,P18859,0.05844672581020684,
P35222,P21281,0.010425997371950782,
P35222,P26022,0.058222267344295565,
P35222,P26447,0.046100240151371104,
P35222,P30085,0.07070836148418151,
P35222,P36957,0.033894458214455296,
P35222,P38606,0.0075950351913015015,
P35222,P40926,0.04513765009179161,
P35222,P42765,0.007890601353178182,
P35222,P56192,0.04103209086481431,
P35222,P61981,0.017125062792160063,
P35222,P62854,0.006459632016607412,
P35222,P62917,0.01862184249220157,
P35222,Q02218,0.0009326212617180772,
P35222,Q02818,0.031145152072473693,
P35222,Q07065,0.04397290696899821,
P35222,Q07866,0.04329556882085316,
P35222,Q07954,0.015885564256770807,
P35222,Q13162,0.004129765759954936,
P35222,Q14011,0.0061869493747574505,
P35222,Q15459,0.04439157859564117,
P35222,Q15843,0.005083875735967433,
P35222,Q96L92,0.003296612223039787,
P35222,Q9H0U4,0.053300761032478376,
P35222,Q9UHD8,0.07451329951827006,
P35222,Q9UJZ1,0.009733552458235381,
P35222,Q9UNH7,0.006069499275211006,
P35222,Q9Y3D6,0.0033640722089111753,
P36957,O15143,0.037813449831523356,
P36957,O94925,0.07557648317638073,
P36957,P02652,0.030011698446971012,
P36957,P04179,0.02636471420110736,
P36957,P12956,0.04517618524463503,
P36957,P18859,0.03936614507319039,
P36957,P21281,0.0079854272020392,
P36957,P26022,0.04714218389745863,
P36957,P26447,0.07030923265302035,
P36957,P30085,0.07112550201409094,
P36957,P35222,0.04167425593312341,
P36957,P38606,0.0023443528735199695,
P36957,P40926,0.05191200218712504,
P36957,P42765,0.0014361076946058085,
P36957,P56192,0.05368040811472035,
P36957,P61981,0.02065559548807722,
P36957,P62854,0.01854403494079675,
P36957,P62917,0.011172130985578024,
P36957,Q02218,0.005242082876228914,
P36957,Q02818,0.0194043868679175,
P36957,Q07065,0.023457697191528556,
P36957,Q07866,0.02086047079593244,
P36957,Q07954,0.009121173917934773,
P36957,Q13162,0.017439909070312797,
P36957,Q14011,0.002648889143791851,
P36957,Q15459,0.01751744263661075,
P36957,Q15843,0.004553929322094218,
P36957,Q96L92,0.0015454424583171743,
P36957,Q9H0U4,0.08388602054842424,
P36957,Q9UHD8,0.05870318510060639,
P36957,Q9UJZ1,0.0017301228177650219,
P36957,Q9UNH7,0.016634150000700662,
P36957,Q9Y3D6,0.01067641382053383,
P38606,O15143,0.009404854294073365,
P38606,O94925,0.016020950417085126,
P38606,P02652,0.0043995989077349525,
P38606,P04179,0.00972677607773863,
P38606,P12956,0.0357131265079625,
P38606,P18859,0.013627262396796362,
P38606,P21281,0.04893054766888447,
P38606,P26022,0.021517975624842034,
P38606,P26447,0.019566554837621125,
P38606,P30085,0.024872565654617693,
P38606,P35222,0.020346826604365206,
P38606,P36957,0.03902068389520753,
P38606,P40926,0.012114932675099268,
P38606,P42765,0.018383726092708053,
P38606,P56192,0.011852025773272414,
P38606,P61981,0.0757997195585684,
P38606,P62854,0.0034595026381609795,
P38606,P62917,0.0035673594311219,
P38606,Q02218,0.011449114607640054,
P38606,Q02818,0.01688758099834372,
P38606,Q07065,0.018540687802316647,
P38606,Q07866,0.022415274436187335,
P38606,Q07954,0.0007688981667373889,
P38606,Q13162,0.3932557911453911,
P38606,Q14011,0.03563462051985288,
P38606,Q15459,0.00966488659375503,
P38606,Q15843,0.014899377270056212,
P38606,Q96L92,0.01898065819523211,
P38606,Q9H0U4,0.0023712118055872334,
P38606,Q9UHD8,0.02234206762139217,
P38606,Q9UJZ1,0.00042401787218702925,
P38606,Q9UNH7,0.023295942942017058,
P38606,Q9Y3D6,0.001997199872402872,
P40926,O15143,0.01983059605461542,
P40926,O94925,0.019799575800904978,
P40926,P02652,0.34563578862290195,
P40926,P04179,0.06282781895295945,
P40926,P12956,0.0020688120057534578,
P40926,P18859,0.0036712269740248856,
P40926,P21281,0.005865612333911249,
P40926,P26022,0.03335001979704543,
P40926,P26447,0.02128129922517593,
P40926,P30085,0.0034864276462332343,
P40926,P35222,0.004233399539339502,
P40926,P36957,0.04271189905069406,
P40926,P38606,0.0020259238297955745,
P40926,P42765,0.010101300875821138,
P40926,P56192,0.0016033056347575215,
P40926,P61981,0.001051498124677691,
P40926,P62854,0.0005998095391810161,
P40926,P62917,0.035383227917736224,
P40926,Q02218,0.0024616988791546267,
P40926,Q02818,0.07380078585234055,
P40926,Q07065,0.058142621841773,
P40926,Q07866,0.037702302025132896,
P40926,Q07954,0.012263585228298962,
P40926,Q13162,0.015366615683800336,
P40926,Q14011,0.00064545475314624,
P40926,Q15459,0.02169202063771107,
P40926,Q15843,0.005334472205776172,
P40926,Q96L92,0.004585471228996011,
P40926,Q9H0U4,0.05657708263653825,
P40926,Q9UHD8,0.03348043466804845,
P40926,Q9UJZ1,0.0044286597780473225,
P40926,Q9UNH7,0.0023468583659147545,
P40926,Q9Y3D6,0.04583004802298023,
P42765,O15143,0.00925847848023619,
P42765,O94925,0.018700154438614107,
P42765,P02652,0.018048035973738014,
P42765,P04179,0.029475188206184912,
P42765,P12956,0.037414594848671066,
P42765,P18859,0.034798435722528366,
P42765,P21281,0.07967719562072516,
P42765,P26022,0.005636877198297316,
P42765,P26447,0.01727697451807942,
P42765,P30085,0.04094475600112454,
P42765,P35222,0.038657619569851524,
P42765,P36957,0.018096163131000584,
P42765,P38606,0.011952928501702292,
P42765,P40926,0.016182202969181318,
P42765,P56192,0.004420058717756084,
P42765,P61981,0.049192300920146,
P42765,P62854,0.062427396908813194,
P42765,P62917,0.006629820999948509,
P42765,Q02218,0.024978848249689628,
P42765,Q02818,0.012345193079180247,
P42765,Q07065,0.017222424366674975,
P42765,Q07866,0.017246006615721593,
P42765,Q07954,0.012825885186274786,
P42765,Q13162,0.09290639739950127,
P42765,Q14011,0.018889007270819776,
P42765,Q15459,0.025943660520690564,
P42765,Q15843,0.027665179022383985,
P42765,Q96L92,0.04747854379809343,
P42765,Q9H0U4,0.002808997025972463,
P42765,Q9UHD8,0.03046427224265119,
P42765,Q9UJZ1,0.009909861341297942,
P42765,Q9UNH7,0.10232362760974456,
P42765,Q9Y3D6,0.029082071666898596,
P56192,O15143,0.036222980874907794,
P56192,O94925,0.06527534421074649,
P56192,P02652,0.013085878375226357,
P56192,P04179,0.05070366398056123,
P56192,P12956,0.08424696614565466,
P56192,P18859,0.03765899415639196,
P56192,P21281,0.009982414492351877,
P56192,P26022,0.050456494730267275,
P56192,P26447,0.05593433031517615,
P56192,P30085,0.03573987925366384,
P56192,P35222,0.018880402921025045,
P56192,P36957,0.04354649179888106,
P56192,P38606,0.011254869117026858,
P56192,P40926,0.04246690211293636,
P56192,P42765,0.003257988016527486,
P56192,P61981,0.0043935000340100715,
P56192,P62854,0.024749228494148557,
P56192,P62917,0.024322190095466375,
P56192,Q02218,0.00781925393396488,
P56192,Q02818,0.016391771309844736,
P56192,Q07065,0.03850590999679314,
P56192,Q07866,0.051378023829590044,
P56192,Q07954,0.013948732837618704,
P56192,Q13162,0.0151449297813514,
P56192,Q14011,0.013408872634032135,
P56192,Q15459,0.0493326999248034,
P56192,Q15843,0.003495200806841354,
P56192,Q96L92,0.014274772459766655,
P56192,Q9H0U4,0.04074468164475858,
P56192,Q9UHD8,0.05382342019448841,
P56192,Q9UJZ1,0.00312202803035782,
P56192,Q9UNH7,0.009603709735729491,
P56192,Q9Y3D6,0.029184977206094996,
P61981,O15143,0.015300895362285072,
P61981,O94925,0.012544202917582924,
P61981,P02652,0.020639450833266074,
P61981,P04179,0.04833767275206496,
P61981,P12956,0.08857490990484065,
P61981,P18859,0.029006213952937485,
P61981,P21281,0.04426279893474915,
P61981,P26022,0.004582960768688517,
P61981,P26447,0.02537165762576026,
P61981,P30085,0.029938541835660883,
P61981,P35222,0.01779698000385248,
P61981,P36957,0.016456375160290207,
P61981,P38606,0.016479229066835098,
P61981,P40926,0.01813797950613433,
P61981,P42765,0.011291614198202982,
P61981,P56192,0.09571436949961853,
P61981,P62854,0.15744496655646176,
P61981,P62917,0.0018431339443188094,
P61981,Q02218,0.004253191012197974,
P61981,Q02818,0.015835732752615933,
P61981,Q07065,0.0041280809977458895,
P61981,Q07866,0.00287833404942915,
P61981,Q07954,0.009855352062599375,
P61981,Q13162,0.008766029305692109,
P61981,Q14011,0.013274310008693295,
P61981,Q15459,0.04262448252687949,
P61981,Q15843,0.013607380961468185,
P61981,Q96L92,0.0338490375505066,
P61981,Q9H0U4,0.001528159349129278,
P61981,Q9UHD8,0.10456845870393863,
P61981,Q9UJZ1,0.021111967535617043,
P61981,Q9UNH7,0.03958206632209642,
P61981,Q9Y3D6,0.007700849849072383,
P62854,O15143,0.01407830814531772,
P62854,O94925,0.016440201480127637,
P62854,P02652,0.016024340301532342,
P62854,P04179,0.08966457217517754,
P62854,P12956,0.03960377345788803,
P62854,P18859,0.007615182299997243,
P62854,P21281,0.007225840752045806,
P62854,P26022,0.03512680274930604,
P62854,P26447,0.10665959292931543,
P62854,P30085,0.027263892980175283,
P62854,P35222,0.024634932886949464,
P62854,P36957,0.05169387345725487,
P62854,P38606,0.013473617843570086,
P62854,P40926,0.02772860041974619,
P62854,P42765,0.0005860498157380364,
P62854,P56192,0.049481956798272914,
P62854,P61981,0.010062996697036062,
P62854,P62917,0.017139178601438047,
P62854,Q02218,0.010620906095015146,
P62854,Q02818,0.015393551355739863,
P62854,Q07065,0.051017849146501225,
P62854,Q07866,0.034111547947577564,
P62854,Q07954,0.021388731089582603,
P62854,Q13162,0.06497714031822852,
P62854,Q14011,0.0039449912440478975,
P62854,Q15459,0.04985731043695916,
P62854,Q15843,0.027399473717462243,
P62854,Q96L92,0.005095456908852267,
P62854,Q9H0U4,0.07213639738523724,
P62854,Q9UHD8,0.03470679420560896,
P62854,Q9UJZ1,0.003753364784139536,
P62854,Q9UNH7,0.004257762919480202,
P62854,Q9Y3D6,0.024829002915530585,
P62917,O15143,0.01705585136543767,
P62917,O94925,0.002611346837744073,
P62917,P02652,0.039328753276781314,
P62917,P04179,0.034512760684465835,
P62917,P12956,0.05326709126053803,
P62917,P18859,0.006376356780182243,
P62917,P21281,0.02389814742898577,
P62917,P26022,0.05231782856188096,
P62917,P26447,0.05961161345649471,
P62917,P30085,0.08535392261085838,
P62917,P35222,0.012095460800213304,
P62917,P36957,0.022812901225338803,
P62917,P38606,0.0007398961994828759,
P62917,P40926,0.012394432495772354,
P62917,P42765,0.017350772806847718,
P62917,P56192,0.017372588349114745,
P62917,P61981,0.009051090805975477,
P62917,P62854,0.0005555699113666538,
P62917,Q02218,0.013714457668283594,
P62917,Q02818,0.00551953161081084,
P62917,Q07065,0.1326357703944083,
P62917,Q07866,0.02655678786916329,
P62917,Q07954,0.021707362261216244,
P62917,Q13162,0.06005000047957912,
P62917,Q14011,0.03269875832444138,
P62917,Q15459,0.014927962537960622,
P62917,Q15843,0.025918759179899054,
P62917,Q96L92,0.01899503974154189,
P62917,Q9H0U4,0.07604045669769696,
P62917,Q9UHD8,0.038682017229672606,
P62917,Q9UJZ1,0.024064248278787878,
P62917,Q9UNH7,0.006714807194194506,
P62917,Q9Y3D6,0.0048892810942621195,
Q02218,O15143,0.016855666562808968,
Q02218,O94925,0.03620075712804262,
Q02218,P02652,0.012676337421469274,
Q02218,P04179,0.022121131728119105,
Q02218,P12956,0.037338830135696284,
Q02218,P18859,0.014675287229996089,
Q02218,P21281,0.006273572075936494,
Q02218,P26022,0.02863951419091921,
Q02218,P26447,0.04330579353518961,
Q02218,P30085,0.07120804365903728,
Q02218,P35222,0.05146916168373898,
Q02218,P36957,0.021535399659436825,
Q02218,P38606,0.0024894149439050515,
Q02218,P40926,0.02260619207004112,
Q02218,P42765,0.012629712741330557,
Q02218,P56192,0.020581125965133805,
Q02218,P61981,0.04691518937375898,
Q02218,P62854,0.010808604420612029,
Q02218,P62917,0.016230430909080232,
Q02218,Q02818,0.037969738807382046,
Q02218,Q07065,0.0440689728265739,
Q02218,Q07866,0.008546731500759096,
Q02218,Q07954,0.03466368968575419,
Q02218,Q13162,0.027827422422447637,
Q02218,Q14011,0.07799782271996816,
Q02218,Q15459,0.013313655141538339,
Q02218,Q15843,0.005518522717829929,
Q02218,Q96L92,0.04135176923225234,
Q02218,Q9H0U4,0.07505348894093142,
Q02218,Q9UHD8,0.03495070766190456,
Q02218,Q9UJZ1,0.014603825593460736,
Q02218,Q9UNH7,0.0547862831375355,
Q02218,Q9Y3D6,0.02588000691330773,
Q02818,O15143,0.02845922902633918,
Q02818,O94925,0.02793113333889662,
Q02818,P02652,0.00970440236536248,
Q02818,P04179,0.05087741013767959,
Q02818,P12956,0.03150768646565009,
Q02818,P18859,0.040942161982664406,
Q02818,P21281,0.01743950025325648,
Q02818,P26022,0.031126517526249037,
Q02818,P26447,0.009855237658472177,
Q02818,P30085,0.02541556141651854,
Q02818,P35222,0.04125778658560243,
Q02818,P36957,0.0220661658559917,
Q02818,P38606,0.025631726075816742,
Q02818,P40926,0.009762707570888637,
Q02818,P42765,0.0035913493714217547,
Q02818,P56192,0.012660233316163687,
Q02818,P61981,0.21596605624528314,
Q02818,P62854,0.0418571522663862,
Q02818,P62917,0.006937919242807467,
Q02818,Q02218,0.018516242848222522,
Q02818,Q07065,0.020392920487256886,
Q02818,Q07866,0.025865409861339637,
Q02818,Q07954,0.012272450487325661,
Q02818,Q13162,0.05757318112246613,
Q02818,Q14011,0.030027917546285022,
Q02818,Q15459,0.002314222354711644,
Q02818,Q15843,0.00682443422169734,
Q02818,Q96L92,0.0024269094774901946,
Q02818,Q9H0U4,0.013105928392908665,
Q02818,Q9UHD8,0.019550575362712035,
Q02818,Q9UJZ1,0.0014724549406834738,
Q02818,Q9UNH7,0.08465710365565762,
Q02818,Q9Y3D6,0.020418587454620864,
Q07065,O15143,0.009068748604515507,
Q07065,O94925,0.026528852040128326,
Q07065,P02652,0.0033208896450739878,
Q07065,P04179,0.0024862361723893248,
Q07065,P12956,0.032047892723646575,
Q07065,P18859,0.0026598239231647065,
Q07065,P21281,0.06654356974731541,
Q07065,P26022,0.03646329105639035,
Q07065,P26447,0.00806918288914847,
Q07065,P30085,0.0030706192272987915,
Q07065,P35222,0.004397912455147632,
Q07065,P36957,0.08119429559162046,
Q07065,P38606,0.036921280936852346,
Q07065,P40926,0.0017593459340542001,
Q07065,P42765,0.0023640821805595656,
Q07065,P56192,0.01937384757890382,
Q07065,P61981,0.015074719740608278,
Q07065,P62854,0.052881937604692154,
Q07065,P62917,0.028782609279130757,
Q07065,Q02218,0.019800647350203517,
Q07065,Q02818,0.027047925318001032,
Q07065,Q07866,0.06123342992929863,
Q07065,Q07954,0.023670557264493262,
Q07065,Q13162,0.10839384551408822,
Q07065,Q14011,0.013226438449395656,
Q07065,Q15459,0.0030205533207874986,
Q07065,Q15843,0.030487156356398554,
Q07065,Q96L92,0.04899180332819048,
Q07065,Q9H0U4,0.04977840438505386,
Q07065,Q9UHD8,0.025112110750181837,
Q07065,Q9UJZ1,0.06100232727640617,
Q07065,Q9UNH7,0.03856977331179914,
Q07065,Q9Y3D6,0.04080199120579814,
Q07866,O15143,0.01905151637024154,
Q07866,O94925,0.019791130056997203,
Q07866,P02652,0.03423668329474094,
Q07866,P04179,0.00014015294995670875,
Q07866,P12956,0.06236080327003558,
Q07866,P18859,0.009947336435899281,
Q07866,P21281,0.010559230402069082,
Q07866,P26022,0.06836990747067116,
Q07866,P26447,0.05927844881462094,
Q07866,P30085,0.02639909520975284,
Q07866,P35222,4.754494048955292e-05,
Q07866,P36957,0.04847531821921917,
Q07866,P38606,0.009589974106643754,
Q07866,P40926,0.03983680950632033,
Q07866,P42765,0.0009966030844078472,
Q07866,P56192,0.029342413606056317,
Q07866,P61981,0.00018515175309465618,
Q07866,P62854,0.010251450204903633,
Q07866,P62917,0.09786793227565542,
Q07866,Q02218,0.009957647362016877,
Q07866,Q02818,0.00012489021126972264,
Q07866,Q07065,0.039843886055726384,
Q07866,Q07954,0.010144471186218806,
Q07866,Q13162,0.05003754924051809,
Q07866,Q14011,0.024846429249225706,
Q07866,Q15459,0.02678506874173091,
Q07866,Q15843,0.023193206890745714,
Q07866,Q96L92,0.000621350721169367,
Q07866,Q9H0U4,0.06905930026580911,
Q07866,Q9UHD8,0.13627603488158074,
Q07866,Q9UJZ1,0.0016206235756906478,
Q07866,Q9UNH7,0.00022069122612398357,
Q07866,Q9Y3D6,0.01167800058954718,
Q07954,O15143,0.01776233059578197,
Q07954,O94925,0.06027449421532118,
Q07954,P02652,0.015101873012588782,
Q07954,P04179,0.045104792941816116,
Q07954,P12956,0.04919327334448534,
Q07954,P18859,0.03856844683354757,
Q07954,P21281,0.017599592672044306,
Q07954,P26022,0.03807177054755126,
Q07954,P26447,0.053675373199989024,
Q07954,P30085,0.05793008426100532,
Q07954,P35222,0.053378869286204604,
Q07954,P36957,0.027577816298913094,
Q07954,P38606,0.012504437566280658,
Q07954,P40926,0.01120726146187974,
Q07954,P42765,0.006775420912993105,
Q07954,P56192,0.08311215077807806,
Q07954,P61981,0.03136348297965937,
Q07954,P62854,0.008860517946897658,
Q07954,P62917,0.036776544303820775,
Q07954,Q02218,0.009353295235592743,
Q07954,Q02818,0.02192516557071456,
Q07954,Q07065,0.0033374257632094524,
Q07954,Q07866,0.034226956015352764,
Q07954,Q13162,0.010601633269984288,
Q07954,Q14011,0.002155070500400468,
Q07954,Q15459,0.045123552010283,
Q07954,Q15843,0.008168534192100592,
Q07954,Q96L92,0.012733805418477715,
Q07954,Q9H0U4,0.042824034761642836,
Q07954,Q9UHD8,0.04615376502299137,
Q07954,Q9UJZ1,0.005459688776578577,
Q07954,Q9UNH7,0.06305904813787712,
Q07954,Q9Y3D6,0.0202848573376294,
Q13162,O15143,0.014940233112067759,
Q13162,O94925,0.0057755306971517964,
Q13162,P02652,0.012205279248459187,
Q13162,P04179,0.05717371002362851,
Q13162,P12956,0.010760289257278049,
Q13162,P18859,0.003571863059528889,
Q13162,P21281,0.1212812825701957,
Q13162,P26022,0.01629397646738052,
Q13162,P26447,0.015929285182962702,
Q13162,P30085,0.017167283694028364,
Q13162,P35222,0.007934676406670636,
Q13162,P36957,0.0276728329737101,
Q13162,P38606,0.03009764950795256,
Q13162,P40926,0.02134346652540565,
Q13162,P42765,0.018102667301371365,
Q13162,P56192,0.018269212450892306,
Q13162,P61981,0.0014054135921185214,
Q13162,P62854,0.10870602368250003,
Q13162,P62917,0.03626515521917515,
Q13162,Q02218,0.02849627385646856,
Q13162,Q02818,0.05179010508311654,
Q13162,Q07065,0.009674714709036558,
Q13162,Q07866,0.010257563888850478,
Q13162,Q07954,0.022360708065145184,
Q13162,Q14011,0.016138702231823236,
Q13162,Q15459,0.0073770408808237035,
Q13162,Q15843,0.06006880248301916,
Q13162,Q96L92,0.002445119476668463,
Q13162,Q9H0U4,0.014939607523069175,
Q13162,Q9UHD8,0.0023360740400468335,
Q13162,Q9UJZ1,0.017173252539293023,
Q13162,Q9UNH7,0.01171761196363774,
Q13162,Q9Y3D6,0.0072614032519078995,
Q14011,O15143,0.01886133527621416,
Q14011,O94925,0.001729732331379652,
Q14011,P02652,0.018276990585844897,
Q14011,P04179,0.019200850953201634,
Q14011,P12956,0.016941953197378935,
Q14011,P18859,0.00474617375745433,
Q14011,P21281,0.021388889877322056,
Q14011,P26022,0.009427404153657032,
Q14011,P26447,0.014228263953828934,
Q14011,P30085,0.0481859689238301,
Q14011,P35222,0.019054023734328084,
Q14011,P36957,0.004002213994229019,
Q14011,P38606,0.004464498434103913,
Q14011,P40926,0.005537942481092344,
Q14011,P42765,0.0029626670644108287,
Q14011,P56192,0.013707109275128637,
Q14011,P61981,0.01276145842502218,
Q14011,P62854,0.021719443663435544,
Q14011,P62917,0.07487455620732533,
Q14011,Q02218,0.13314680030684,
Q14011,Q02818,0.00687318325275653,
Q14011,Q07065,0.3078137793928824,
Q14011,Q07866,0.0075187153886038015,
Q14011,Q07954,0.03447727826565221,
Q14011,Q13162,0.013043829211015521,
Q14011,Q15459,0.018951924886865482,
Q14011,Q15843,0.0027769295021720874,
Q14011,Q96L92,0.002725892766595094,
Q14011,Q9H0U4,0.015843559480692052,
Q14011,Q9UHD8,0.0017905595131273643,
Q14011,Q9UJZ1,0.07909200594870658,
Q14011,Q9UNH7,0.006927177905567873,
Q14011,Q9Y3D6,0.0018028758792973405,
Q15459,O15143,0.047867153901550025,
Q15459,O94925,0.03338257006320578,
Q15459,P02652,0.014878384182808157,
Q15459,P04179,0.016327964088040107,
Q15459,P12956,0.02839728617017666,
Q15459,P18859,0.07076515382536502,
Q15459,P21281,0.032966731907168194,
Q15459,P26022,0.0647413700202876,
Q15459,P26447,0.054724556237289355,
Q15459,P30085,0.011573077205017384,
Q15459,P35222,0.049557737635412075,
Q15459,P36957,0.05052257966398556,
Q15459,P38606,0.005223541556485159,
Q15459,P40926,0.002762385718703335,
Q15459,P42765,0.002607715273123982,
Q15459,P56192,0.045450511410623555,
Q15459,P61981,0.024552937787023783,
Q15459,P62854,0.007840464272368931,
Q15459,P62917,0.05484640041995656,
Q15459,Q02218,0.029413571562908452,
Q15459,Q02818,0.0337972130215784,
Q15459,Q07065,0.019744324081018762,
Q15459,Q07866,0.03714673217604436,
Q15459,Q07954,0.033389203726694607,
Q15459,Q13162,0.01446941899960596,
Q15459,Q14011,0.013420017347840728,
Q15459,Q15843,0.00816290315689439,
Q15459,Q96L92,0.0029907890078190395,
Q15459,Q9H0U4,0.07792457935296737,
Q15459,Q9UHD8,0.03378577488123336,
Q15459,Q9UJZ1,0.00278749273098326,
Q15459,Q9UNH7,0.022807111831768926,
Q15459,Q9Y3D6,0.015133681791835323,
Q15843,O15143,0.0030053552980749713,
Q15843,O94925,0.004148695496196123,
Q15843,P02652,0.028446362996230157,
Q15843,P04179,0.01194186106229879,
Q15843,P12956,0.04572985985948431,
Q15843,P18859,0.018987328610041373,
Q15843,P21281,0.0858569503601176,
Q15843,P26022,0.0182870561988497,
Q15843,P26447,0.033951241237449324,
Q15843,P30085,0.004491627129504043,
Q15843,P35222,0.006828656579462934,
Q15843,P36957,0.03242431378206927,
Q15843,P38606,0.014932778997268326,
Q15843,P40926,0.00996959629513898,
Q15843,P42765,0.018071740196441467,
Q15843,P56192,0.013855679168719447,
Q15843,P61981,0.007789960102589868,
Q15843,P62854,0.04617263736549295,
Q15843,P62917,0.07025342191146586,
Q15843,Q02218,0.01011199004207486,
Q15843,Q02818,0.0005680198632162199,
Q15843,Q07065,0.04526175403571992,
Q15843,Q07866,0.028896226130091088,
Q15843,Q07954,0.0128621933069804,
Q15843,Q13162,0.10493454686583066,
Q15843,Q14011,0.0318579829387003,
Q15843,Q15459,0.0001334265717979128,
Q15843,Q96L92,0.0025754756675840725,
Q15843,Q9H0U4,0.005040612917943405,
Q15843,Q9UHD8,0.03485291172205356,
Q15843,Q9UJZ1,0.0403197630964871,
Q15843,Q9UNH7,0.005500165956751084,
Q15843,Q9Y3D6,0.1136113966549063,
Q96L92,O15143,0.008091540842801469,
Q96L92,O94925,0.02085351147685409,
Q96L92,P02652,0.005215382518338725,
Q96L92,P04179,0.2509500684428034,
Q96L92,P12956,0.011563738940554475,
Q96L92,P18859,0.01326590509561744,
Q96L92,P21281,0.031888607295179346,
Q96L92,P26022,0.005297903563883631,
Q96L92,P26447,0.06466861155509515,
Q96L92,P30085,0.014988321860695335,
Q96L92,P35222,0.011435150967419802,
Q96L92,P36957,0.010955293677816074,
Q96L92,P38606,0.009448254531853138,
Q96L92,P40926,0.009473924743590103,
Q96L92,P42765,0.02139888097414282,
Q96L92,P56192,0.011005949641659877,
Q96L92,P61981,0.002128722455552712,
Q96L92,P62854,0.02616210099824351,
Q96L92,P62917,0.014482506674135623,
Q96L92,Q02218,0.034060291350117976,
Q96L92,Q02818,0.018442462421396758,
Q96L92,Q07065,0.05927327809541871,
Q96L92,Q07866,0.01274454643218152,
Q96L92,Q07954,0.05764526716333196,
Q96L92,Q13162,0.04575509428366891,
Q96L92,Q14011,0.08579495999843087,
Q96L92,Q15459,0.016888694071559608,
Q96L92,Q15843,0.02032624350043656,
Q96L92,Q9H0U4,0.006546653944127819,
Q96L92,Q9UHD8,0.00984111598331418,
Q96L92,Q9UJZ1,0.005742353203352001,
Q96L92,Q9UNH7,0.05118905330041043,
Q96L92,Q9Y3D6,0.006942149579158508,
Q9H0U4,O15143,0.049436840157018214,
Q9H0U4,O94925,0.038994244368473346,
Q9H0U4,P02652,0.027068927165093303,
Q9H0U4,P04179,0.012089799515706842,
Q9H0U4,P12956,0.04421264107653996,
Q9H0U4,P18859,0.028981096633739985,
Q9H0U4,P21281,0.01035331858524104,
Q9H0U4,P26022,0.08125812922005117,
Q9H0U4,P26447,0.04736144260842558,
Q9H0U4,P30085,0.03527188347877495,
Q9H0U4,P35222,0.0322181900030114,
Q9H0U4,P36957,0.041110996677100255,
Q9H0U4,P38606,0.01307531976925867,
Q9H0U4,P40926,0.03219487227162811,
Q9H0U4,P42765,0.0009482547256867511,
Q9H0U4,P56192,0.02893129229322139,
Q9H0U4,P61981,0.038030423848340704,
Q9H0U4,P62854,0.011466561128609285,
Q9H0U4,P62917,0.04685224104477525,
Q9H0U4,Q02218,0.016406991899404692,
Q9H0U4,Q02818,0.020281558646754055,
Q9H0U4,Q07065,0.03477837668164976,
Q9H0U4,Q07866,0.02318545401322262,
Q9H0U4,Q07954,0.006720936010118973,
Q9H0U4,Q13162,0.0023079512582144025,
Q9H0U4,Q14011,0.00996883735835522,
Q9H0U4,Q15459,0.012407826486434756,
Q9H0U4,Q15843,0.043919619799967675,
Q9H0U4,Q96L92,0.0031177138610424277,
Q9H0U4,Q9UHD8,0.08446232435247929,
Q9H0U4,Q9UJZ1,0.0045889019988846905,
Q9H0U4,Q9UNH7,0.024798720598549595,
Q9H0U4,Q9Y3D6,0.011811076093524516,
Q9UHD8,O15143,0.015156903671574216,
Q9UHD8,O94925,0.03191379548624338,
Q9UHD8,P02652,0.00977442527541674,
Q9UHD8,P04179,0.014396697785142269,
Q9UHD8,P12956,0.04058178775033793,
Q9UHD8,P18859,0.02229770816897171,
Q9UHD8,P21281,0.029416694537186296,
Q9UHD8,P26022,0.02086257013501655,
Q9UHD8,P26447,0.0021005971589795054,
Q9UHD8,P30085,0.11439567349400122,
Q9UHD8,P35222,0.020367507075788147,
Q9UHD8,P36957,0.022310511125127677,
Q9UHD8,P38606,0.0040975622462361685,
Q9UHD8,P40926,0.009325406683463704,
Q9UHD8,P42765,0.02718161401595294,
Q9UHD8,P56192,0.24862586451372207,
Q9UHD8,P61981,0.014518712000548358,
Q9UHD8,P62854,0.06816577926434574,
Q9UHD8,P62917,0.014701121860340345,
Q9UHD8,Q02218,0.02840683878357562,
Q9UHD8,Q02818,0.0007935871476878146,
Q9UHD8,Q07065,0.04419233293218376,
Q9UHD8,Q07866,0.05446800704070874,
Q9UHD8,Q07954,0.0014257523166506564,
Q9UHD8,Q13162,0.0026663041616933674,
Q9UHD8,Q14011,0.001688360959663627,
Q9UHD8,Q15459,0.0033880045609420944,
Q9UHD8,Q15843,0.007668031868830512,
Q9UHD8,Q96L92,0.006608381564891976,
Q9UHD8,Q9H0U4,0.016735905005417766,
Q9UHD8,Q9UJZ1,0.017052097057626905,
Q9UHD8,Q9UNH7,0.056443868978741235,
Q9UHD8,Q9Y3D6,0.0077819524192790455,
Q9UJZ1,O15143,0.011585613740551351,
Q9UJZ1,O94925,0.011801356450475222,
Q9UJZ1,P02652,0.025988561500630735,
Q9UJZ1,P04179,0.002538849416775833,
Q9UJZ1,P12956,0.0029398509102023457,
Q9UJZ1,P18859,0.004900999947154872,
Q9UJZ1,P21281,0.10868176445877059,
Q9UJZ1,P26022,0.00792422172390907,
Q9UJZ1,P26447,0.0027373687672158876,
Q9UJZ1,P30085,0.03612000364343237,
Q9UJZ1,P35222,0.040799230331296225,
Q9UJZ1,P36957,0.0254711476632083,
Q9UJZ1,P38606,0.01700207439823266,
Q9UJZ1,P40926,0.020032727609689834,
Q9UJZ1,P42765,0.02038171930742415,
Q9UJZ1,P56192,0.0560815136651246,
Q9UJZ1,P61981,0.052709059820525074,
Q9UJZ1,P62854,0.150862335686162,
Q9UJZ1,P62917,0.002828850677886951,
Q9UJZ1,Q02218,0.006657625990069916,
Q9UJZ1,Q02818,0.027159627365411287,
Q9UJZ1,Q07065,0.004293382827351922,
Q9UJZ1,Q07866,0.0054133499671665045,
Q9UJZ1,Q07954,0.04130532148437994,
Q9UJZ1,Q13162,0.021942858243426403,
Q9UJZ1,Q14011,0.029404787042753823,
Q9UJZ1,Q15459,0.004568952515877294,
Q9UJZ1,Q15843,0.056321656201599526,
Q9UJZ1,Q96L92,0.004477915286333471,
Q9UJZ1,Q9H0U4,0.009580452444995658,
Q9UJZ1,Q9UHD8,0.021936152843920313,
Q9UJZ1,Q9UNH7,0.14076770048476842,
Q9UJZ1,Q9Y3D6,0.00804669769118294,
Q9UNH7,O15143,0.030189463853103525,
Q9UNH7,O94925,0.019083137100863772,
Q9UNH7,P02652,0.0030732370253337467,
Q9UNH7,P04179,0.12220411258894487,
Q9UNH7,P12956,0.08081031238000845,
Q9UNH7,P18859,0.047599421859125225,
Q9UNH7,P21281,0.0054841023549259665,
Q9UNH7,P26022,0.0007388539829059796,
Q9UNH7,P26447,0.15744400998782293,
Q9UNH7,P30085,0.05069842434655078,
Q9UNH7,P35222,0.04109763718367331,
Q9UNH7,P36957,0.017707132095537398,
Q9UNH7,P38606,0.0027844932550159496,
Q9UNH7,P40926,0.01038492823555252,
Q9UNH7,P42765,0.008550064341997335,
Q9UNH7,P56192,0.02850831898504987,
Q9UNH7,P61981,0.0011049821641194893,
Q9UNH7,P62854,0.02689004213081287,
Q9UNH7,P62917,0.028063733770093625,
Q9UNH7,Q02218,0.01951914862215141,
Q9UNH7,Q02818,0.026426418747286545,
Q9UNH7,Q07065,0.020620981941217906,
Q9UNH7,Q07866,0.056364788655088496,
Q9UNH7,Q07954,0.0037356032422323866,
Q9UNH7,Q13162,0.05947004426613558,
Q9UNH7,Q14011,0.005684732946003129,
Q9UNH7,Q15459,0.014272489897096638,
Q9UNH7,Q15843,0.002427490359387016,
Q9UNH7,Q96L92,0.01342000254011615,
Q9UNH7,Q9H0U4,0.03158859500634323,
Q9UNH7,Q9UHD8,0.021547680581592104,
Q9UNH7,Q9UJZ1,0.012863796773339877,
Q9UNH7,Q9Y3D6,0.015061407421844022,
Q9Y3D6,O15143,0.005311154743460138,
Q9Y3D6,O94925,0.012589973580644287,
Q9Y3D6,P02652,0.04149047565721056,
Q9Y3D6,P04179,0.047239099941589806,
Q9Y3D6,P12956,0.004282727185199815,
Q9Y3D6,P18859,0.0017958400950602086,
Q9Y3D6,P21281,0.014445771558790725,
Q9Y3D6,P26022,0.0028353977001685376,
Q9Y3D6,P26447,0.007107704877567067,
Q9Y3D6,P30085,0.001886045699061621,
Q9Y3D6,P35222,0.018680382861070516,
Q9Y3D6,P36957,0.0025115601863061306,
Q9Y3D6,P38606,0.0024252218932815112,
Q9Y3D6,P40926,0.005041568833667858,
Q9Y3D6,P42765,0.001069010215497861,
Q9Y3D6,P56192,0.010685184171896211,
Q9Y3D6,P61981,0.027974734664565258,
Q9Y3D6,P62854,0.00493924044527733,
Q9Y3D6,P62917,0.011341898491697342,
Q9Y3D6,Q02218,0.012347857923488456,
Q9Y3D6,Q02818,0.014636046352191658,
Q9Y3D6,Q07065,0.0037675224691006127,
Q9Y3D6,Q07866,0.020815529139426907,
Q9Y3D6,Q07954,0.006730960756367948,
Q9Y3D6,Q13162,0.05833977406473801,
Q9Y3D6,Q14011,0.020316279184905334,
Q9Y3D6,Q15459,0.003485046127239484,
Q9Y3D6,Q15843,0.016957704629082374,
Q9Y3D6,Q96L92,0.0036958615056579642,
Q9Y3D6,Q9H0U4,0.0015637029180413,
Q9Y3D6,Q9UHD8,0.020339237069182878,
Q9Y3D6,Q9UJZ1,0.06468823700002063,
Q9Y3D6,Q9UNH7,0.0009156640257649333,
