Regulator,Target,Weight
O15143,P04406,0.018166655572112587
O15143,P05787,0.011255445779531303
O15143,P05976,8.418991122906602e-05
O15143,P06748,0.2008292392917118
O15143,P07339,0.014269787137865619
O15143,P09382,0.018949152735927063
O15143,P09936,0.10036138085336403
O15143,P13667,0.009153574360426187
O15143,P14174,0.00028294066740114994
O15143,P14314,0.0030648791091252184
O15143,P14866,0.00138115562992285
O15143,P15374,0.018462068515123272
O15143,P16989,0.015142419213601991
O15143,P17096,0.0360809760449237
O15143,P27635,0.0042265580382754115
O15143,P31949,0.00056892945842756
O15143,P37837,0.0043461224868650405
O15143,P40939,0.0030055176400160953
O15143,P46777,0.011624596332512085
O15143,P47914,0.018882058497168213
O15143,P51911,0.0026474408573498674
O15143,P56192,0.018356389077988748
O15143,P60903,0.029529079590965242
O15143,P62328,0.023256156276732488
O15143,P62854,0.025690474647142157
O15143,P62888,0.0016584615243614076
O15143,P63208,0.04301823633433278
O15143,P68104,0.01665450164741661
O15143,Q01518,0.00824909100038943
O15143,Q01995,0.012530912916830532
O15143,Q02790,0.012952267359763476
O15143,Q07065,0.009557240969183405
O15143,Q07866,0.0016688742981711467
O15143,Q14011,0.04463261147606426
O15143,Q14195,0.01752298075097415
O15143,Q15365,0.024468808608725204
O15143,Q15459,0.011993345076908708
O15143,Q16181,0.0028613159066475766
O15143,Q16629,0.0009907870559981281
O15143,Q6NYC8,0.07770147365790459
O15143,Q7Z417,0.0004021486483663697
O15143,Q92804,0.021099702031782366
O15143,Q96AC1,0.005100847747032255
O15143,Q99439,0.010910002143571304
O15143,Q99460,0.009744149248816105
O15143,Q99613,0.010946737208810417
O15143,Q99879,0.00016521088791357334
O15143,Q9UMX0,0.010867613109190096
O15143,Q9UN86,0.054685492665137496
P04406,O15143,0.0008221337953322922
P04406,P05787,0.009648656040737256
P04406,P05976,0.02668323910113778
P04406,P06748,0.034933322507898434
P04406,P07339,0.008518051066210106
P04406,P09382,0.00017821529300609724
P04406,P09936,0.011519102578244598
P04406,P13667,0.0018307708800063779
P04406,P14174,0.008561223859677135
P04406,P14314,0.0420203990329186
P04406,P14866,0.003313227232178507
P04406,P15374,0.01035653427914261
P04406,P16989,0.025291806935771446
P04406,P17096,0.022093276193213666
P04406,P27635,0.02265349075484274
P04406,P31949,0.185677371141284
P04406,P37837,0.01755632267698267
P04406,P40939,0.003995400190346602
P04406,P46777,0.005206731633753879
P04406,P47914,0.003936776991992932
P04406,P51911,0.0039965869819987496
P04406,P56192,0.01321374789555929
P04406,P60903,0.005602408073576052
P04406,P62328,0.0008564869578833576
P04406,P62854,0.02235680943432675
P04406,P62888,0.001730570726097508
P04406,P63208,0.0003257512205360311
P04406,P68104,0.011763037054435542
P04406,Q01518,0.004170438863527367
P04406,Q01995,0.0035332640788654614
P04406,Q02790,0.009319262947528557
P04406,Q07065,0.1807954134326597
P04406,Q07866,0.011427201985193026
P04406,Q14011,0.004673254827036366
P04406,Q14195,0.010699845631561115
P04406,Q15365,0.020524005622420276
P04406,Q15459,0.026300245082956464
P04406,Q16181,0.017082495648803514
P04406,Q16629,0.03829571137133232
P04406,Q6NYC8,0.009151256562636288
P04406,Q7Z417,0.0027477297124276255
P04406,Q92804,0.0847442299459388
P04406,Q96AC1,0.0021267311156686363
P04406,Q99439,0.010841372344388499
P04406,Q99460,0.0027266825405965318
P04406,Q99613,0.009464506533371284
P04406,Q99879,0.013192159617485637
P04406,Q9UMX0,0.020446923062792974
P04406,Q9UN86,0.013095818543718656
P05787,O15143,0.0017102678911102998
P05787,P04406,0.019199614362303073
P05787,P05976,0.004798494395892784
P05787,P06748,0.020074741272020483
P05787,P07339,0.0010346551875805416
P05787,P09382,0.004041722411542799
P05787,P09936,0.003018945656970438
P05787,P13667,0.010048422829733172
P05787,P14174,0.022886410264409407
P05787,P14314,0.035494708209233075
P05787,P14866,0.0025741620073347553
P05787,P15374,0.0025805840331622333
P05787,P16989,0.013541938063565056
P05787,P17096,0.019071234500462327
P05787,P27635,4.31276180664584e-05
P05787,P31949,0.030969670351318992
P05787,P37837,0.03352354668031461
P05787,P40939,0.0038422735179009775
P05787,P46777,0.0012609287840674704
P05787,P47914,0.013427341682567736
P05787,P51911,0.07144190876948851
P05787,P56192,0.09489454245703946
P05787,P60903,0.015260897012526814
P05787,P62328,0.007027219868230121
P05787,P62854,0.01772219698447115
P05787,P62888,0.01762291311521079
P05787,P63208,0.05004845909222988
P05787,P68104,0.007916097063802785
P05787,Q01518,0.008627646393615934
P05787,Q01995,0.01818505546985024
P05787,Q02790,0.017607181097872914
P05787,Q07065,0.1550268513958895
P05787,Q07866,0.008214429522323869
P05787,Q14011,0.010826699413102018
P05787,Q14195,0.017868080347160066
P05787,Q15365,0.0006363861291866227
P05787,Q15459,0.009636861626320907
P05787,Q16181,0.014849798453033169
P05787,Q16629,0.01952009300353259
P05787,Q6NYC8,0.0070597634256000285
P05787,Q7Z417,0.02652279476930862
P05787,Q92804,0.0036907398417151994
P05787,Q96AC1,0.0041246657261426135
P05787,Q99439,0.015425373203387589
P05787,Q99460,0.03898766581173416
P05787,Q99613,0.021404859896218754
P05787,Q99879,0.057120627884104457
P05787,Q9UMX0,0.0111421177388989
P05787,Q9UN86,0.008445284768445633
P05976,O15143,0.009853558764055163
P05976,P04406,0.027301405789587146
P05976,P05787,0.11118178702538734
P05976,P06748,0.02681422711175544
P05976,P07339,0.03673801261900893
P05976,P09382,0.02063739455612397
P05976,P09936,0.00012983305818261903
P05976,P13667,0.0001291370233766196
P05976,P14174,0.019812305950164373
P05976,P14314,0.018201706926137432
P05976,P14866,0.00259162173360212
P05976,P15374,0.00933874501467132
P05976,P16989,0.04587237537597067
P05976,P17096,0.02349552617781844
P05976,P27635,0.04297060265039719
P05976,P31949,0.02990304231452939
P05976,P37837,0.05265482548710124
P05976,P40939,0.011992429195922152
P05976,P46777,0.008605168178589622
P05976,P47914,0.002249385043969137
P05976,P51911,0.020715304256686443
P05976,P56192,0.005698769853817989
P05976,P60903,0.023108247074702784
P05976,P62328,0.006120869135223203
P05976,P62854,0.03425911039129006
P05976,P62888,0.020678083364653616
P05976,P63208,0.05072465728997427
P05976,P68104,0.002844934257076935
P05976,Q01518,0.011852182784732735
P05976,Q01995,0.023617772936231633
P05976,Q02790,0.011559749095399025
P05976,Q07065,0.011792827061455282
P05976,Q07866,0.004423183770362556
P05976,Q14011,0.018703719871979618
P05976,Q14195,0.03175223119420248
P05976,Q15365,0.018531162987572104
P05976,Q15459,0.04379849682292655
P05976,Q16181,0.03575204296971021
P05976,Q16629,0.0042404948789570565
P05976,Q6NYC8,0.026390450712163824
P05976,Q7Z417,0.001887056906545573
P05976,Q92804,0.00046968563248501907
P05976,Q96AC1,0.0012136225287718084
P05976,Q99439,0.002759667264830227
P05976,Q99460,0.010772420457875662
P05976,Q99613,0.04559241229685298
P05976,Q99879,0.011789463975924197
P05976,Q9UMX0,0.01369201054239816
P05976,Q9UN86,0.004786279688847678
P06748,O15143,0.0010547548799193806
P06748,P04406,0.03204485595348108
P06748,P05787,0.028558920651521394
P06748,P05976,0.002414430803734827
P06748,P07339,0.008944500776076949
P06748,P09382,0.057041170896562965
P06748,P09936,0.0003642106067747508
P06748,P13667,0.0027875706300532323
P06748,P14174,0.07351834590085597
P06748,P14314,0.019761718759237004
P06748,P14866,0.004694375136553254
P06748,P15374,0.003317425065410597
P06748,P16989,0.0013694610982503278
P06748,P17096,0.0045263064008889044
P06748,P27635,0.0003071629091430392
P06748,P31949,0.003049488219070961
P06748,P37837,0.03658545859215058
P06748,P40939,0.008825783715159862
P06748,P46777,0.02104123638034711
P06748,P47914,0.011055146446137483
P06748,P51911,0.03597646795840421
P06748,P56192,0.021276162209928895
P06748,P60903,0.002904470376488589
P06748,P62328,0.2376342988439487
P06748,P62854,0.02043677207405911
P06748,P62888,0.009501534603619072
P06748,P63208,0.010789869632786933
P06748,P68104,0.023215586842906838
P06748,Q01518,0.0005559551730421351
P06748,Q01995,0.03848155309749286
P06748,Q02790,0.019243036669224788
P06748,Q07065,0.014410224932331456
P06748,Q07866,0.003374393495376332
P06748,Q14011,0.0006004191455006382
P06748,Q14195,0.053798085250367736
P06748,Q15365,0.001981501857020448
P06748,Q15459,0.0040019057901921505
P06748,Q16181,0.020439505972269404
P06748,Q16629,0.0004833268118928695
P06748,Q6NYC8,0.0646603932528493
P06748,Q7Z417,0.002946110805930815
P06748,Q92804,0.001062253459687889
P06748,Q96AC1,0.02596716766764455
P06748,Q99439,0.009834533033320002
P06748,Q99460,0.0455109347010373
P06748,Q99613,0.0009310315627453223
P06748,Q99879,0.003154884133652684
P06748,Q9UMX0,0.0032168703886895234
P06748,Q9UN86,0.0023484264362597365
P07339,O15143,0.028999013446326737
P07339,P04406,0.020595706701691373
P07339,P05787,0.005837793254061566
P07339,P05976,4.4757301062923776e-05
P07339,P06748,0.006602484708192335
P07339,P09382,0.009223589499229374
P07339,P09936,0.02695506870050138
P07339,P13667,0.06982921435965792
P07339,P14174,0.002414475426959341
P07339,P14314,0.03672752498537637
P07339,P14866,0.017255481591961105
P07339,P15374,0.031205382000434177
P07339,P16989,0.0019150332161103943
P07339,P17096,0.014394776694038804
P07339,P27635,0.0040714018557069355
P07339,P31949,0.012755725742861585
P07339,P37837,0.005652403425243193
P07339,P40939,0.035146177112756465
P07339,P46777,0.009384706639956832
P07339,P47914,0.03744472674265503
P07339,P51911,0.006291189265220346
P07339,P56192,0.0710751635172528
P07339,P60903,0.013750085356458372
P07339,P62328,0.0021205419923209013
P07339,P62854,0.0034212051172643173
P07339,P62888,0.015714511583941753
P07339,P63208,0.09854969352557459
P07339,P68104,0.014394675937279893
P07339,Q01518,0.028411483777363085
P07339,Q01995,0.009569704435767058
P07339,Q02790,0.015225186664126525
P07339,Q07065,0.03178667918225266
P07339,Q07866,0.016327627760234897
P07339,Q14011,0.026013562598415883
P07339,Q14195,0.013682110872939994
P07339,Q15365,0.0034719687203370164
P07339,Q15459,0.0032872650568326407
P07339,Q16181,0.005344469831518609
P07339,Q16629,0.009752098279645944
P07339,Q6NYC8,0.0038577429999535322
P07339,Q7Z417,0.010975631103292709
P07339,Q92804,0.023390964767910707
P07339,Q96AC1,0.11842615936447426
P07339,Q99439,0.020104087210206675
P07339,Q99460,0.01890930373410365
P07339,Q99613,0.0004953333838643135
P07339,Q99879,0.023212108159798857
P07339,Q9UMX0,0.00816660151669399
P07339,Q9UN86,0.007817400880170163
P09382,O15143,0.00048401856611908516
P09382,P04406,0.0011271709184883685
P09382,P05787,0.0043462126107518565
P09382,P05976,0.021846402736195324
P09382,P06748,0.004536207505344667
P09382,P07339,0.007967994320649714
P09382,P09936,0.006505906939026851
P09382,P13667,0.0015242491222347467
P09382,P14174,0.026098859819501358
P09382,P14314,0.004235063135025099
P09382,P14866,0.04341513918126926
P09382,P15374,0.007677914330943861
P09382,P16989,5.447651385989237e-07
P09382,P17096,0.005267472158268548
P09382,P27635,6.766223811438027e-05
P09382,P31949,0.011136106877286167
P09382,P37837,0.000158009294710448
P09382,P40939,1.299179821133731e-05
P09382,P46777,0.0013648753421970992
P09382,P47914,0.005344876134910172
P09382,P51911,0.05176798602055466
P09382,P56192,0.017221177348559758
P09382,P60903,0.006712271237772916
P09382,P62328,0.022271137390870215
P09382,P62854,0.011641194949846369
P09382,P62888,0.12387344894821001
P09382,P63208,0.018897067626592434
P09382,P68104,0.03875454596780444
P09382,Q01518,0.0054445353469195065
P09382,Q01995,0.026113934893296532
P09382,Q02790,0.11780529107449438
P09382,Q07065,0.04803778467238888
P09382,Q07866,0.008301553260216471
P09382,Q14011,0.0029484162664900836
P09382,Q14195,0.023167138794782292
P09382,Q15365,0.008903693552229626
P09382,Q15459,5.759258091913862e-05
P09382,Q16181,0.0093427436955719
P09382,Q16629,0.0032138653187942547
P09382,Q6NYC8,3.194169279551596e-05
P09382,Q7Z417,0.026247335137291095
P09382,Q92804,0.005947380239985406
P09382,Q96AC1,0.0027421962940254218
P09382,Q99439,0.009944532580029237
P09382,Q99460,0.08933735113423152
P09382,Q99613,0.026445663689101003
P09382,Q99879,0.07123531282124379
P09382,Q9UMX0,0.06911434786352318
P09382,Q9UN86,0.0013608818070730178
P09936,O15143,0.031548872117105844
P09936,P04406,0.10366557849121064
P09936,P05787,0.007600723710896722
P09936,P05976,0.016949258663003345
P09936,P06748,0.024378419867452844
P09936,P07339,0.03269303205599639
P09936,P09382,0.016222853013648175
P09936,P13667,0.0007741774711423334
P09936,P14174,0.0038578753342065598
P09936,P14314,0.013730259905453639
P09936,P14866,0.006592607411872755
P09936,P15374,0.022061637948214887
P09936,P16989,0.00049521732283515
P09936,P17096,0.011127863119946488
P09936,P27635,0.005527457254293613
P09936,P31949,0.016038567435387684
P09936,P37837,0.019108001731350965
P09936,P40939,0.08733558744978019
P09936,P46777,0.04100670835824977
P09936,P47914,0.0031991798260884814
P09936,P51911,0.01735080930882796
P09936,P56192,0.017368731490020575
P09936,P60903,0.015142230185716697
P09936,P62328,0.0838761439762499
P09936,P62854,0.0273740359557313
P09936,P62888,0.010875694723028337
P09936,P63208,0.0028360685321777005
P09936,P68104,0.012496198098796353
P09936,Q01518,0.048884242760497985
P09936,Q01995,0.0053201609095475345
P09936,Q02790,0.034341663297969185
P09936,Q07065,0.03426559223330435
P09936,Q07866,0.015011997160439682
P09936,Q14011,0.016722212608235622
P09936,Q14195,0.02064504257022408
P09936,Q15365,0.011172326049319331
P09936,Q15459,0.009360693713288498
P09936,Q16181,0.010022883628119232
P09936,Q16629,0.031873705557311394
P09936,Q6NYC8,0.0028799945682128547
P09936,Q7Z417,0.012656510237168097
P09936,Q92804,0.01873667919295712
P09936,Q96AC1,0.005359787021764016
P09936,Q99439,0.018174833302021253
P09936,Q99460,0.00899998387188312
P09936,Q99613,0.010707860506444762
P09936,Q99879,0.015082126314310369
P09936,Q9UMX0,0.011866235142487802
P09936,Q9UN86,0.006681678595808406
P13667,O15143,0.019710955639334293
P13667,P04406,0.057028800616235005
P13667,P05787,0.04179561052134987
P13667,P05976,0.018667489091243248
P13667,P06748,0.08210977763523948
P13667,P07339,0.0054948189419003046
P13667,P09382,0.0018415761026120386
P13667,P09936,0.031658627243089245
P13667,P14174,0.01943961867902597
P13667,P14314,0.04947947021247318
P13667,P14866,0.01576848791890389
P13667,P15374,0.023037872430425377
P13667,P16989,0.010247065661879365
P13667,P17096,0.01744636000356126
P13667,P27635,0.0074411516212114365
P13667,P31949,0.024050305865505123
P13667,P37837,0.0055317900527787345
P13667,P40939,0.0016294370892425939
P13667,P46777,0.014367045485225573
P13667,P47914,0.004036037473542966
P13667,P51911,0.01396061031198024
P13667,P56192,0.012927656465172285
P13667,P60903,0.05349834642193428
P13667,P62328,0.00103506308344035
P13667,P62854,0.06867991586809635
P13667,P62888,0.006863918228307298
P13667,P63208,0.014777246471486686
P13667,P68104,0.0037924233442242347
P13667,Q01518,0.024526180371972933
P13667,Q01995,0.004602842488661708
P13667,Q02790,0.009551275984482542
P13667,Q07065,0.01867655182527882
P13667,Q07866,0.020884296871768664
P13667,Q14011,0.021553552230909205
P13667,Q14195,0.05522908345280185
P13667,Q15365,0.01759102207071909
P13667,Q15459,0.03637014711757696
P13667,Q16181,0.010197053384990403
P13667,Q16629,0.0008549938948440893
P13667,Q6NYC8,0.026287600213737026
P13667,Q7Z417,0.0009843969327792722
P13667,Q92804,0.008387035205721483
P13667,Q96AC1,0.001505345551747496
P13667,Q99439,0.027540293094442607
P13667,Q99460,0.014701338495229905
P13667,Q99613,0.022291400716998467
P13667,Q99879,0.013893948180936403
P13667,Q9UMX0,0.008452520315320003
P13667,Q9UN86,0.029601643119660546
P14174,O15143,0.06050814817341154
P14174,P04406,0.007864713075249205
P14174,P05787,0.019709418585673828
P14174,P05976,0.010487335786306009
P14174,P06748,0.022449819777092473
P14174,P07339,0.0031728340772876145
P14174,P09382,0.010562230924276161
P14174,P09936,0.028218178735787566
P14174,P13667,0.0024854594836251774
P14174,P14314,0.010491344768189432
P14174,P14866,0.024725993600964884
P14174,P15374,0.0020177816782677043
P14174,P16989,0.01806857736051301
P14174,P17096,0.017482959511083338
P14174,P27635,0.0007927990467989372
P14174,P31949,0.025395099088730867
P14174,P37837,0.009282222362780972
P14174,P40939,8.722634488119836e-05
P14174,P46777,0.010268993256989512
P14174,P47914,0.019908730563379506
P14174,P51911,0.003316584693745931
P14174,P56192,0.03446448067788539
P14174,P60903,0.012524831063771067
P14174,P62328,0.010846987384295565
P14174,P62854,0.034617735117444946
P14174,P62888,0.0019236110760436998
P14174,P63208,0.00324354982830973
P14174,P68104,0.035655537387645694
P14174,Q01518,0.010271123070487173
P14174,Q01995,0.03361146502809877
P14174,Q02790,0.005116192777634477
P14174,Q07065,0.02809322883270853
P14174,Q07866,0.013504639400264919
P14174,Q14011,0.008534095373289655
P14174,Q14195,0.002297535812895586
P14174,Q15365,0.0009205642447963383
P14174,Q15459,0.06476915146283448
P14174,Q16181,0.08708705120951041
P14174,Q16629,0.024332993037599372
P14174,Q6NYC8,0.030257906422865088
P14174,Q7Z417,0.009723905539957877
P14174,Q92804,0.022449588148610346
P14174,Q96AC1,0.022618031261452197
P14174,Q99439,0.054646400889579505
P14174,Q99460,0.0034605051304444166
P14174,Q99613,0.02533822845697797
P14174,Q99879,0.041745799353665285
P14174,Q9UMX0,0.023029285179108832
P14174,Q9UN86,0.04761912593678783
P14314,O15143,0.012141444772439915
P14314,P04406,0.03735133102352338
P14314,P05787,0.002132552533400864
P14314,P05976,0.011920110029066242
P14314,P06748,0.08634346402778754
P14314,P07339,0.011218486493324648
P14314,P09382,0.02894241202842592
P14314,P09936,0.010237760020362264
P14314,P13667,0.012608262319526262
P14314,P14174,0.01921163760662429
P14314,P14866,0.0018917080231802333
P14314,P15374,0.001228836409491157
P14314,P16989,0.02384659883095729
P14314,P17096,0.04649952421027949
P14314,P27635,0.010336704063658688
P14314,P31949,0.010770664578958606
P14314,P37837,0.008023032185771786
P14314,P40939,0.026165522061120664
P14314,P46777,3.386916219104585e-05
P14314,P47914,0.008601661435544066
P14314,P51911,0.006898864254772726
P14314,P56192,0.014952920817510868
P14314,P60903,0.0317213153916923
P14314,P62328,0.005568382525731562
P14314,P62854,0.029960112620086243
P14314,P62888,0.005632243164679561
P14314,P63208,0.026330939437633618
P14314,P68104,0.050394851144103615
P14314,Q01518,0.011034655316654556
P14314,Q01995,0.009573111230538176
P14314,Q02790,0.00701722845782157
P14314,Q07065,0.14831417308805955
P14314,Q07866,0.004615241836256605
P14314,Q14011,0.029875071620693163
P14314,Q14195,0.0005250065581066692
P14314,Q15365,0.011160798709861725
P14314,Q15459,0.012072183175620905
P14314,Q16181,0.033313472924560605
P14314,Q16629,0.01283928839573465
P14314,Q6NYC8,0.03779541014750708
P14314,Q7Z417,0.003769703775017221
P14314,Q92804,8.920837788944953e-05
P14314,Q96AC1,0.026215607961596936
P14314,Q99439,0.0022960302512955414
P14314,Q99460,7.180507411681695e-05
P14314,Q99613,0.043658789795837726
P14314,Q99879,0.0027225368480353258
P14314,Q9UMX0,0.01005483826487397
P14314,Q9UN86,0.05202062701807705
P14866,O15143,0.023828827993778362
P14866,P04406,0.011195816104267462
P14866,P05787,0.0026104827594084865
P14866,P05976,0.01028742546047248
P14866,P06748,0.002421752133326259
P14866,P07339,0.014149852899246277
P14866,P09382,0.022117003944335564
P14866,P09936,0.002288892135094646
P14866,P13667,0.0030031153678620475
P14866,P14174,0.026306120212014665
P14866,P14314,0.008621978782785361
P14866,P15374,0.00384271699652037
P14866,P16989,0.039417827210585565
P14866,P17096,0.03360590061274605
P14866,P27635,0.03338138123271355
P14866,P31949,0.011040254538950332
P14866,P37837,0.04372095843314622
P14866,P40939,0.008395382552554048
P14866,P46777,0.011966127500296644
P14866,P47914,0.020796006963574677
P14866,P51911,0.019692397937368225
P14866,P56192,0.0260999414708335
P14866,P60903,0.037102838851958614
P14866,P62328,0.0028941076253631965
P14866,P62854,0.034874128212794765
P14866,P62888,0.050166887157829756
P14866,P63208,0.058177870696675314
P14866,P68104,0.01706383271160635
P14866,Q01518,0.00048514837210799174
P14866,Q01995,0.014083642178545677
P14866,Q02790,0.02607861176521828
P14866,Q07065,0.027079107554943277
P14866,Q07866,0.01295510186261767
P14866,Q14011,0.03861941459437968
P14866,Q14195,0.016950591411706507
P14866,Q15365,0.0379855558043955
P14866,Q15459,0.010401797477359545
P14866,Q16181,0.03830554825113804
P14866,Q16629,0.019464278457765254
P14866,Q6NYC8,0.03291139389380846
P14866,Q7Z417,0.010230177352208991
P14866,Q92804,0.0018038136981404225
P14866,Q96AC1,0.006338215209992056
P14866,Q99439,0.013839741740290573
P14866,Q99460,0.04845083434342941
P14866,Q99613,0.035559236786424905
P14866,Q99879,0.00249015629035896
P14866,Q9UMX0,0.018028241296805816
P14866,Q9UN86,0.00886956316025421
P15374,O15143,0.010364944588527348
P15374,P04406,0.01915395421913339
P15374,P05787,0.011804764605515996
P15374,P05976,0.0008791216035760479
P15374,P06748,0.017652908122170335
P15374,P07339,0.01977673731179765
P15374,P09382,0.0005345077939694012
P15374,P09936,0.009388234519899808
P15374,P13667,0.009778005081586239
P15374,P14174,0.009322550890109848
P15374,P14314,0.07814325669928832
P15374,P14866,0.0001296218506090112
P15374,P16989,0.02076843179405766
P15374,P17096,0.011222373108910676
P15374,P27635,0.010705383981143865
P15374,P31949,0.09135164739469052
P15374,P37837,0.019480748979836773
P15374,P40939,0.0014815665897957517
P15374,P46777,0.0008145801775030943
P15374,P47914,0.011891641207330621
P15374,P51911,0.0011924955509700077
P15374,P56192,0.044645363725726125
P15374,P60903,0.0005842281725574714
P15374,P62328,0.001036219491647769
P15374,P62854,0.02899919767656031
P15374,P62888,0.003630179624434605
P15374,P63208,0.02025343375534304
P15374,P68104,0.009069692066849497
P15374,Q01518,0.00021477486753909442
P15374,Q01995,0.014439924044228909
P15374,Q02790,0.0018733704879597948
P15374,Q07065,0.2625147596876386
P15374,Q07866,0.0009885121291362947
P15374,Q14011,0.0018570854320670365
P15374,Q14195,0.009001099592647567
P15374,Q15365,0.005307476295922365
P15374,Q15459,0.029136490643082612
P15374,Q16181,0.009796332959105715
P15374,Q16629,0.017469949493167863
P15374,Q6NYC8,0.011117472913267807
P15374,Q7Z417,0.030076114253732807
P15374,Q92804,0.010694990965960216
P15374,Q96AC1,0.00014382928189331928
P15374,Q99439,0.011226177620063896
P15374,Q99460,0.01430391230800138
P15374,Q99613,0.04906469142868451
P15374,Q99879,0.035734084385470176
P15374,Q9UMX0,0.0006554052032806933
P15374,Q9UN86,0.02032775542360835
P16989,O15143,0.043374855023304675
P16989,P04406,0.01560231603825394
P16989,P05787,0.02213692820902426
P16989,P05976,0.0014675765182424038
P16989,P06748,0.0029480835971618406
P16989,P07339,0.112127633360679
P16989,P09382,0.03021497978824438
P16989,P09936,0.00543600219129284
P16989,P13667,0.026786278780559062
P16989,P14174,0.0022274898354790094
P16989,P14314,0.041858319205348674
P16989,P14866,0.01323724177742902
P16989,P15374,0.048052127300853315
P16989,P17096,0.009475605565167234
P16989,P27635,0.0045496535408562945
P16989,P31949,0.003827081830489842
P16989,P37837,0.014099829221597655
P16989,P40939,0.02335108920143687
P16989,P46777,0.01796758925555365
P16989,P47914,1.4723100122878334e-05
P16989,P51911,0.008772431920283907
P16989,P56192,0.02623448705523337
P16989,P60903,0.032073187159069164
P16989,P62328,0.032386497783794634
P16989,P62854,0.0006910362485172608
P16989,P62888,0.009215578078943293
P16989,P63208,0.026718228524996158
P16989,P68104,0.06237045050647009
P16989,Q01518,0.009360306137335524
P16989,Q01995,0.0017012834240340596
P16989,Q02790,0.03896284876222145
P16989,Q07065,0.023238626940634107
P16989,Q07866,0.0009200552181754397
P16989,Q14011,0.053369627772243654
P16989,Q14195,0.02703115586135016
P16989,Q15365,0.021106734501350605
P16989,Q15459,0.00019903548343942984
P16989,Q16181,0.009329132450530764
P16989,Q16629,0.04203947046958897
P16989,Q6NYC8,0.0017008515581305253
P16989,Q7Z417,0.053084255451412224
P16989,Q92804,0.00038465803726666335
P16989,Q96AC1,0.021026891886935888
P16989,Q99439,0.0003381625762237029
P16989,Q99460,0.011317230489330865
P16989,Q99613,0.011755455220792887
P16989,Q99879,0.012684304656828502
P16989,Q9UMX0,0.016605428902978562
P16989,Q9UN86,0.006627183580791416
P17096,O15143,0.040955529846315314
P17096,P04406,0.0015537213708623969
P17096,P05787,0.004173921594067758
P17096,P05976,0.0022051531343525986
P17096,P06748,0.006756001143513711
P17096,P07339,0.0072563743685731584
P17096,P09382,0.042868472317200035
P17096,P09936,0.012580191750505844
P17096,P13667,0.02103345251293758
P17096,P14174,0.005131301870542857
P17096,P14314,0.015262637925895434
P17096,P14866,0.0695457642424072
P17096,P15374,0.021993252167529634
P17096,P16989,0.0040242863674253785
P17096,P27635,0.016601306979674497
P17096,P31949,0.0017304114746747104
P17096,P37837,0.018547453187884453
P17096,P40939,0.013184688095896424
P17096,P46777,0.002880444858748835
P17096,P47914,0.002773338029456148
P17096,P51911,0.01564871184346137
P17096,P56192,0.006940906463775381
P17096,P60903,0.0004060475914083044
P17096,P62328,0.003992313657026318
P17096,P62854,0.018083330470635105
P17096,P62888,0.023854467982266165
P17096,P63208,0.008452422010395014
P17096,P68104,0.0647174397149037
P17096,Q01518,0.06603656081104615
P17096,Q01995,0.0005071578560226272
P17096,Q02790,0.03786994353067236
P17096,Q07065,0.000587363037474055
P17096,Q07866,0.058053376441593744
P17096,Q14011,0.057720312278824286
P17096,Q14195,0.00042515834036606473
P17096,Q15365,0.06097067695813387
P17096,Q15459,0.004753322429554291
P17096,Q16181,0.026372205039948148
P17096,Q16629,0.003187763293575876
P17096,Q6NYC8,0.011076930955754362
P17096,Q7Z417,0.043259142872759275
P17096,Q92804,0.008228258922141112
P17096,Q96AC1,0.06660717899484349
P17096,Q99439,0.0006578713429945857
P17096,Q99460,0.002637337205954146
P17096,Q99613,0.012369106574265955
P17096,Q99879,0.03280152677319452
P17096,Q9UMX0,0.03575094645014679
P17096,Q9UN86,0.016974516918399123
P27635,O15143,0.0011783343013534889
P27635,P04406,0.031676109930908934
P27635,P05787,0.026878692318243615
P27635,P05976,0.01069632148158285
P27635,P06748,0.035029796165628194
P27635,P07339,0.009520423548856833
P27635,P09382,0.010755359356892638
P27635,P09936,0.02797058327435098
P27635,P13667,0.01793317143506865
P27635,P14174,0.003155380075085569
P27635,P14314,0.00860438910933982
P27635,P14866,0.026776905236242293
P27635,P15374,0.005295485012781132
P27635,P16989,0.007805430983448249
P27635,P17096,0.044556944707133485
P27635,P31949,0.009741787683424272
P27635,P37837,0.009134077437892981
P27635,P40939,0.01910167886925574
P27635,P46777,0.0016140687372193277
P27635,P47914,0.03201386572932222
P27635,P51911,0.0
P27635,P56192,0.021139005290254212
P27635,P60903,0.011863376036871981
P27635,P62328,0.008180366754902246
P27635,P62854,0.039878160228902663
P27635,P62888,0.009025583921592167
P27635,P63208,0.35504710305830034
P27635,P68104,0.0036875503692405673
P27635,Q01518,0.015168744759090802
P27635,Q01995,0.0014048763954448101
P27635,Q02790,0.01126284297305149
P27635,Q07065,0.0048304243192788645
P27635,Q07866,0.009093492053397819
P27635,Q14011,9.976028061468988e-05
P27635,Q14195,0.0003215537504066635
P27635,Q15365,1.668093221920861e-06
P27635,Q15459,0.026097367277229326
P27635,Q16181,0.01372406003638856
P27635,Q16629,0.022918310948823344
P27635,Q6NYC8,0.03504512331595225
P27635,Q7Z417,0.002988884054394949
P27635,Q92804,0.013457132898144607
P27635,Q96AC1,0.009273198285736223
P27635,Q99439,0.005819195644891619
P27635,Q99460,0.014355902529570731
P27635,Q99613,0.018919800909907962
P27635,Q99879,0.002562659589379082
P27635,Q9UMX0,0.0011921180956558388
P27635,Q9UN86,0.003202932735323156
P31949,O15143,0.01176048219723339
P31949,P04406,0.03125890271724178
P31949,P05787,0.04375135669369665
P31949,P05976,0.03334145536582027
P31949,P06748,0.015153384081426824
P31949,P07339,0.04500723176258523
P31949,P09382,0.025508961053991693
P31949,P09936,0.059477495878640194
P31949,P13667,0.04110177744391001
P31949,P14174,0.021610844884629186
P31949,P14314,0.09774685227208574
P31949,P14866,0.004064651813943916
P31949,P15374,0.02611195266520373
P31949,P16989,0.010325189305979008
P31949,P17096,0.002622053943233675
P31949,P27635,0.035199753005809735
P31949,P37837,0.011435299521555602
P31949,P40939,0.01644178815415366
P31949,P46777,0.003083336847362662
P31949,P47914,0.018902052077369183
P31949,P51911,0.015728173427391537
P31949,P56192,0.009321660921956985
P31949,P60903,0.006258899831284946
P31949,P62328,0.015303993644177403
P31949,P62854,0.020776561251058805
P31949,P62888,0.0041086722610417905
P31949,P63208,0.0216607660438694
P31949,P68104,0.0008189895883641691
P31949,Q01518,0.038025939485723505
P31949,Q01995,0.039359560645820746
P31949,Q02790,0.0014973230109540827
P31949,Q07065,0.02916015387472697
P31949,Q07866,0.014853912574166439
P31949,Q14011,0.0030178634865678524
P31949,Q14195,0.03566350305066044
P31949,Q15365,0.02199664192411505
P31949,Q15459,0.022046205886767322
P31949,Q16181,0.03238971484321057
P31949,Q16629,0.011484360211349227
P31949,Q6NYC8,0.009737201677801165
P31949,Q7Z417,0.00112496523731765
P31949,Q92804,0.014280600077833733
P31949,Q96AC1,0.009458922188266909
P31949,Q99439,0.02297932082065888
P31949,Q99460,0.00797033297816306
P31949,Q99613,0.015766756543510178
P31949,Q99879,0.005595854651279342
P31949,Q9UMX0,0.0019484129913202766
P31949,Q9UN86,0.013759915184769442
P37837,O15143,0.00042234932874759087
P37837,P04406,0.10705299836813613
P37837,P05787,0.0005211928253133199
P37837,P05976,0.007392905897021129
P37837,P06748,0.10859499826511414
P37837,P07339,0.003217147662108074
P37837,P09382,0.009232867398055945
P37837,P09936,0.010034882434790926
P37837,P13667,0.030491246052814277
P37837,P14174,0.017859177190311826
P37837,P14314,0.00030037123356110363
P37837,P14866,0.0069144922065797225
P37837,P15374,0.01010392178722066
P37837,P16989,0.01162941134730753
P37837,P17096,0.01780977545192518
P37837,P27635,0.05109086503260841
P37837,P31949,0.00023247058712271723
P37837,P40939,0.008707463915334836
P37837,P46777,0.011779895679969805
P37837,P47914,0.00022734630205026058
P37837,P51911,0.007504184382682041
P37837,P56192,0.05117565544247614
P37837,P60903,0.02858767016981069
P37837,P62328,0.0008357400342137486
P37837,P62854,0.07467004902608189
P37837,P62888,0.0024207986299088604
P37837,P63208,0.03671555999277112
P37837,P68104,0.005922835556301371
P37837,Q01518,0.009846806062020493
P37837,Q01995,0.002089428573987971
P37837,Q02790,0.02203583949438845
P37837,Q07065,0.014163477777093515
P37837,Q07866,0.018325473185189723
P37837,Q14011,0.011393121266604713
P37837,Q14195,0.0025626825228362666
P37837,Q15365,0.01203465509997313
P37837,Q15459,0.003917008868450147
P37837,Q16181,0.022100526448590098
P37837,Q16629,0.004794092813026486
P37837,Q6NYC8,0.02293885584338908
P37837,Q7Z417,0.03627901891825118
P37837,Q92804,0.0012538860777558598
P37837,Q96AC1,0.03344318366717107
P37837,Q99439,0.011090393768288272
P37837,Q99460,0.028625387062896444
P37837,Q99613,0.05162392284876893
P37837,Q99879,0.0023743275392231066
P37837,Q9UMX0,0.0023275516032287263
P37837,Q9UN86,0.06533208835852694
P40939,O15143,0.0009338917286885416
P40939,P04406,0.04523721507672963
P40939,P05787,0.07355134900015252
P40939,P05976,0.02093174061039833
P40939,P06748,0.017382740949615453
P40939,P07339,0.001911280721153431
P40939,P09382,0.0023717486999576152
P40939,P09936,0.03722558926693113
P40939,P13667,0.017090523454672372
P40939,P14174,0.015588426881633099
P40939,P14314,0.025386669148379948
P40939,P14866,0.002540342575971761
P40939,P15374,0.012236374607155692
P40939,P16989,0.038074309755371856
P40939,P17096,0.05268186958720556
P40939,P27635,0.01219085328306201
P40939,P31949,0.008070278267843557
P40939,P37837,0.013277889665153943
P40939,P46777,0.022126290213486804
P40939,P47914,0.009049734836291129
P40939,P51911,0.003481719651169815
P40939,P56192,0.00207194196126979
P40939,P60903,0.07256477021426921
P40939,P62328,0.0011918386721159694
P40939,P62854,0.03466796080993745
P40939,P62888,0.003035795515629531
P40939,P63208,0.04703215509087135
P40939,P68104,0.011366636969758958
P40939,Q01518,0.020249044541789954
P40939,Q01995,0.018111633593961562
P40939,Q02790,0.0036185756025530124
P40939,Q07065,0.03979021982462475
P40939,Q07866,0.0034865160666274976
P40939,Q14011,0.0021073409959418495
P40939,Q14195,0.012985091951760121
P40939,Q15365,0.024679809927280884
P40939,Q15459,0.009518259563537683
P40939,Q16181,0.061767334291349715
P40939,Q16629,0.0003682940444668274
P40939,Q6NYC8,0.018503230416115287
P40939,Q7Z417,0.0006229346406820517
P40939,Q92804,0.01017274075989452
P40939,Q96AC1,0.0003761502486222146
P40939,Q99439,0.03978375477057805
P40939,Q99460,0.0026108503054345787
P40939,Q99613,0.05961526724513464
P40939,Q99879,0.026277278693868582
P40939,Q9UMX0,0.0009065158840628661
P40939,Q9UN86,0.04117721941683691
P46777,O15143,0.04406104735474781
P46777,P04406,0.045871970812107005
P46777,P05787,0.02023987148680587
P46777,P05976,0.0008234038374204633
P46777,P06748,0.03716961949790311
P46777,P07339,3.602318693587511e-05
P46777,P09382,0.009219348201777585
P46777,P09936,0.011187838305528582
P46777,P13667,0.00525393641850177
P46777,P14174,0.010056726589024758
P46777,P14314,0.03716681743835516
P46777,P14866,0.001536731494525344
P46777,P15374,0.032451521767279966
P46777,P16989,0.01971094533824643
P46777,P17096,0.04096299067203859
P46777,P27635,0.0004321966544606892
P46777,P31949,0.06006042216303883
P46777,P37837,0.011930352108748944
P46777,P40939,0.008250594303805259
P46777,P47914,0.018050246367621686
P46777,P51911,0.01017746528072134
P46777,P56192,0.03854834610628249
P46777,P60903,0.011550388388428366
P46777,P62328,0.0006648376547492142
P46777,P62854,0.011038748864777436
P46777,P62888,0.0005301609396388305
P46777,P63208,0.01672398790586817
P46777,P68104,0.031220108945018726
P46777,Q01518,0.011729624925814978
P46777,Q01995,0.019092751082149657
P46777,Q02790,0.0018336083255420092
P46777,Q07065,0.2311474777010538
P46777,Q07866,0.00403948998840765
P46777,Q14011,0.010259104215609521
P46777,Q14195,0.015825204523732636
P46777,Q15365,0.00545027311056457
P46777,Q15459,0.026984356349212375
P46777,Q16181,0.026809589754994485
P46777,Q16629,0.010703078220576114
P46777,Q6NYC8,0.00890591526942803
P46777,Q7Z417,0.009348498787001312
P46777,Q92804,0.0029565160867756654
P46777,Q96AC1,0.009461355949901544
P46777,Q99439,0.002387470298391517
P46777,Q99460,0.0024870929134112162
P46777,Q99613,0.02047845582967574
P46777,Q99879,0.002439236977151493
P46777,Q9UMX0,0.018227482132400084
P46777,Q9UN86,0.02450676947384714
P47914,O15143,0.008661403907051371
P47914,P04406,0.001337665943727814
P47914,P05787,0.012265537743369493
P47914,P05976,0.004057136394280594
P47914,P06748,0.00926964012728386
P47914,P07339,0.01936752663142106
P47914,P09382,0.025370137507587126
P47914,P09936,0.09966066196451383
P47914,P13667,0.007756760978026547
P47914,P14174,0.007777487155262823
P47914,P14314,0.027479251270668616
P47914,P14866,0.002198939005529988
P47914,P15374,0.0019775812336119735
P47914,P16989,0.011003933327686309
P47914,P17096,0.01735968460799364
P47914,P27635,0.0019012332149735826
P47914,P31949,0.02951678814430902
P47914,P37837,0.00394467801667336
P47914,P40939,0.003966056795085689
P47914,P46777,0.0055274619822029795
P47914,P51911,0.02095909406805161
P47914,P56192,0.0035625792764010953
P47914,P60903,0.020440155514524844
P47914,P62328,0.004295036488131402
P47914,P62854,0.028068842309884653
P47914,P62888,0.03751064818467252
P47914,P63208,0.01957704996757483
P47914,P68104,0.04119969411765283
P47914,Q01518,0.016384083260917306
P47914,Q01995,0.011488385096542174
P47914,Q02790,0.022733127197872457
P47914,Q07065,0.012221480546855602
P47914,Q07866,0.005998618992566358
P47914,Q14011,0.04078013301409648
P47914,Q14195,0.008440905261353562
P47914,Q15365,0.0021444456425841574
P47914,Q15459,0.07896646849501955
P47914,Q16181,0.0004180143835084233
P47914,Q16629,0.08422724833593444
P47914,Q6NYC8,0.018494905418920203
P47914,Q7Z417,0.008797939040581427
P47914,Q92804,0.023403543908270045
P47914,Q96AC1,0.061125816558607854
P47914,Q99439,0.009935714866402217
P47914,Q99460,0.0027216639877778704
P47914,Q99613,0.005741061473347309
P47914,Q99879,0.03837355363484797
P47914,Q9UMX0,0.023558459484874755
P47914,Q9UN86,0.0480317655209664
P51911,O15143,0.042777625424417556
P51911,P04406,0.004866246519107875
P51911,P05787,0.024742765010489262
P51911,P05976,0.019637163319794843
P51911,P06748,0.0041525937648430235
P51911,P07339,0.004081407735795427
P51911,P09382,0.03553631183234692
P51911,P09936,0.005361582271037297
P51911,P13667,0.002694717213089495
P51911,P14174,0.06593091022552783
P51911,P14314,0.020137640200199924
P51911,P14866,0.007177587184173121
P51911,P15374,0.0014366374034443141
P51911,P16989,0.017037773191634076
P51911,P17096,0.04152363482407317
P51911,P27635,9.179415184745949e-05
P51911,P31949,0.0355952479035762
P51911,P37837,0.010835907411852173
P51911,P40939,0.007686480007081537
P51911,P46777,0.03224365565140385
P51911,P47914,0.02542237889041163
P51911,P56192,0.026006168244342175
P51911,P60903,0.009803493356339805
P51911,P62328,0.015110368291990308
P51911,P62854,0.012515889404231362
P51911,P62888,0.00483837131157855
P51911,P63208,0.002497204105194226
P51911,P68104,0.023205704901158745
P51911,Q01518,0.033969617969326134
P51911,Q01995,0.0259932537963439
P51911,Q02790,0.034700543479073316
P51911,Q07065,0.04310682699786866
P51911,Q07866,0.00248377479500578
P51911,Q14011,0.006846722123372646
P51911,Q14195,0.013550867429993858
P51911,Q15365,6.398994688975145e-06
P51911,Q15459,0.01737543004576336
P51911,Q16181,0.0422580143300424
P51911,Q16629,0.04950672915985593
P51911,Q6NYC8,0.016266455254530854
P51911,Q7Z417,0.020771483436951312
P51911,Q92804,0.0012430939923058187
P51911,Q96AC1,0.020458198999429765
P51911,Q99439,0.02720040441075325
P51911,Q99460,0.01042679981488826
P51911,Q99613,0.03896835228597323
P51911,Q99879,0.030396019912864208
P51911,Q9UMX0,0.04454928322217877
P51911,Q9UN86,0.016974469797807434
P56192,O15143,0.0012014967583167605
P56192,P04406,0.0184761955554259
P56192,P05787,0.0011152065863413586
P56192,P05976,0.0006120879173274542
P56192,P06748,0.002625326086714613
P56192,P07339,0.0029630831735022946
P56192,P09382,0.029033310406318603
P56192,P09936,0.02003409974529818
P56192,P13667,0.005283105439475542
P56192,P14174,0.04351621247363124
P56192,P14314,0.0021470574096396837
P56192,P14866,0.06673923569997757
P56192,P15374,0.012274287450938693
P56192,P16989,0.010829427699995793
P56192,P17096,0.012082547552312988
P56192,P27635,0.001225346682004388
P56192,P31949,0.009202949216408254
P56192,P37837,0.010611039019278828
P56192,P40939,0.01105072460235961
P56192,P46777,0.010665027205402848
P56192,P47914,0.004656003191830536
P56192,P51911,0.07939199349291047
P56192,P60903,0.003663504938407161
P56192,P62328,0.008972607730084525
P56192,P62854,0.07125972766879961
P56192,P62888,0.05670902071609575
P56192,P63208,0.0040281549473216
P56192,P68104,0.054999493821441724
P56192,Q01518,0.003529987736349828
P56192,Q01995,0.011362893199349695
P56192,Q02790,0.06287263982944352
P56192,Q07065,0.0005471633555998046
P56192,Q07866,0.018743192357314274
P56192,Q14011,0.0024995011442615032
P56192,Q14195,0.02088736930256958
P56192,Q15365,0.02497578547311961
P56192,Q15459,0.020729857286750093
P56192,Q16181,0.025871480862279923
P56192,Q16629,0.01879403299166727
P56192,Q6NYC8,0.00513820400663896
P56192,Q7Z417,0.015513605277465179
P56192,Q92804,0.003629759594718675
P56192,Q96AC1,0.024335114752921282
P56192,Q99439,0.009679730378920065
P56192,Q99460,0.02771739602113189
P56192,Q99613,0.0598170110067445
P56192,Q99879,0.041831194240828144
P56192,Q9UMX0,0.045434761361043324
P56192,Q9UN86,0.0007210466333209308
P60903,O15143,0.11431587331318842
P60903,P04406,0.000544344304950339
P60903,P05787,0.003519311244246309
P60903,P05976,0.016198608757517895
P60903,P06748,0.060553123546130336
P60903,P07339,0.006910590341739987
P60903,P09382,0.019925664608605724
P60903,P09936,0.013069264768163296
P60903,P13667,0.009247939100473184
P60903,P14174,0.02208190911309988
P60903,P14314,0.013568001955981264
P60903,P14866,0.011440901207553809
P60903,P15374,0.013581705353235995
P60903,P16989,0.006964994564081019
P60903,P17096,0.017712485604296616
P60903,P27635,0.010970180081091638
P60903,P31949,0.057240968586150444
P60903,P37837,0.03384655529715764
P60903,P40939,0.010423518981786357
P60903,P46777,0.002997015566633619
P60903,P47914,0.057830315804946374
P60903,P51911,0.01911328228605096
P60903,P56192,0.0024770456362421807
P60903,P62328,0.06659108963236088
P60903,P62854,0.01961896069861363
P60903,P62888,0.0014910015908673323
P60903,P63208,0.013962685097229043
P60903,P68104,0.006168846163284214
P60903,Q01518,0.10020754536130452
P60903,Q01995,0.0011547286598538882
P60903,Q02790,0.005034562724002767
P60903,Q07065,0.010568705046495359
P60903,Q07866,0.002039534828382375
P60903,Q14011,0.011609256957899943
P60903,Q14195,0.009741963211592814
P60903,Q15365,0.011112072648123895
P60903,Q15459,0.03679984690850144
P60903,Q16181,0.0009131483410151248
P60903,Q16629,0.001936149911252653
P60903,Q6NYC8,0.09043315691072254
P60903,Q7Z417,0.00143680982011921
P60903,Q92804,0.001901347485422698
P60903,Q96AC1,0.025377932686951335
P60903,Q99439,0.011919388765259869
P60903,Q99460,0.0006530886144558381
P60903,Q99613,0.0030680131967587452
P60903,Q99879,0.022690779634063466
P60903,Q9UMX0,0.01512261886350466
P60903,Q9UN86,0.003913166218638496
P62328,O15143,0.010759488354683489
P62328,P04406,0.00301014590507824
P62328,P05787,0.06115649875331484
P62328,P05976,0.025011847585308417
P62328,P06748,0.01817217790812847
P62328,P07339,0.0018615419317497756
P62328,P09382,0.011410633406616801
P62328,P09936,0.003139293863618945
P62328,P13667,0.0034498651718235175
P62328,P14174,0.019285580362394996
P62328,P14314,0.011834795753099363
P62328,P14866,0.011953456172410018
P62328,P15374,0.003603914795367384
P62328,P16989,0.004181896666112464
P62328,P17096,0.03836054399154012
P62328,P27635,0.010083955450939113
P62328,P31949,0.012868235213189312
P62328,P37837,0.0017009601274911488
P62328,P40939,0.006836918264514649
P62328,P46777,0.00048121151309658903
P62328,P47914,0.007020248442095307
P62328,P51911,0.004060680648084247
P62328,P56192,0.046471947705402854
P62328,P60903,0.0028594576627514533
P62328,P62854,0.001568444824313694
P62328,P62888,0.024394153731757368
P62328,P63208,0.0036540072329970404
P62328,P68104,0.06959847905585764
P62328,Q01518,0.01912594895593868
P62328,Q01995,0.04330029310581777
P62328,Q02790,0.05733359677187597
P62328,Q07065,0.051230681242180894
P62328,Q07866,0.006432154747505176
P62328,Q14011,0.05923241419209778
P62328,Q14195,0.02176712907752909
P62328,Q15365,0.005633700523613962
P62328,Q15459,0.002077729952823294
P62328,Q16181,0.01976095332826623
P62328,Q16629,0.003516861231184544
P62328,Q6NYC8,0.0254274754894788
P62328,Q7Z417,0.01777460507542896
P62328,Q92804,0.0020138303708967455
P62328,Q96AC1,0.03187022541200934
P62328,Q99439,0.017266035981938755
P62328,Q99460,0.018257351969371453
P62328,Q99613,0.014962029582840706
P62328,Q99879,0.05198889881442281
P62328,Q9UMX0,0.07756910663390698
P62328,Q9UN86,0.034668597047134764
P62854,O15143,0.02688528990019128
P62854,P04406,0.01116160970967487
P62854,P05787,0.018008379495842313
P62854,P05976,0.006675547891952557
P62854,P06748,0.011324322158656183
P62854,P07339,0.010595010600146322
P62854,P09382,0.011181640794331201
P62854,P09936,0.0436881073613568
P62854,P13667,0.010285462531085136
P62854,P14174,0.03211513361370667
P62854,P14314,0.000953606644221868
P62854,P14866,0.01972154004459834
P62854,P15374,0.012306478223082265
P62854,P16989,0.003354759143162665
P62854,P17096,0.005065301864921238
P62854,P27635,0.0007260902531508598
P62854,P31949,0.0319239418385384
P62854,P37837,0.016103215512274192
P62854,P40939,0.0019740538129503506
P62854,P46777,0.018228156385034947
P62854,P47914,0.0016421112481395572
P62854,P51911,0.06746388338258821
P62854,P56192,0.012140754229853465
P62854,P60903,0.02284758819277558
P62854,P62328,0.018435747701431415
P62854,P62888,0.015856911711075672
P62854,P63208,0.00782156625362273
P62854,P68104,0.03279154857122516
P62854,Q01518,0.003348338916249252
P62854,Q01995,0.07750181038617321
P62854,Q02790,0.052918409445433044
P62854,Q07065,0.02157741215593588
P62854,Q07866,0.010974861583891151
P62854,Q14011,0.0025594825548851084
P62854,Q14195,0.01772973133910304
P62854,Q15365,0.0016627489318816135
P62854,Q15459,0.02889813225434536
P62854,Q16181,0.03814519635209247
P62854,Q16629,0.08353476986263957
P62854,Q6NYC8,0.010263920987768927
P62854,Q7Z417,0.012263314961723996
P62854,Q92804,0.009454773919005784
P62854,Q96AC1,0.001479650772950801
P62854,Q99439,0.08162464996486997
P62854,Q99460,0.028395216117650595
P62854,Q99613,0.01091729992911248
P62854,Q99879,0.017335217830849948
P62854,Q9UMX0,0.014804065639105026
P62854,Q9UN86,0.003333237024742675
P62888,O15143,0.016988961764304856
P62888,P04406,0.011982679025941294
P62888,P05787,0.029134456505837923
P62888,P05976,0.004999889582981512
P62888,P06748,0.011051415046182797
P62888,P07339,0.004015127889496403
P62888,P09382,0.014595936541498536
P62888,P09936,0.008619809861565315
P62888,P13667,0.004501722808471152
P62888,P14174,0.0380131848298367
P62888,P14314,0.018095596552946114
P62888,P14866,0.005605600490229655
P62888,P15374,0.0025926554342337454
P62888,P16989,0.015257103312165723
P62888,P17096,0.023515509212675624
P62888,P27635,0.02436710038777786
P62888,P31949,0.0016983907454890062
P62888,P37837,0.016939806536989142
P62888,P40939,0.021163247743824113
P62888,P46777,0.0021485099347766418
P62888,P47914,0.01551532397533974
P62888,P51911,0.04354465395454608
P62888,P56192,0.019068631672767216
P62888,P60903,0.0018173811779839725
P62888,P62328,0.006886838225180967
P62888,P62854,0.054120433859402794
P62888,P63208,0.0457638471667799
P62888,P68104,0.04637293686552175
P62888,Q01518,0.004055062782516489
P62888,Q01995,0.04248756292391609
P62888,Q02790,0.06548056170099815
P62888,Q07065,0.008207040763000212
P62888,Q07866,0.014619331903670749
P62888,Q14011,0.017339497239878543
P62888,Q14195,0.001517852483685205
P62888,Q15365,0.022020556916455138
P62888,Q15459,0.014469601360751342
P62888,Q16181,0.06598521441328753
P62888,Q16629,0.00996330942512503
P62888,Q6NYC8,0.016559933870976103
P62888,Q7Z417,0.010282736070280596
P62888,Q92804,0.011843093174161587
P62888,Q96AC1,0.012194218056097904
P62888,Q99439,0.002744063311916135
P62888,Q99460,0.05680265959414117
P62888,Q99613,0.03937054469198251
P62888,Q99879,0.04291131183576701
P62888,Q9UMX0,0.028055333362340243
P62888,Q9UN86,0.004713763014305762
P63208,O15143,0.03825658971821612
P63208,P04406,0.02566129793153077
P63208,P05787,0.018587315276490924
P63208,P05976,0.0036912680784007565
P63208,P06748,0.01874213076835975
P63208,P07339,0.0034006980930634395
P63208,P09382,0.007975103080161769
P63208,P09936,0.09614883043637039
P63208,P13667,0.018723363244474104
P63208,P14174,0.003992412345805154
P63208,P14314,0.055436695400254594
P63208,P14866,0.0008490340973771219
P63208,P15374,0.045415284500713554
P63208,P16989,0.013397438742080603
P63208,P17096,0.012288054801744268
P63208,P27635,0.009932658511506055
P63208,P31949,0.0029033599875162375
P63208,P37837,0.0016080836888176023
P63208,P40939,0.03415220033202883
P63208,P46777,0.0025893719985565287
P63208,P47914,0.02444323351393029
P63208,P51911,7.252974705176327e-05
P63208,P56192,0.0038578348599766898
P63208,P60903,0.01892545050144039
P63208,P62328,0.033172770145737926
P63208,P62854,0.029056612119823733
P63208,P62888,0.0032282950355889176
P63208,P68104,0.032476929414485524
P63208,Q01518,0.017727633923077857
P63208,Q01995,0.025981425883195415
P63208,Q02790,0.0468455065374535
P63208,Q07065,0.0009929437128240672
P63208,Q07866,0.008976027605418364
P63208,Q14011,0.03748715133693878
P63208,Q14195,0.022198181184788904
P63208,Q15365,0.005723729101941559
P63208,Q15459,0.09510242331646294
P63208,Q16181,0.015358486307433254
P63208,Q16629,0.03757020831953401
P63208,Q6NYC8,0.02524945246781461
P63208,Q7Z417,0.03183063564078923
P63208,Q92804,0.0049324523085550005
P63208,Q96AC1,0.004687069778276999
P63208,Q99439,0.011064772854888247
P63208,Q99460,0.01607834313855406
P63208,Q99613,0.00048247838110629333
P63208,Q99879,0.01198938278108692
P63208,Q9UMX0,0.009475898857306871
P63208,Q9UN86,0.011260950191049498
P68104,O15143,0.013280458312430984
P68104,P04406,0.011055236503699599
P68104,P05787,0.03503338691594699
P68104,P05976,0.027920945392976015
P68104,P06748,0.000920054244515673
P68104,P07339,0.01129307053853647
P68104,P09382,0.01590010236141893
P68104,P09936,0.0007312540163089023
P68104,P13667,0.00925612002472335
P68104,P14174,0.0658510860875248
P68104,P14314,0.0017352562665188431
P68104,P14866,0.03289222729584597
P68104,P15374,0.018290670906667184
P68104,P16989,0.0018675958201724583
P68104,P17096,2.7731594946098055e-06
P68104,P27635,0.0015181510072465178
P68104,P31949,0.002001956292584215
P68104,P37837,3.6625326287098485e-05
P68104,P40939,0.0020429537153060177
P68104,P46777,0.0031950345390697457
P68104,P47914,0.005382062185524894
P68104,P51911,0.05643476366560778
P68104,P56192,0.05352088127959117
P68104,P60903,0.0029370612001551073
P68104,P62328,0.0008613685583445356
P68104,P62854,0.03494190492530973
P68104,P62888,0.037859951473884414
P68104,P63208,0.0024383976473068975
P68104,Q01518,0.01953034860655486
P68104,Q01995,0.03867931715756039
P68104,Q02790,0.030819447924378265
P68104,Q07065,0.0012077593794380108
P68104,Q07866,0.0020475045953735334
P68104,Q14011,0.00488838801371227
P68104,Q14195,0.0002637654610349622
P68104,Q15365,0.02939154605496071
P68104,Q15459,0.007623012877806324
P68104,Q16181,0.036732109878117425
P68104,Q16629,0.020507055263284064
P68104,Q6NYC8,0.01024229135389484
P68104,Q7Z417,0.0538094487508034
P68104,Q92804,0.003834845089515718
P68104,Q96AC1,0.01279420111236522
P68104,Q99439,0.07949345842123974
P68104,Q99460,0.0364139769523397
P68104,Q99613,0.06239470092867947
P68104,Q99879,0.038192891009079646
P68104,Q9UMX0,0.0619306588182849
P68104,Q9UN86,1.922688577818622e-06
Q01518,O15143,0.012383939866141083
Q01518,P04406,0.041182794606519274
Q01518,P05787,0.0024557472877516683
Q01518,P05976,0.001464174985043099
Q01518,P06748,0.03180766674327831
Q01518,P07339,0.002480183365575303
Q01518,P09382,0.010970174156351537
Q01518,P09936,0.0037762928905782853
Q01518,P13667,0.021999161762299997
Q01518,P14174,0.0150810165773619
Q01518,P14314,0.002479868203911396
Q01518,P14866,0.03136717535044699
Q01518,P15374,0.009665410082515098
Q01518,P16989,0.013415972767087753
Q01518,P17096,0.02589447256270991
Q01518,P27635,0.027629757116630096
Q01518,P31949,0.016159687439362594
Q01518,P37837,0.00028738196850618353
Q01518,P40939,0.0245039393674225
Q01518,P46777,0.003809499502370957
Q01518,P47914,0.006745532545057808
Q01518,P51911,0.013703234365986226
Q01518,P56192,0.005905448670008649
Q01518,P60903,0.046697633991638135
Q01518,P62328,0.0016689157233807557
Q01518,P62854,0.032139017748653846
Q01518,P62888,0.010559517402960955
Q01518,P63208,0.07102079579686311
Q01518,P68104,0.010072795569422003
Q01518,Q01995,0.012236869795267157
Q01518,Q02790,0.018000240042206222
Q01518,Q07065,0.026520225800969535
Q01518,Q07866,0.03857573414711494
Q01518,Q14011,0.01719830790456907
Q01518,Q14195,0.00410094560849671
Q01518,Q15365,0.014202680372299535
Q01518,Q15459,0.01734936692275416
Q01518,Q16181,0.02113698993819629
Q01518,Q16629,0.011998376347505994
Q01518,Q6NYC8,0.051560012908752485
Q01518,Q7Z417,0.008917403034665967
Q01518,Q92804,0.14137517037971506
Q01518,Q96AC1,0.003202999217476666
Q01518,Q99439,0.05390650513200044
Q01518,Q99460,0.0075679818731447445
Q01518,Q99613,0.025836907752537667
Q01518,Q99879,0.0031701299690411787
Q01518,Q9UMX0,0.001070642123339897
Q01518,Q9UN86,0.024745302314110998
Q01995,O15143,0.008833535203877292
Q01995,P04406,0.007984443588846351
Q01995,P05787,0.014474454972381798
Q01995,P05976,0.020913459376197915
Q01995,P06748,0.01282071251052724
Q01995,P07339,0.0005941028692142649
Q01995,P09382,0.04022201326253231
Q01995,P09936,0.014866820778772352
Q01995,P13667,0.0033872511400100014
Q01995,P14174,0.053409722345738125
Q01995,P14314,0.00042374944814842653
Q01995,P14866,0.050258744421519674
Q01995,P15374,0.0007491903031843207
Q01995,P16989,0.018822644100029602
Q01995,P17096,0.0021822088146277443
Q01995,P27635,0.0019160072086384515
Q01995,P31949,0.016744197329932826
Q01995,P37837,0.0035503874169176275
Q01995,P40939,0.0015502557814174543
Q01995,P46777,0.0009929603233627756
Q01995,P47914,0.004102531143112055
Q01995,P51911,0.0351050970452759
Q01995,P56192,0.1362562880862283
Q01995,P60903,0.0001302503269376468
Q01995,P62328,0.004527248664208213
Q01995,P62854,0.026897870044477197
Q01995,P62888,0.03216545281270301
Q01995,P63208,0.003565585366747938
Q01995,P68104,0.07067429178016517
Q01995,Q01518,0.005339171142653735
Q01995,Q02790,0.07117951445273452
Q01995,Q07065,0.031328734310750055
Q01995,Q07866,0.0029423728023681805
Q01995,Q14011,0.0026316559528676165
Q01995,Q14195,0.024964933457616457
Q01995,Q15365,0.008607336223685603
Q01995,Q15459,0.0034596730098556358
Q01995,Q16181,0.004365404715234355
Q01995,Q16629,0.002110392592368184
Q01995,Q6NYC8,0.010987185756481577
Q01995,Q7Z417,0.03381750032044778
Q01995,Q92804,0.008345083329025884
Q01995,Q96AC1,0.00204727430180646
Q01995,Q99439,0.01878664753341154
Q01995,Q99460,0.002028003828079058
Q01995,Q99613,0.014831380964433209
Q01995,Q99879,0.08008482771512769
Q01995,Q9UMX0,0.08234858745801371
Q01995,Q9UN86,0.0016728436673069365
Q02790,O15143,0.02053534914474765
Q02790,P04406,0.009284719491452122
Q02790,P05787,0.045067131699532754
Q02790,P05976,0.010847998489783526
Q02790,P06748,0.0042654588513625314
Q02790,P07339,0.011853486175777046
Q02790,P09382,0.01440422528725623
Q02790,P09936,0.008617281366214346
Q02790,P13667,0.012109078012546643
Q02790,P14174,0.05313667065570681
Q02790,P14314,0.0103724754860272
Q02790,P14866,0.07104833491243506
Q02790,P15374,0.0016659113706052019
Q02790,P16989,0.009176257207086246
Q02790,P17096,0.008801590806663437
Q02790,P27635,0.012288372071847645
Q02790,P31949,0.0007042999259017674
Q02790,P37837,0.0025024166672888227
Q02790,P40939,0.0066874836911454865
Q02790,P46777,0.0051809502329807555
Q02790,P47914,0.0026133555645631162
Q02790,P51911,0.08433127457931523
Q02790,P56192,0.012227985237983047
Q02790,P60903,0.006190997529574204
Q02790,P62328,0.0010357285323835225
Q02790,P62854,0.12040683418762264
Q02790,P62888,0.051146356831714236
Q02790,P63208,0.003577121854192691
Q02790,P68104,0.03287703259908793
Q02790,Q01518,0.0006282272808699555
Q02790,Q01995,0.052003701644688205
Q02790,Q07065,0.00982232959599338
Q02790,Q07866,0.022841731897927646
Q02790,Q14011,0.001237270774440004
Q02790,Q14195,0.010789135022698463
Q02790,Q15365,0.031174549693403924
Q02790,Q15459,0.011443888414424523
Q02790,Q16181,0.025426110684277935
Q02790,Q16629,0.02673298082846552
Q02790,Q6NYC8,0.0017703712742743701
Q02790,Q7Z417,0.005514126544757065
Q02790,Q92804,0.0032876631341630094
Q02790,Q96AC1,0.002458889922707817
Q02790,Q99439,0.03893862318470473
Q02790,Q99460,0.037022007077664246
Q02790,Q99613,0.04377788381094407
Q02790,Q99879,0.016642491053694166
Q02790,Q9UMX0,0.023916343133274755
Q02790,Q9UN86,0.0016154965638281059
Q07065,O15143,0.029024082149605217
Q07065,P04406,0.0005448818031744051
Q07065,P05787,0.05260513638386909
Q07065,P05976,0.01052384810672223
Q07065,P06748,0.004863612505161872
Q07065,P07339,0.011234235941360882
Q07065,P09382,0.2773786446745669
Q07065,P09936,0.0009227800544852438
Q07065,P13667,0.001908267094728127
Q07065,P14174,0.04688320101279829
Q07065,P14314,0.02980322977206136
Q07065,P14866,0.00818084386860316
Q07065,P15374,0.003710075187454908
Q07065,P16989,0.03446300685238567
Q07065,P17096,0.0032150147141512923
Q07065,P27635,0.028492608733133303
Q07065,P31949,0.003027374190125656
Q07065,P37837,0.004141098355345539
Q07065,P40939,0.0029926640723568374
Q07065,P46777,0.012850839959420036
Q07065,P47914,0.021299583693130283
Q07065,P51911,0.030957371300425397
Q07065,P56192,0.010956277563741922
Q07065,P60903,0.010322103756614026
Q07065,P62328,0.011177046544407399
Q07065,P62854,0.0015326378640651112
Q07065,P62888,0.01609325037323676
Q07065,P63208,0.0001629973194089386
Q07065,P68104,0.06736026589460796
Q07065,Q01518,0.0036475016536658723
Q07065,Q01995,0.020912759351691557
Q07065,Q02790,0.010873345786247832
Q07065,Q07866,0.010374441694833375
Q07065,Q14011,0.005360510570634076
Q07065,Q14195,0.03626502655592551
Q07065,Q15365,0.005703252203168061
Q07065,Q15459,0.009931371899222656
Q07065,Q16181,0.0019020929571904827
Q07065,Q16629,0.001766819765818033
Q07065,Q6NYC8,0.06645618852689301
Q07065,Q7Z417,0.0012555039270557924
Q07065,Q92804,0.00836360162362702
Q07065,Q96AC1,0.018739521377653386
Q07065,Q99439,0.0050141811154863596
Q07065,Q99460,0.0011819948858009888
Q07065,Q99613,0.0031447543705158663
Q07065,Q99879,0.027117985632367815
Q07065,Q9UMX0,0.02216587227895002
Q07065,Q9UN86,0.003196294082104447
Q07866,O15143,0.06935017755144887
Q07866,P04406,0.012345807822651258
Q07866,P05787,0.0020529249149059616
Q07866,P05976,0.009352575422783085
Q07866,P06748,0.021320175714978542
Q07866,P07339,0.01893146775925549
Q07866,P09382,0.012092730700160283
Q07866,P09936,0.0032837214357990725
Q07866,P13667,0.02337486508653776
Q07866,P14174,0.0003059563256824139
Q07866,P14314,0.019848375482372938
Q07866,P14866,0.003298436573784289
Q07866,P15374,0.009740035864225905
Q07866,P16989,0.037557656885873564
Q07866,P17096,0.00988439872431593
Q07866,P27635,0.03541737146863224
Q07866,P31949,0.002902097524180813
Q07866,P37837,0.03040535714822081
Q07866,P40939,0.01425021868639398
Q07866,P46777,0.016499070170050135
Q07866,P47914,0.01678451551715142
Q07866,P51911,0.009719714253057631
Q07866,P56192,0.024742606557744063
Q07866,P60903,0.0531212518649492
Q07866,P62328,0.02067942779975908
Q07866,P62854,0.04965908173767663
Q07866,P62888,0.04868952651974945
Q07866,P63208,0.05791636151880263
Q07866,P68104,0.014532538863911324
Q07866,Q01518,0.022663550613638294
Q07866,Q01995,0.0009990371099955412
Q07866,Q02790,0.018918646052251662
Q07866,Q07065,0.0054509651525054045
Q07866,Q14011,0.05867030077792143
Q07866,Q14195,0.03938643177614585
Q07866,Q15365,0.02320457570625863
Q07866,Q15459,0.05663177518109472
Q07866,Q16181,0.038799015931777744
Q07866,Q16629,0.000446061541073449
Q07866,Q6NYC8,0.024126311331000426
Q07866,Q7Z417,0.00514601599980349
Q07866,Q92804,0.004093663963919154
Q07866,Q96AC1,0.0008186580631022795
Q07866,Q99439,0.0036778186039453037
Q07866,Q99460,0.010482167726467971
Q07866,Q99613,0.017458143098127554
Q07866,Q99879,0.009837322089398946
Q07866,Q9UMX0,0.010906306850228852
Q07866,Q9UN86,0.00022478653628870896
Q14011,O15143,0.010820887747800323
Q14011,P04406,0.004208705477990211
Q14011,P05787,0.020067137528631474
Q14011,P05976,0.02296886745888743
Q14011,P06748,0.04050827023932183
Q14011,P07339,0.006367191735335752
Q14011,P09382,0.0014003764481571167
Q14011,P09936,0.0032331788397722996
Q14011,P13667,0.02194842919994487
Q14011,P14174,0.019249298837382484
Q14011,P14314,0.007631302422509321
Q14011,P14866,0.011000590566225163
Q14011,P15374,0.01894633905795122
Q14011,P16989,0.014263514812718396
Q14011,P17096,0.03658341101785003
Q14011,P27635,0.044796262625505824
Q14011,P31949,0.008585627270000382
Q14011,P37837,0.13470805508197609
Q14011,P40939,0.0023122681400843444
Q14011,P46777,0.004764835165006624
Q14011,P47914,0.00903920258666741
Q14011,P51911,0.0296249073055144
Q14011,P56192,0.05338390819766803
Q14011,P60903,0.03281478014442252
Q14011,P62328,0.08414887875265326
Q14011,P62854,0.005363280457512558
Q14011,P62888,0.021943671240099712
Q14011,P63208,0.022270908533546224
Q14011,P68104,0.0002861986381382153
Q14011,Q01518,0.0007229023270481095
Q14011,Q01995,0.001666591754702727
Q14011,Q02790,0.023684936132024447
Q14011,Q07065,0.016062317360342117
Q14011,Q07866,0.034914684395331665
Q14011,Q14195,0.011220939320480796
Q14011,Q15365,0.0032347891740701234
Q14011,Q15459,0.0024849211387593588
Q14011,Q16181,0.011251705173527702
Q14011,Q16629,0.00017286977250035993
Q14011,Q6NYC8,0.06389597272762178
Q14011,Q7Z417,0.007049114940584526
Q14011,Q92804,0.013064539514235826
Q14011,Q96AC1,0.02027207244707633
Q14011,Q99439,0.018419036551157144
Q14011,Q99460,0.002119595641171769
Q14011,Q99613,0.007468152745302538
Q14011,Q99879,0.02773579091563262
Q14011,Q9UMX0,0.021237424505856466
Q14011,Q9UN86,0.02008135793330027
Q14195,O15143,0.0008780275646794055
Q14195,P04406,0.009858944044635788
Q14195,P05787,0.07499804752689546
Q14195,P05976,0.02175395204239238
Q14195,P06748,0.009683376833601789
Q14195,P07339,0.0207812014961401
Q14195,P09382,0.07729514595099239
Q14195,P09936,0.00039637917862054927
Q14195,P13667,0.0022455627819954484
Q14195,P14174,0.07542597394136577
Q14195,P14314,0.020023027389638803
Q14195,P14866,0.01694817636793214
Q14195,P15374,0.057079933489995086
Q14195,P16989,0.00483580621182477
Q14195,P17096,0.011800302093781901
Q14195,P27635,0.0002396336452309164
Q14195,P31949,0.02149908665499438
Q14195,P37837,0.0022714944808847224
Q14195,P40939,0.005442172599851768
Q14195,P46777,0.010002474388941345
Q14195,P47914,0.004157791768795086
Q14195,P51911,0.07280160087660195
Q14195,P56192,0.018893885550951967
Q14195,P60903,0.0005133674051061505
Q14195,P62328,0.012291771512908695
Q14195,P62854,0.02156617629767351
Q14195,P62888,0.01785683895085618
Q14195,P63208,0.002295411715473528
Q14195,P68104,0.020287014979645454
Q14195,Q01518,0.004534172227168331
Q14195,Q01995,0.07590516213134245
Q14195,Q02790,0.019003548537801285
Q14195,Q07065,0.0306867921174905
Q14195,Q07866,0.010182537104735967
Q14195,Q14011,0.0018270938541060065
Q14195,Q15365,0.0013735082027623846
Q14195,Q15459,0.027613790014086283
Q14195,Q16181,0.0008426067013677599
Q14195,Q16629,0.004880090345324317
Q14195,Q6NYC8,0.03921918426398393
Q14195,Q7Z417,0.004513766080050859
Q14195,Q92804,0.006356853032537626
Q14195,Q96AC1,0.003987495505275711
Q14195,Q99439,0.04585645256136809
Q14195,Q99460,0.004736906843661219
Q14195,Q99613,0.013635282378356716
Q14195,Q99879,0.04066187435111065
Q14195,Q9UMX0,0.04869506317943351
Q14195,Q9UN86,0.0013652428256287767
Q15365,O15143,0.005282283746992381
Q15365,P04406,0.06254095634836483
Q15365,P05787,0.007098836180023865
Q15365,P05976,0.012688320749843418
Q15365,P06748,0.05445928560401369
Q15365,P07339,0.011270478788293133
Q15365,P09382,0.002035935392501236
Q15365,P09936,0.0007637033009632341
Q15365,P13667,0.008860102359799052
Q15365,P14174,0.0038345138883236823
Q15365,P14314,0.009238905467430258
Q15365,P14866,0.0012340709258908977
Q15365,P15374,0.0008663408295000069
Q15365,P16989,0.030446693268108217
Q15365,P17096,0.030089624447823465
Q15365,P27635,0.01047489646421968
Q15365,P31949,0.004948743735624745
Q15365,P37837,0.03663438953509969
Q15365,P40939,0.0032115224284791867
Q15365,P46777,0.0035831470142705718
Q15365,P47914,0.00038375883433812126
Q15365,P51911,0.026548389205546044
Q15365,P56192,0.0289282059928949
Q15365,P60903,0.11469351921951136
Q15365,P62328,0.00344209757653455
Q15365,P62854,0.07412889114712354
Q15365,P62888,0.02394586291007343
Q15365,P63208,0.0721635774625057
Q15365,P68104,0.01255619584001548
Q15365,Q01518,0.009457225372281285
Q15365,Q01995,0.019020217191409765
Q15365,Q02790,0.02054922838360094
Q15365,Q07065,8.964645467401692e-05
Q15365,Q07866,0.0007834494347690089
Q15365,Q14011,0.009763590542215742
Q15365,Q14195,0.005360843236328715
Q15365,Q15459,0.03678110570588535
Q15365,Q16181,0.027153180112436424
Q15365,Q16629,0.006661072507679305
Q15365,Q6NYC8,0.04684728757504489
Q15365,Q7Z417,0.0009455878942958747
Q15365,Q92804,0.009872636460854544
Q15365,Q96AC1,0.0025568202380667005
Q15365,Q99439,0.03183694428145313
Q15365,Q99460,0.025362353869123725
Q15365,Q99613,0.042873125602304885
Q15365,Q99879,0.0017895145207796651
Q15365,Q9UMX0,0.0018371328693897765
Q15365,Q9UN86,0.044105789083297875
Q15459,O15143,0.024670148162586225
Q15459,P04406,0.018693841272155492
Q15459,P05787,0.005088217500965515
Q15459,P05976,0.09261159881521006
Q15459,P06748,0.016894674878983836
Q15459,P07339,0.004446861343903433
Q15459,P09382,0.008819721728189678
Q15459,P09936,0.01231225149581592
Q15459,P13667,0.11053217339898194
Q15459,P14174,0.003465726936814543
Q15459,P14314,0.017347410712832207
Q15459,P14866,0.010076009261777409
Q15459,P15374,0.010319910809599958
Q15459,P16989,0.007369137891119632
Q15459,P17096,0.01591551342581393
Q15459,P27635,0.011019779136770094
Q15459,P31949,0.012580719112772221
Q15459,P37837,0.007233573603632178
Q15459,P40939,0.006122143376557143
Q15459,P46777,0.02292944797885453
Q15459,P47914,0.016238496512117426
Q15459,P51911,0.0026593312978694826
Q15459,P56192,0.0070591449059127604
Q15459,P60903,0.0159016185117699
Q15459,P62328,0.013066046940557243
Q15459,P62854,0.02077426387621092
Q15459,P62888,0.003085784065051975
Q15459,P63208,0.022587020019584857
Q15459,P68104,0.009898109133561766
Q15459,Q01518,0.2147617772332471
Q15459,Q01995,0.0022434404490884433
Q15459,Q02790,0.0003468115663741421
Q15459,Q07065,0.013044070465866848
Q15459,Q07866,0.01562750134229476
Q15459,Q14011,0.013903978819861267
Q15459,Q14195,0.004079072823555768
Q15459,Q15365,0.013695616407585315
Q15459,Q16181,0.010348980526761763
Q15459,Q16629,0.007994685062830766
Q15459,Q6NYC8,0.013328934202915301
Q15459,Q7Z417,0.002641426380463985
Q15459,Q92804,0.008922115953297937
Q15459,Q96AC1,0.07888237284891236
Q15459,Q99439,0.0226596564589817
Q15459,Q99460,0.008435268000275154
Q15459,Q99613,0.001977719120969032
Q15459,Q99879,0.012216792506506934
Q15459,Q9UMX0,0.004252158455581452
Q15459,Q9UN86,0.020918945268657802
Q16181,O15143,0.009481661718620485
Q16181,P04406,0.020067055709754932
Q16181,P05787,0.012086966683317598
Q16181,P05976,0.011175764025456121
Q16181,P06748,0.0023569924609916785
Q16181,P07339,0.0029619518779716064
Q16181,P09382,0.007445867419330376
Q16181,P09936,0.015405185881824792
Q16181,P13667,0.010432772395342469
Q16181,P14174,0.030157139553554337
Q16181,P14314,0.003126066987132452
Q16181,P14866,0.05396535924881462
Q16181,P15374,0.0018876023931448265
Q16181,P16989,0.016213754347560946
Q16181,P17096,0.029317762894886416
Q16181,P27635,0.019671917348205954
Q16181,P31949,0.002943083979121823
Q16181,P37837,0.011992925936825112
Q16181,P40939,0.013454957027307753
Q16181,P46777,0.0025889568426500685
Q16181,P47914,0.006971264430138847
Q16181,P51911,0.027707933891249845
Q16181,P56192,0.04399475267144082
Q16181,P60903,0.03333786542413801
Q16181,P62328,0.0019922037246296862
Q16181,P62854,0.08325580119986485
Q16181,P62888,0.0538394502210293
Q16181,P63208,0.0030121386046673914
Q16181,P68104,0.00032073699708101526
Q16181,Q01518,0.0016269956300092334
Q16181,Q01995,0.002586473480773015
Q16181,Q02790,0.008836221188061651
Q16181,Q07065,0.010074856102522267
Q16181,Q07866,0.04574010208047335
Q16181,Q14011,0.032075504244489496
Q16181,Q14195,0.0008535155357082636
Q16181,Q15365,0.04738664554643173
Q16181,Q15459,0.041483368655949794
Q16181,Q16629,0.058085031644646755
Q16181,Q6NYC8,0.002994569688453514
Q16181,Q7Z417,0.029078889672243355
Q16181,Q92804,0.007814445351124657
Q16181,Q96AC1,0.012215821447410975
Q16181,Q99439,0.0033207659084340106
Q16181,Q99460,0.052286676712682015
Q16181,Q99613,0.06223221724943889
Q16181,Q99879,0.0018214681395734708
Q16181,Q9UMX0,0.010010405653093277
Q16181,Q9UN86,0.03831013417242628
Q16629,O15143,0.048547134782646904
Q16629,P04406,0.016540219729190814
Q16629,P05787,0.023030238278843252
Q16629,P05976,0.04297072128700018
Q16629,P06748,0.0394538182141346
Q16629,P07339,0.0026473892649192666
Q16629,P09382,0.008468846955033865
Q16629,P09936,0.023807685598951273
Q16629,P13667,0.024729225261971882
Q16629,P14174,0.03147842314264429
Q16629,P14314,0.007307279589669038
Q16629,P14866,0.00506641442374863
Q16629,P15374,0.019448601871091972
Q16629,P16989,0.006912919068868698
Q16629,P17096,0.013017759165591813
Q16629,P27635,0.0014892539704918447
Q16629,P31949,0.03750337775796936
Q16629,P37837,0.00394072349347193
Q16629,P40939,0.03730864468861595
Q16629,P46777,0.015734684459726204
Q16629,P47914,0.026592734212203758
Q16629,P51911,0.029804452086366555
Q16629,P56192,0.004489926673078215
Q16629,P60903,0.04042552126109508
Q16629,P62328,0.0010150426343324837
Q16629,P62854,0.07581769391325825
Q16629,P62888,0.009743455792286849
Q16629,P63208,0.006668676506359756
Q16629,P68104,0.006254519135372359
Q16629,Q01518,0.03473706090255058
Q16629,Q01995,0.017580160528028015
Q16629,Q02790,0.016284264124013494
Q16629,Q07065,0.022582734453406902
Q16629,Q07866,0.004893884364365105
Q16629,Q14011,0.02291408332245202
Q16629,Q14195,0.036312486239508175
Q16629,Q15365,0.003207463309992267
Q16629,Q15459,0.05792285189900273
Q16629,Q16181,0.04207093705613387
Q16629,Q6NYC8,0.014871400516847369
Q16629,Q7Z417,0.0003318388788743549
Q16629,Q92804,0.008518257433560652
Q16629,Q96AC1,0.0020746367601754624
Q16629,Q99439,0.04450319081792844
Q16629,Q99460,5.657183054981515e-05
Q16629,Q99613,0.03347078099856696
Q16629,Q99879,0.0018244636348132715
Q16629,Q9UMX0,0.009514357735416337
Q16629,Q9UN86,0.016113191974879114
Q6NYC8,O15143,0.05618494219155176
Q6NYC8,P04406,0.0012955366119906725
Q6NYC8,P05787,0.017127764140610614
Q6NYC8,P05976,0.0021952785866774667
Q6NYC8,P06748,0.0004325348645217075
Q6NYC8,P07339,0.012033577195560429
Q6NYC8,P09382,0.03357281969167327
Q6NYC8,P09936,0.0068410680598481955
Q6NYC8,P13667,0.03932566552046412
Q6NYC8,P14174,0.014672536454670261
Q6NYC8,P14314,0.008821174080491817
Q6NYC8,P14866,0.0060718999430623925
Q6NYC8,P15374,0.01343977008101188
Q6NYC8,P16989,0.00867067699869462
Q6NYC8,P17096,0.003364700043065563
Q6NYC8,P27635,0.0072994789451998375
Q6NYC8,P31949,0.0012276861895533378
Q6NYC8,P37837,0.00823428047266799
Q6NYC8,P40939,0.027212384297323203
Q6NYC8,P46777,0.005801242993542348
Q6NYC8,P47914,0.016237747423833417
Q6NYC8,P51911,0.023827724159040536
Q6NYC8,P56192,0.05504997476411688
Q6NYC8,P60903,0.010607135324848027
Q6NYC8,P62328,0.0009841029271253022
Q6NYC8,P62854,0.013704690740632715
Q6NYC8,P62888,0.0008009926967367524
Q6NYC8,P63208,0.02954646707949589
Q6NYC8,P68104,0.046407650879964554
Q6NYC8,Q01518,0.0098253080208355
Q6NYC8,Q01995,0.002387728273183678
Q6NYC8,Q02790,0.18977276693517822
Q6NYC8,Q07065,0.02325375028043226
Q6NYC8,Q07866,0.003054312857950981
Q6NYC8,Q14011,0.014718148629409632
Q6NYC8,Q14195,0.010737206045723644
Q6NYC8,Q15365,0.009801932550435464
Q6NYC8,Q15459,0.02551497575649272
Q6NYC8,Q16181,0.011767962560987572
Q6NYC8,Q16629,0.015327260884796993
Q6NYC8,Q7Z417,0.11989565792331343
Q6NYC8,Q92804,0.0013756005804202362
Q6NYC8,Q96AC1,0.008151810838541773
Q6NYC8,Q99439,0.007761045257073712
Q6NYC8,Q99460,0.007329016773563402
Q6NYC8,Q99613,0.007131292084835433
Q6NYC8,Q99879,0.03326084264821631
Q6NYC8,Q9UMX0,0.026879799177397228
Q6NYC8,Q9UN86,0.0010620785632362597
Q7Z417,O15143,0.007215397095465358
Q7Z417,P04406,0.0013895207929625903
Q7Z417,P05787,0.003622544430302505
Q7Z417,P05976,0.0026879883885135443
Q7Z417,P06748,0.0017771761479540022
Q7Z417,P07339,0.0003836591426844324
Q7Z417,P09382,0.010662772473221609
Q7Z417,P09936,0.0024052874707351443
Q7Z417,P13667,0.000731960138894493
Q7Z417,P14174,0.009917323215366855
Q7Z417,P14314,0.0003778151779137883
Q7Z417,P14866,0.08550751342621217
Q7Z417,P15374,0.002055901235109561
Q7Z417,P16989,0.03219192550615862
Q7Z417,P17096,0.03216474701686059
Q7Z417,P27635,0.018151526501336928
Q7Z417,P31949,0.013321114800777006
Q7Z417,P37837,0.01175845658940143
Q7Z417,P40939,0.008684968772232661
Q7Z417,P46777,0.028715854643186888
Q7Z417,P47914,0.0035333843413381605
Q7Z417,P51911,0.02032314215223171
Q7Z417,P56192,0.03506716003414411
Q7Z417,P60903,0.05039183144726174
Q7Z417,P62328,0.002536797683434816
Q7Z417,P62854,0.0926671709240379
Q7Z417,P62888,0.0445489268536887
Q7Z417,P63208,0.01739250877536451
Q7Z417,P68104,0.009469157123382447
Q7Z417,Q01518,0.007907623290433614
Q7Z417,Q01995,0.0033367001760494803
Q7Z417,Q02790,0.03458524277692379
Q7Z417,Q07065,0.005539132112943173
Q7Z417,Q07866,0.008668641139078866
Q7Z417,Q14011,0.07850926363350916
Q7Z417,Q14195,0.0012640188198886312
Q7Z417,Q15365,0.034848222584011754
Q7Z417,Q15459,0.007828354146133787
Q7Z417,Q16181,0.011672717153525478
Q7Z417,Q16629,0.011273038253504444
Q7Z417,Q6NYC8,0.01565115233059856
Q7Z417,Q92804,0.019552056818944678
Q7Z417,Q96AC1,0.0021194442291098585
Q7Z417,Q99439,0.0006842554445398674
Q7Z417,Q99460,0.08327272014906334
Q7Z417,Q99613,0.08112624250240474
Q7Z417,Q99879,0.0069029752126082145
Q7Z417,Q9UMX0,0.011282980409120201
Q7Z417,Q9UN86,0.02432168651743406
Q92804,O15143,0.03301509011271046
Q92804,P04406,0.010482552300238156
Q92804,P05787,0.05818470887772241
Q92804,P05976,0.025971127644458938
Q92804,P06748,0.023463897368022287
Q92804,P07339,0.020380013377971507
Q92804,P09382,0.010157723144071753
Q92804,P09936,0.04132812215964802
Q92804,P13667,0.04386340363033979
Q92804,P14174,0.02023580963762238
Q92804,P14314,0.09119392244540633
Q92804,P14866,0.0045147810859003275
Q92804,P15374,0.02907412195591878
Q92804,P16989,0.0029718836338956437
Q92804,P17096,0.014672877498327491
Q92804,P27635,0.03332679578036251
Q92804,P31949,0.01592789080051538
Q92804,P37837,0.0067101495965609815
Q92804,P40939,0.01606984345057067
Q92804,P46777,0.01846024031696494
Q92804,P47914,0.011373117874239226
Q92804,P51911,0.008979027402367123
Q92804,P56192,0.015157659007587271
Q92804,P60903,0.003477860144819426
Q92804,P62328,0.007715281295796121
Q92804,P62854,0.023095587513298876
Q92804,P62888,0.009494206093396497
Q92804,P63208,0.03009397787046902
Q92804,P68104,0.008494153648758829
Q92804,Q01518,0.01700357484920938
Q92804,Q01995,0.03131727954509843
Q92804,Q02790,0.0095372749943844
Q92804,Q07065,0.029701499512629452
Q92804,Q07866,0.015559935083039015
Q92804,Q14011,0.03975539676449239
Q92804,Q14195,0.014157262327675653
Q92804,Q15365,0.010662755961607092
Q92804,Q15459,0.024203591095898112
Q92804,Q16181,0.007826005170656559
Q92804,Q16629,0.03386567642882817
Q92804,Q6NYC8,0.012088673615163536
Q92804,Q7Z417,0.013093314495570253
Q92804,Q96AC1,0.016910296668829126
Q92804,Q99439,0.01670959665072435
Q92804,Q99460,0.003969079546727529
Q92804,Q99613,0.008836620023108513
Q92804,Q99879,0.02109269463624053
Q92804,Q9UMX0,0.014499584116927125
Q92804,Q9UN86,0.02132406284522937
Q96AC1,O15143,0.03696609313643022
Q96AC1,P04406,0.035099342065777084
Q96AC1,P05787,0.018372632866207717
Q96AC1,P05976,0.008530393694955557
Q96AC1,P06748,0.036065685943058666
Q96AC1,P07339,0.010464106986591086
Q96AC1,P09382,0.01802627747848549
Q96AC1,P09936,0.021008472705504218
Q96AC1,P13667,0.019865001196147324
Q96AC1,P14174,0.0005185863240911664
Q96AC1,P14314,0.010327683213723264
Q96AC1,P14866,0.02012435779697943
Q96AC1,P15374,0.018726050353730476
Q96AC1,P16989,0.0059643147547968475
Q96AC1,P17096,0.017011448559655418
Q96AC1,P27635,0.03302074528522146
Q96AC1,P31949,0.00559433189734602
Q96AC1,P37837,0.017424012851888174
Q96AC1,P40939,0.006783512766829365
Q96AC1,P46777,0.007714958037764674
Q96AC1,P47914,0.007735413481902292
Q96AC1,P51911,0.015278759247588524
Q96AC1,P56192,0.013846601378213919
Q96AC1,P60903,0.01934359624697289
Q96AC1,P62328,0.02154913382470143
Q96AC1,P62854,0.03380580200055553
Q96AC1,P62888,0.017049249683285656
Q96AC1,P63208,0.042552633123150524
Q96AC1,P68104,0.019490581371326515
Q96AC1,Q01518,0.002158107734689574
Q96AC1,Q01995,0.010321259862977281
Q96AC1,Q02790,0.04354065869952989
Q96AC1,Q07065,0.017639151046827804
Q96AC1,Q07866,0.024114421366412262
Q96AC1,Q14011,0.04890449472500342
Q96AC1,Q14195,0.0009874371318125824
Q96AC1,Q15365,0.05978130658308887
Q96AC1,Q15459,0.039591978874448146
Q96AC1,Q16181,0.03272305088111782
Q96AC1,Q16629,0.0030417239956107077
Q96AC1,Q6NYC8,0.02925571726442478
Q96AC1,Q7Z417,0.010038124241612325
Q96AC1,Q92804,0.02482222625767525
Q96AC1,Q99439,0.004391004544563927
Q96AC1,Q99460,0.019725031802791924
Q96AC1,Q99613,0.006610621157527935
Q96AC1,Q99879,0.03421927923306462
Q96AC1,Q9UMX0,0.021574763630603445
Q96AC1,Q9UN86,0.02829986269333667
Q99439,O15143,0.05506715896488453
Q99439,P04406,0.021045776530672564
Q99439,P05787,0.037781002399610235
Q99439,P05976,0.015735970570128054
Q99439,P06748,0.00474695273242073
Q99439,P07339,0.0013697497691973978
Q99439,P09382,0.002236444935850788
Q99439,P09936,0.0603427852493306
Q99439,P13667,0.004273461100515832
Q99439,P14174,0.021103719324144912
Q99439,P14314,0.01880355888307014
Q99439,P14866,0.0004355363944453398
Q99439,P15374,0.009837203823038845
Q99439,P16989,0.027459444203219573
Q99439,P17096,0.020063955392391208
Q99439,P27635,0.006269409342400643
Q99439,P31949,0.057375152853289535
Q99439,P37837,0.03224607019599858
Q99439,P40939,0.021585170207502422
Q99439,P46777,0.02597027403235392
Q99439,P47914,0.012554269478426472
Q99439,P51911,0.004212747534027738
Q99439,P56192,0.021289016004503693
Q99439,P60903,0.007917131317775045
Q99439,P62328,0.010511768373601587
Q99439,P62854,0.028426214537384257
Q99439,P62888,0.004365036200390563
Q99439,P63208,0.012817903689617405
Q99439,P68104,0.02815045905677425
Q99439,Q01518,0.02499119754833379
Q99439,Q01995,0.03193636498717315
Q99439,Q02790,0.008120554338318275
Q99439,Q07065,0.02784879646458923
Q99439,Q07866,0.0009695250135046611
Q99439,Q14011,0.013878232044836956
Q99439,Q14195,0.019027882403820976
Q99439,Q15365,0.009253175614789172
Q99439,Q15459,0.024055269009345816
Q99439,Q16181,0.028641178301234662
Q99439,Q16629,0.06250172710576461
Q99439,Q6NYC8,0.02825542920234738
Q99439,Q7Z417,0.01841816810287471
Q99439,Q92804,0.004037451905866215
Q99439,Q96AC1,0.013727087889737975
Q99439,Q99460,0.00952064243817216
Q99439,Q99613,0.04658194177066465
Q99439,Q99879,0.036718299065204414
Q99439,Q9UMX0,0.009988720580986425
Q99439,Q9UN86,0.0075350131154679235
Q99460,O15143,0.040483371704583035
Q99460,P04406,0.018800002835764672
Q99460,P05787,0.015118570866944075
Q99460,P05976,0.008498747746179737
Q99460,P06748,0.010049457145798135
Q99460,P07339,0.01769307775087192
Q99460,P09382,0.011770501217743272
Q99460,P09936,0.0005577225202838079
Q99460,P13667,0.002377233721068689
Q99460,P14174,0.01994369791054452
Q99460,P14314,0.0014331721085104035
Q99460,P14866,0.019341494978380887
Q99460,P15374,0.000791174378616085
Q99460,P16989,0.05643183121459201
Q99460,P17096,0.021168847627271548
Q99460,P27635,0.03478852486756229
Q99460,P31949,0.0012103058921802453
Q99460,P37837,0.0549927703788466
Q99460,P40939,0.008882056697133756
Q99460,P46777,0.006725381357655938
Q99460,P47914,0.008433709513861272
Q99460,P51911,0.02311005892149
Q99460,P56192,0.015873088154782476
Q99460,P60903,0.007520396228869221
Q99460,P62328,0.009926209502861199
Q99460,P62854,0.08515627584976226
Q99460,P62888,0.0200026848434404
Q99460,P63208,0.04300824378725111
Q99460,P68104,0.03315296655892141
Q99460,Q01518,0.007062629523888451
Q99460,Q01995,0.017857075373095877
Q99460,Q02790,0.01058613570525571
Q99460,Q07065,0.008818869121474034
Q99460,Q07866,0.042871865316313415
Q99460,Q14011,0.02695632186250116
Q99460,Q14195,0.018981033367831735
Q99460,Q15365,0.0529660832226685
Q99460,Q15459,0.020084382045734765
Q99460,Q16181,0.028988409014843463
Q99460,Q16629,0.008479463278970485
Q99460,Q6NYC8,0.05194667790945214
Q99460,Q7Z417,0.010174907140206342
Q99460,Q92804,0.0042862461570826035
Q99460,Q96AC1,0.0018614900206000134
Q99460,Q99439,0.007315871982895822
Q99460,Q99613,0.045681555969738975
Q99460,Q99879,0.012773370679884362
Q99460,Q9UMX0,0.022920328019026385
Q99460,Q9UN86,0.0021457080067648106
Q99613,O15143,0.013031996499890975
Q99613,P04406,0.04396797227915611
Q99613,P05787,0.005277793519087973
Q99613,P05976,0.001035194970394176
Q99613,P06748,0.000978705169503056
Q99613,P07339,0.02962857767820428
Q99613,P09382,0.011991074130551869
Q99613,P09936,0.01277984463251789
Q99613,P13667,0.0012708015103574935
Q99613,P14174,0.03412571614072624
Q99613,P14314,0.016936458506724806
Q99613,P14866,0.01714172329366949
Q99613,P15374,0.006362184924727849
Q99613,P16989,0.05102457523186858
Q99613,P17096,0.035641244331308664
Q99613,P27635,0.013866661667099893
Q99613,P31949,0.017812248953417813
Q99613,P37837,0.032538466615104476
Q99613,P40939,0.012252282007066422
Q99613,P46777,0.01159395514308704
Q99613,P47914,0.0005783967713369676
Q99613,P51911,0.02681552826213637
Q99613,P56192,0.017345912165845634
Q99613,P60903,0.029516652526767384
Q99613,P62328,0.0039175203348255395
Q99613,P62854,0.07217187232337419
Q99613,P62888,0.004937581201627591
Q99613,P63208,0.04070224571093248
Q99613,P68104,0.012158277489701365
Q99613,Q01518,0.0010435487236399765
Q99613,Q01995,0.02672139619052088
Q99613,Q02790,0.023180206303301677
Q99613,Q07065,0.0012792125340102736
Q99613,Q07866,0.005128370929027768
Q99613,Q14011,0.0017798566706524188
Q99613,Q14195,0.004552742924337471
Q99613,Q15365,0.016256817555623686
Q99613,Q15459,0.050807931729636074
Q99613,Q16181,0.04993338046122263
Q99613,Q16629,0.0794542719586941
Q99613,Q6NYC8,0.0401046107054516
Q99613,Q7Z417,0.026270886135169265
Q99613,Q92804,0.0050735420104264335
Q99613,Q96AC1,0.008415907171847913
Q99613,Q99439,0.008772551593141572
Q99613,Q99460,0.009206056086349461
Q99613,Q99879,0.02945649463421851
Q99613,Q9UMX0,0.009418388783466078
Q99613,Q9UN86,0.02574236290824975
Q99879,O15143,0.012658566843238413
Q99879,P04406,0.02102388788146602
Q99879,P05787,0.020313677780144875
Q99879,P05976,0.010602945540691563
Q99879,P06748,0.00010162543171879878
Q99879,P07339,0.012865599475121173
Q99879,P09382,0.030290055920586697
Q99879,P09936,0.003248638052712212
Q99879,P13667,0.01860483657746024
Q99879,P14174,0.06656787457519531
Q99879,P14314,0.0010945646971838921
Q99879,P14866,0.04423138217080935
Q99879,P15374,0.00018908842033006588
Q99879,P16989,0.011406143111605888
Q99879,P17096,0.002877626669571746
Q99879,P27635,0.0008566165199377184
Q99879,P31949,0.008182609899784166
Q99879,P37837,0.0032208503249328583
Q99879,P40939,0.0011090221097262239
Q99879,P46777,0.009804534362040377
Q99879,P47914,0.0040047207615485775
Q99879,P51911,0.03604138694412903
Q99879,P56192,0.048023813319289343
Q99879,P60903,0.011648887049637137
Q99879,P62328,0.020175898965726958
Q99879,P62854,0.046100313970403775
Q99879,P62888,0.05835681564552009
Q99879,P63208,0.0014858342568675885
Q99879,P68104,0.044957014086234634
Q99879,Q01518,0.003076286605874214
Q99879,Q01995,0.021864596308705297
Q99879,Q02790,0.027657850538210904
Q99879,Q07065,0.0020089693174175287
Q99879,Q07866,0.00942045782117184
Q99879,Q14011,0.0012802785499713826
Q99879,Q14195,0.010111084244822752
Q99879,Q15365,0.009283801052123694
Q99879,Q15459,0.02167687188279536
Q99879,Q16181,0.02111253651180321
Q99879,Q16629,0.03554033487409744
Q99879,Q6NYC8,0.008793871597113987
Q99879,Q7Z417,0.020752572767410778
Q99879,Q92804,0.009717532265460217
Q99879,Q96AC1,0.045488199173741896
Q99879,Q99439,0.009201164877605437
Q99879,Q99460,0.058053168502530346
Q99879,Q99613,0.0544235636603778
Q99879,Q9UMX0,0.07790089191043083
Q99879,Q9UN86,0.0025911361747205435
Q9UMX0,O15143,0.00043862702299215487
Q9UMX0,P04406,0.004251287169152968
Q9UMX0,P05787,0.02187383780539648
Q9UMX0,P05976,0.0033584986104168604
Q9UMX0,P06748,0.01000387906761276
Q9UMX0,P07339,0.012506427011530423
Q9UMX0,P09382,0.03562721251719491
Q9UMX0,P09936,0.0017952030230459855
Q9UMX0,P13667,0.0007971888230406748
Q9UMX0,P14174,0.10647734099929679
Q9UMX0,P14314,0.003407023609643264
Q9UMX0,P14866,0.009979769689039667
Q9UMX0,P15374,0.020609054521266476
Q9UMX0,P16989,0.01474248735461622
Q9UMX0,P17096,0.0063544611407497275
Q9UMX0,P27635,0.0026359709044938
Q9UMX0,P31949,0.0009556231346854011
Q9UMX0,P37837,0.013551302652783847
Q9UMX0,P40939,0.0016725341101364915
Q9UMX0,P46777,0.019713970922302967
Q9UMX0,P47914,0.001694619228360905
Q9UMX0,P51911,0.04969877511394863
Q9UMX0,P56192,0.01507748880292081
Q9UMX0,P60903,0.014595297803479386
Q9UMX0,P62328,0.010435345544611662
Q9UMX0,P62854,0.017334850892744516
Q9UMX0,P62888,0.07590210048756792
Q9UMX0,P63208,0.014704173962315967
Q9UMX0,P68104,0.018840355675662047
Q9UMX0,Q01518,0.006098488852886521
Q9UMX0,Q01995,0.028161081620863726
Q9UMX0,Q02790,0.052062769682594136
Q9UMX0,Q07065,0.013342742191208807
Q9UMX0,Q07866,0.00910881396975283
Q9UMX0,Q14011,0.01056137310454377
Q9UMX0,Q14195,0.017683683753426764
Q9UMX0,Q15365,0.0005821261396380217
Q9UMX0,Q15459,0.0015956552172312352
Q9UMX0,Q16181,0.05082830653319064
Q9UMX0,Q16629,0.0010000905891170454
Q9UMX0,Q6NYC8,0.005516631160895237
Q9UMX0,Q7Z417,0.03217118840952657
Q9UMX0,Q92804,0.004181288083665007
Q9UMX0,Q96AC1,0.01992095555974671
Q9UMX0,Q99439,0.01870093792881881
Q9UMX0,Q99460,0.10907357378494975
Q9UMX0,Q99613,0.08784239219533872
Q9UMX0,Q99879,0.020371758974181895
Q9UMX0,Q9UN86,0.002161434647414203
Q9UN86,O15143,0.004249485714539825
Q9UN86,P04406,0.002749177585583435
Q9UN86,P05787,0.01266486590473566
Q9UN86,P05976,0.002440438287543231
Q9UN86,P06748,0.06204304090833852
Q9UN86,P07339,0.0035417389725131043
Q9UN86,P09382,0.0725467129338831
Q9UN86,P09936,0.032512088940503316
Q9UN86,P13667,0.011217276053455374
Q9UN86,P14174,0.0048159212536691845
Q9UN86,P14314,0.0023570129911779543
Q9UN86,P14866,0.0053985428348874145
Q9UN86,P15374,0.025070164508065568
Q9UN86,P16989,0.047849388254128246
Q9UN86,P17096,0.07061801626535055
Q9UN86,P27635,0.004936805500410363
Q9UN86,P31949,0.00732464248369987
Q9UN86,P37837,0.06743116865403719
Q9UN86,P40939,0.0002532488185826249
Q9UN86,P46777,0.010966893251923807
Q9UN86,P47914,0.05017091343380083
Q9UN86,P51911,0.009842585747799327
Q9UN86,P56192,0.0013199341318272375
Q9UN86,P60903,0.011581511254561855
Q9UN86,P62328,0.02124089406848271
Q9UN86,P62854,0.0009850922410346975
Q9UN86,P62888,0.010861071623062348
Q9UN86,P63208,0.016748724674051675
Q9UN86,P68104,0.005291161466396126
Q9UN86,Q01518,0.01377877909973056
Q9UN86,Q01995,0.007911380987932714
Q9UN86,Q02790,0.013201037354945808
Q9UN86,Q07065,0.004166439322114844
Q9UN86,Q07866,0.01509568640918386
Q9UN86,Q14011,0.034101289007187126
Q9UN86,Q14195,0.00023951353212402468
Q9UN86,Q15365,0.028659768048790637
Q9UN86,Q15459,0.0341913820243792
Q9UN86,Q16181,0.003562326726586016
Q9UN86,Q16629,0.016386854199453797
Q9UN86,Q6NYC8,0.16838781671982492
Q9UN86,Q7Z417,0.01291931001454056
Q9UN86,Q92804,0.016562682796258815
Q9UN86,Q96AC1,0.0003499840469923337
Q9UN86,Q99439,0.010425734334151197
Q9UN86,Q99460,0.001718403370071227
Q9UN86,Q99613,0.001078886625388263
Q9UN86,Q99879,0.03384945352912423
Q9UN86,Q9UMX0,0.0043847530931747855
