Regulator,Target,Weight,Sign
O15143,O94925,0.026258731871931045,
O15143,P02652,0.01963941507570514,
O15143,P04179,0.021060319318612138,
O15143,P12956,0.10876878001495856,
O15143,P18859,0.022187015788615313,
O15143,P21281,0.010411373366157784,
O15143,P26022,0.02515191819982957,
O15143,P26447,0.04091092425346319,
O15143,P30085,0.15639803304626204,
O15143,P35222,0.058480021985702846,
O15143,P36957,0.02087786193518935,
O15143,P38606,0.0047207775705684785,
O15143,P40926,0.007775697353979344,
O15143,P42765,0.024785370698362386,
O15143,P56192,0.012630335819495249,
O15143,P61981,0.031115197967763377,
O15143,P62854,0.005891344936797085,
O15143,P62917,0.006189916039996177,
O15143,Q02218,0.042413781886449585,
O15143,Q02818,0.008874193986053389,
O15143,Q07065,0.023838588959756966,
O15143,Q07866,0.01970192153632516,
O15143,Q07954,0.008023895938726983,
O15143,Q13162,0.019898225388915867,
O15143,Q14011,0.04092817463109545,
O15143,Q15459,0.010876550895052383,
O15143,Q15843,0.007638218133475602,
O15143,Q96L92,0.028291521964972532,
O15143,Q9H0U4,0.03224204827912464,
O15143,Q9UHD8,0.044537107578078314,
O15143,Q9UJZ1,0.05028508400300676,
O15143,Q9UNH7,0.03400693753863743,
O15143,Q9Y3D6,0.008940796271716782,
O94925,O15143,0.048939446034023094,
O94925,P02652,0.01198736854916518,
O94925,P04179,0.0484262975706982,
O94925,P12956,0.03914531947987816,
O94925,P18859,0.04786813735415902,
O94925,P21281,0.0023182373948925574,
O94925,P26022,0.07804430053073892,
O94925,P26447,0.08423258746080003,
O94925,P30085,0.01864731108244779,
O94925,P35222,0.0488809708283827,
O94925,P36957,0.08496180103919436,
O94925,P38606,0.0018049347313289833,
O94925,P40926,0.041382228640106364,
O94925,P42765,0.0017167526949102097,
O94925,P56192,0.07718686465220516,
O94925,P61981,0.03236093163751085,
O94925,P62854,0.01973359309256322,
O94925,P62917,0.029345478239583514,
O94925,Q02218,0.019438503994393244,
O94925,Q02818,0.03036255415186202,
O94925,Q07065,0.002967775685704217,
O94925,Q07866,0.02025089401260276,
O94925,Q07954,0.002680012683862848,
O94925,Q13162,0.0020968738394384263,
O94925,Q14011,0.0006193425483507079,
O94925,Q15459,0.030738567925098836,
O94925,Q15843,0.0005595961973696384,
O94925,Q96L92,0.0021197605893816694,
O94925,Q9H0U4,0.049245719197233855,
O94925,Q9UHD8,0.04959748559254466,
O94925,Q9UJZ1,0.0018994606713057774,
O94925,Q9UNH7,0.020512264964005645,
O94925,Q9Y3D6,0.012045324878683874,
P02652,O15143,0.025010963273328492,
P02652,O94925,0.04370004400386059,
P02652,P04179,0.017831402965968482,
P02652,P12956,0.012184434534246887,
P02652,P18859,0.007555657248860144,
P02652,P21281,0.012739939920586325,
P02652,P26022,0.026468641534070202,
P02652,P26447,0.020149691915457513,
P02652,P30085,0.03969433420552823,
P02652,P35222,0.023025174242423705,
P02652,P36957,0.008756697037895202,
P02652,P38606,0.01889871711157323,
P02652,P40926,0.017795658199550403,
P02652,P42765,0.01534622844544494,
P02652,P56192,0.19269934002182185,
P02652,P61981,0.054551613817744725,
P02652,P62854,0.05831545969374183,
P02652,P62917,0.014340173301382094,
P02652,Q02218,0.00099860769033786,
P02652,Q02818,0.014485851479832557,
P02652,Q07065,0.03452364726737643,
P02652,Q07866,0.008154067803814278,
P02652,Q07954,0.028612027866761477,
P02652,Q13162,0.011542220164743667,
P02652,Q14011,0.010903546493622662,
P02652,Q15459,0.03215979999200417,
P02652,Q15843,0.017361962307440464,
P02652,Q96L92,0.0372161796250025,
P02652,Q9H0U4,0.0008240509364180902,
P02652,Q9UHD8,0.05543937966280104,
P02652,Q9UJZ1,0.03172773447955242,
P02652,Q9UNH7,0.06615031565617217,
P02652,Q9Y3D6,0.022675934735766904,
P04179,O15143,0.06160813591149826,
P04179,O94925,0.0562154769127833,
P04179,P02652,0.02710692765741164,
P04179,P12956,0.035209997488482435,
P04179,P18859,0.020970708414215746,
P04179,P21281,0.01737805256130259,
P04179,P26022,0.021275611397368898,
P04179,P26447,0.015041223541729659,
P04179,P30085,0.03334142156612369,
P04179,P35222,0.06311712526333504,
P04179,P36957,0.062269105392813516,
P04179,P38606,0.0010930415961657861,
P04179,P40926,0.014801390358953719,
P04179,P42765,0.0019304228729944684,
P04179,P56192,0.03470560341872055,
P04179,P61981,0.009089259618157673,
P04179,P62854,0.0010381698483339656,
P04179,P62917,0.03685318899548135,
P04179,Q02218,0.05072770517013722,
P04179,Q02818,0.06921389220886696,
P04179,Q07065,0.020102243623939663,
P04179,Q07866,0.01158343119795314,
P04179,Q07954,0.025195981179838088,
P04179,Q13162,0.046614484812554986,
P04179,Q14011,0.004820372240500341,
P04179,Q15459,0.061523161199507855,
P04179,Q15843,0.011872900983410557,
P04179,Q96L92,0.02604062857272477,
P04179,Q9H0U4,0.06823309967922998,
P04179,Q9UHD8,0.009758088558284968,
P04179,Q9UJZ1,0.02083458557151964,
P04179,Q9UNH7,0.0028013987890890824,
P04179,Q9Y3D6,0.017884542937908487,
P12956,O15143,0.0486078977459057,
P12956,O94925,0.04960435366298009,
P12956,P02652,0.022457691154304106,
P12956,P04179,0.010259925121220655,
P12956,P18859,0.038882518294344796,
P12956,P21281,0.02083636745087266,
P12956,P26022,0.04893811993545746,
P12956,P26447,0.03825875534091618,
P12956,P30085,0.04793522148411999,
P12956,P35222,0.0491963576600265,
P12956,P36957,0.08708053112503258,
P12956,P38606,0.00023685129487702544,
P12956,P40926,0.029357333512675707,
P12956,P42765,0.0009587168227653503,
P12956,P56192,0.06886382689785604,
P12956,P61981,0.0013505624422379995,
P12956,P62854,0.009721474741558827,
P12956,P62917,0.019604738034059547,
P12956,Q02218,0.0017951907437642098,
P12956,Q02818,0.04967426052917035,
P12956,Q07065,0.02151670389962539,
P12956,Q07866,0.03960541869296591,
P12956,Q07954,0.00020809270726125157,
P12956,Q13162,0.010613202336115369,
P12956,Q14011,0.0015783770277594748,
P12956,Q15459,0.06835698082244289,
P12956,Q15843,0.011544585074305613,
P12956,Q96L92,0.0004756291909181087,
P12956,Q9H0U4,0.03875213952508186,
P12956,Q9UHD8,0.07065246634334148,
P12956,Q9UJZ1,0.0007293137540535239,
P12956,Q9UNH7,0.02243976413588011,
P12956,Q9Y3D6,0.012696349440943283,
P18859,O15143,0.06248325804848935,
P18859,O94925,0.008719482896024101,
P18859,P02652,0.011824664344629763,
P18859,P04179,0.03198271339069744,
P18859,P12956,0.047219913247603565,
P18859,P21281,0.007956022178675888,
P18859,P26022,0.0764837452153536,
P18859,P26447,0.08108369377003465,
P18859,P30085,0.04820020694338142,
P18859,P35222,0.03928014770442479,
P18859,P36957,0.07487412864222552,
P18859,P38606,0.013681533095166004,
P18859,P40926,0.029238421413513738,
P18859,P42765,0.004565807314866574,
P18859,P56192,0.045758993967911755,
P18859,P61981,0.023955036197098257,
P18859,P62854,0.004676644072164804,
P18859,P62917,0.038403037244809486,
P18859,Q02218,0.008946629280813835,
P18859,Q02818,0.011858613290057966,
P18859,Q07065,0.07219768786148335,
P18859,Q07866,0.04429893560120275,
P18859,Q07954,0.0012165527440420485,
P18859,Q13162,0.008244951232794586,
P18859,Q14011,0.010840579209397572,
P18859,Q15459,0.039937317599923215,
P18859,Q15843,0.00870052787473318,
P18859,Q96L92,0.010603474155930626,
P18859,Q9H0U4,0.03737941859286256,
P18859,Q9UHD8,0.04782897598206982,
P18859,Q9UJZ1,0.0032167449114229984,
P18859,Q9UNH7,0.013094623830054235,
P18859,Q9Y3D6,0.01251090916641984,
P21281,O15143,0.12384754401869282,
P21281,O94925,0.0024212550343137343,
P21281,P02652,0.020488076594598,
P21281,P04179,0.030988700818953226,
P21281,P12956,0.010393418583227152,
P21281,P18859,0.05354005798342418,
P21281,P26022,0.04555341076198024,
P21281,P26447,0.014122488817480619,
P21281,P30085,0.02624235383948751,
P21281,P35222,0.011183489261834451,
P21281,P36957,0.01547499274992159,
P21281,P38606,0.026160162385489006,
P21281,P40926,0.007818669462838476,
P21281,P42765,0.010188166327151974,
P21281,P56192,0.0138749386574735,
P21281,P61981,0.02674970332586293,
P21281,P62854,0.0031917411819424976,
P21281,P62917,0.06347903394777692,
P21281,Q02218,0.0946929402523202,
P21281,Q02818,0.025084702391132436,
P21281,Q07065,0.02691880517194333,
P21281,Q07866,0.017357812242540557,
P21281,Q07954,0.011363948835146968,
P21281,Q13162,0.07639466651077818,
P21281,Q14011,0.038267755364488946,
P21281,Q15459,0.008000420342161854,
P21281,Q15843,0.025671320066767214,
P21281,Q96L92,0.014772291779505389,
P21281,Q9H0U4,0.002111836942006733,
P21281,Q9UHD8,0.012579004499117023,
P21281,Q9UJZ1,0.02260849153079603,
P21281,Q9UNH7,0.0022378055287972545,
P21281,Q9Y3D6,0.03240187194990395,
P26022,O15143,0.057743221792298335,
P26022,O94925,0.041304339151554535,
P26022,P02652,0.00068837269545456,
P26022,P04179,0.03894198044670905,
P26022,P12956,0.05027573629857368,
P26022,P18859,0.0478014884528171,
P26022,P21281,0.0005588673317080969,
P26022,P26447,0.11542280902354549,
P26022,P30085,0.0479813331015594,
P26022,P35222,0.07635419912254421,
P26022,P36957,0.038745365907520056,
P26022,P38606,0.0009178429568170021,
P26022,P40926,0.022359744426002404,
P26022,P42765,0.0011379111752623532,
P26022,P56192,0.020302835893640857,
P26022,P61981,0.08661441931929374,
P26022,P62854,0.02991294204928674,
P26022,P62917,0.001277889729162932,
P26022,Q02218,0.002939702957987152,
P26022,Q02818,0.029817236338795596,
P26022,Q07065,0.002164827723816769,
P26022,Q07866,0.040300476906374574,
P26022,Q07954,0.00220044220886753,
P26022,Q13162,0.01148680086161888,
P26022,Q14011,0.0014690098392116794,
P26022,Q15459,0.04769719211099445,
P26022,Q15843,0.002283836685327164,
P26022,Q96L92,0.010285106699137436,
P26022,Q9H0U4,0.05902499173116738,
P26022,Q9UHD8,0.03895836191408107,
P26022,Q9UJZ1,0.0015091991933692984,
P26022,Q9UNH7,0.020558221163604725,
P26022,Q9Y3D6,0.012412168561122856,
P26447,O15143,0.025980653806309702,
P26447,O94925,0.043291510459898055,
P26447,P02652,0.003273488319447234,
P26447,P04179,0.043334758217902794,
P26447,P12956,0.04166072103868812,
P26447,P18859,0.045429526567994864,
P26447,P21281,0.0063844917073295334,
P26447,P26022,0.05030539332016829,
P26447,P30085,0.051136736474611276,
P26447,P35222,0.03932780851144295,
P26447,P36957,0.0792575525283384,
P26447,P38606,0.002542168096735296,
P26447,P40926,0.01364578385846947,
P26447,P42765,0.012012092307475129,
P26447,P56192,0.10754946252005,
P26447,P61981,0.0032504298382705836,
P26447,P62854,0.020007113273519225,
P26447,P62917,0.01351689782857364,
P26447,Q02218,0.004800200864808264,
P26447,Q02818,0.037372993834960996,
P26447,Q07065,0.037749550224061096,
P26447,Q07866,0.05484135775087357,
P26447,Q07954,0.011704110969639983,
P26447,Q13162,0.003323713442690139,
P26447,Q14011,0.015097631391391704,
P26447,Q15459,0.037722894585575296,
P26447,Q15843,0.0028054570541766618,
P26447,Q96L92,0.00019938751944809061,
P26447,Q9H0U4,0.05415664899823443,
P26447,Q9UHD8,0.062092918932332965,
P26447,Q9UJZ1,0.00707911727314442,
P26447,Q9UNH7,0.018508232975117164,
P26447,Q9Y3D6,0.0005266545328681103,
P30085,O15143,0.046168400495528665,
P30085,O94925,0.030162145997173612,
P30085,P02652,0.01227315058063866,
P30085,P04179,0.032838583585036836,
P30085,P12956,0.059114638357091236,
P30085,P18859,0.019246367339394433,
P30085,P21281,0.001056630456231465,
P30085,P26022,0.042726735246238594,
P30085,P26447,0.018414672286468002,
P30085,P35222,0.03604438936197162,
P30085,P36957,0.06023184569373034,
P30085,P38606,0.0021272892217468206,
P30085,P40926,0.03429965124571574,
P30085,P42765,0.0015930963152197524,
P30085,P56192,0.1278396047597921,
P30085,P61981,0.0030577771984342038,
P30085,P62854,0.054382376192013894,
P30085,P62917,0.04989629108523591,
P30085,Q02218,0.04733020404248637,
P30085,Q02818,0.015217862948840623,
P30085,Q07065,0.0484706509048823,
P30085,Q07866,0.04629078414854852,
P30085,Q07954,0.008678731595364843,
P30085,Q13162,0.0012535451271264817,
P30085,Q14011,0.0027720558438034037,
P30085,Q15459,0.023658945055274855,
P30085,Q15843,0.012828556475584053,
P30085,Q96L92,0.009347563060811047,
P30085,Q9H0U4,0.033462760637545684,
P30085,Q9UHD8,0.02784824784930701,
P30085,Q9UJZ1,0.012420147300897749,
P30085,Q9UNH7,0.020805938671704705,
P30085,Q9Y3D6,0.01275903245876726,
P35222,O15143,0.033364673710449,
P35222,O94925,0.06362331938639523,
P35222,P02652,0.016127066536985653,
P35222,P04179,0.037274644995868605,
P35222,P12956,0.05321257982629539,
P35222,P18859,0.04689936547220266,
P35222,P21281,0.006490543350330054,
P35222,P26022,0.04776818663134948,
P35222,P26447,0.03499261191559795,
P35222,P30085,0.06997575803010905,
P35222,P36957,0.05423011376170747,
P35222,P38606,0.010979036250679497,
P35222,P40926,0.03240520827288173,
P35222,P42765,0.010339899902107952,
P35222,P56192,0.028328419453429926,
P35222,P61981,0.035574269815509124,
P35222,P62854,0.01696798779997295,
P35222,P62917,0.012595624601743982,
P35222,Q02218,0.011821607813435366,
P35222,Q02818,0.004630102449746856,
P35222,Q07065,0.018476003944785317,
P35222,Q07866,0.04379543826120098,
P35222,Q07954,0.018584101610046984,
P35222,Q13162,0.018814828914530648,
P35222,Q14011,0.0024117936442748897,
P35222,Q15459,0.038197276619586405,
P35222,Q15843,0.005617813135067196,
P35222,Q96L92,0.012610427604912489,
P35222,Q9H0U4,0.04408866442202861,
P35222,Q9UHD8,0.08658038655691437,
P35222,Q9UJZ1,0.0031857502965219387,
P35222,Q9UNH7,0.012752962045132321,
P35222,Q9Y3D6,0.006536373783639448,
P36957,O15143,0.046608825525357576,
P36957,O94925,0.08028983053224464,
P36957,P02652,0.001184180839189015,
P36957,P04179,0.036588772002843876,
P36957,P12956,0.052184853926128,
P36957,P18859,0.037888695907989954,
P36957,P21281,0.026501508358842654,
P36957,P26022,0.04699886756727944,
P36957,P26447,0.0339982279558217,
P36957,P30085,0.06145577333979306,
P36957,P35222,0.07168714687846232,
P36957,P38606,0.004742145173536535,
P36957,P40926,0.03913977116692292,
P36957,P42765,0.008707649859980142,
P36957,P56192,0.0384458789717394,
P36957,P61981,0.011096139421679,
P36957,P62854,0.030797826450262602,
P36957,P62917,0.01991887483351442,
P36957,Q02218,0.013389426425616474,
P36957,Q02818,0.02771014008856206,
P36957,Q07065,0.009649512268851617,
P36957,Q07866,0.02693129816315,
P36957,Q07954,0.001368111234409503,
P36957,Q13162,0.0053892811839494435,
P36957,Q14011,0.01500676115354725,
P36957,Q15459,0.047130872165535055,
P36957,Q15843,0.012350991787799238,
P36957,Q96L92,0.00279001139436294,
P36957,Q9H0U4,0.08545703535447231,
P36957,Q9UHD8,0.05536131290311683,
P36957,Q9UJZ1,0.0029353742655968927,
P36957,Q9UNH7,0.014409513306368476,
P36957,Q9Y3D6,0.0035665604349332204,
P38606,O15143,0.011326010733308,
P38606,O94925,0.01938308061100263,
P38606,P02652,0.0028079484849583137,
P38606,P04179,0.03189814180746975,
P38606,P12956,0.011041471938123739,
P38606,P18859,0.004001117162489289,
P38606,P21281,0.03834683770304363,
P38606,P26022,0.022015375943279264,
P38606,P26447,0.020650770899702423,
P38606,P30085,0.015111044472017799,
P38606,P35222,0.019247907456923896,
P38606,P36957,0.04078855475120415,
P38606,P40926,0.028596504087404176,
P38606,P42765,0.012402941859688345,
P38606,P56192,0.0016416208057156434,
P38606,P61981,0.05778166986411218,
P38606,P62854,0.0025733912563676974,
P38606,P62917,0.03984776214148823,
P38606,Q02218,0.012251563288168961,
P38606,Q02818,0.014825581421883196,
P38606,Q07065,0.010615293548310105,
P38606,Q07866,0.022647079430481738,
P38606,Q07954,0.0030758542741734286,
P38606,Q13162,0.4082611070079441,
P38606,Q14011,0.03142680232646127,
P38606,Q15459,0.002425736871038238,
P38606,Q15843,0.0031307848277217377,
P38606,Q96L92,0.01526261844788102,
P38606,Q9H0U4,0.003601954043201846,
P38606,Q9UHD8,0.0013389458771431578,
P38606,Q9UJZ1,0.010856791603839734,
P38606,Q9UNH7,0.0100221454577531,
P38606,Q9Y3D6,0.02398939501017465,
P40926,O15143,0.020994630940043738,
P40926,O94925,0.057116118785569416,
P40926,P02652,0.3333150071650584,
P40926,P04179,0.012900112237890605,
P40926,P12956,0.030088077283191617,
P40926,P18859,0.0067060694818341406,
P40926,P21281,0.008836570244648814,
P40926,P26022,0.02919008255718012,
P40926,P26447,0.021892063218926713,
P40926,P30085,0.0014356219723375872,
P40926,P35222,0.005681889667668352,
P40926,P36957,0.01499762780783294,
P40926,P38606,0.02301198873816361,
P40926,P42765,0.028697816361587705,
P40926,P56192,0.0011906804783914648,
P40926,P61981,0.002253959917196297,
P40926,P62854,0.019430623649583888,
P40926,P62917,0.027293152338886528,
P40926,Q02218,0.012525274664326277,
P40926,Q02818,0.0722904352389162,
P40926,Q07065,0.011015825620710356,
P40926,Q07866,0.013289634770384298,
P40926,Q07954,0.03609118260322021,
P40926,Q13162,0.020564014610715,
P40926,Q14011,0.0031662411858677823,
P40926,Q15459,0.013506064708561622,
P40926,Q15843,0.015946777539837885,
P40926,Q96L92,0.007676405330067638,
P40926,Q9H0U4,0.041300404680772916,
P40926,Q9UHD8,0.02686372832157833,
P40926,Q9UJZ1,0.020238347290377358,
P40926,Q9UNH7,0.0031757698515177697,
P40926,Q9Y3D6,0.033509200602706526,
P42765,O15143,0.012746569242106365,
P42765,O94925,0.012321234400717099,
P42765,P02652,0.05691619381275528,
P42765,P04179,0.04911032035978942,
P42765,P12956,0.07357882759857869,
P42765,P18859,0.008809303658424672,
P42765,P21281,0.10847274611552353,
P42765,P26022,0.002327315293739483,
P42765,P26447,0.00901449225900116,
P42765,P30085,0.003928872093226005,
P42765,P35222,0.039922465909114,
P42765,P36957,0.006749937420581037,
P42765,P38606,0.011556803081845644,
P42765,P40926,0.02532374412095386,
P42765,P56192,0.027230193121778143,
P42765,P61981,0.0327761007666604,
P42765,P62854,0.11670562733183353,
P42765,P62917,0.009300228468442038,
P42765,Q02218,0.03689596290388135,
P42765,Q02818,0.0055397576486366715,
P42765,Q07065,0.004434951041822257,
P42765,Q07866,0.020886031124085422,
P42765,Q07954,0.006254410657979287,
P42765,Q13162,0.04436471279251179,
P42765,Q14011,0.010317534143396947,
P42765,Q15459,0.01278091294231118,
P42765,Q15843,0.030768615630247565,
P42765,Q96L92,0.04369348085788885,
P42765,Q9H0U4,0.00576091783401511,
P42765,Q9UHD8,0.04740094923920047,
P42765,Q9UJZ1,0.025464171450421836,
P42765,Q9UNH7,0.07567307776806978,
P42765,Q9Y3D6,0.012994480496271889,
P56192,O15143,0.043894726370536395,
P56192,O94925,0.02945237308445081,
P56192,P02652,0.0025417633958974622,
P56192,P04179,0.02090703922781126,
P56192,P12956,0.06151932975980302,
P56192,P18859,0.008371961294186736,
P56192,P21281,0.009813869399658353,
P56192,P26022,0.05193933265595398,
P56192,P26447,0.09367756433566145,
P56192,P30085,0.05774364806276983,
P56192,P35222,0.006664463049975287,
P56192,P36957,0.03774187450428884,
P56192,P38606,0.007538428015703949,
P56192,P40926,0.01058668416495745,
P56192,P42765,0.0007300169058191931,
P56192,P61981,0.028278937438339126,
P56192,P62854,0.007019613592521509,
P56192,P62917,0.06335709342709255,
P56192,Q02218,0.005375530482682272,
P56192,Q02818,0.044353095150044784,
P56192,Q07065,0.030062801967556577,
P56192,Q07866,0.04016677849844916,
P56192,Q07954,0.004160024139738256,
P56192,Q13162,0.021212818607885174,
P56192,Q14011,0.014930196131637674,
P56192,Q15459,0.03026827343434976,
P56192,Q15843,0.009920384906662374,
P56192,Q96L92,0.00117968266186811,
P56192,Q9H0U4,0.07294249615787547,
P56192,Q9UHD8,0.060470323083922424,
P56192,Q9UJZ1,0.018867328475625483,
P56192,Q9UNH7,0.05209878998460251,
P56192,Q9Y3D6,0.008742857673166505,
P61981,O15143,0.029772651955374343,
P61981,O94925,0.009551428295561581,
P61981,P02652,0.007989589977836817,
P61981,P04179,0.06628334957313013,
P61981,P12956,0.07577842702452421,
P61981,P18859,0.05525000402254407,
P61981,P21281,0.03747025653033198,
P61981,P26022,0.028819760765793914,
P61981,P26447,0.026551288018917475,
P61981,P30085,0.05764736394331718,
P61981,P35222,0.02681598149655676,
P61981,P36957,0.012971095855302322,
P61981,P38606,0.0031281352063697097,
P61981,P40926,0.01261970333217749,
P61981,P42765,0.008949046453870473,
P61981,P56192,0.07812888880088228,
P61981,P62854,0.14416097092063992,
P61981,P62917,0.0030120975604675006,
P61981,Q02218,0.015910858242742246,
P61981,Q02818,0.007608818440922466,
P61981,Q07065,0.0144807655982904,
P61981,Q07866,0.009948509306641871,
P61981,Q07954,0.001632321948888918,
P61981,Q13162,0.01587743737104048,
P61981,Q14011,0.009919542799818928,
P61981,Q15459,0.02783300933442775,
P61981,Q15843,0.00415315787290258,
P61981,Q96L92,0.020876399571955098,
P61981,Q9H0U4,0.011482241552363407,
P61981,Q9UHD8,0.07117329495818452,
P61981,Q9UJZ1,0.00012706727660947908,
P61981,Q9UNH7,0.056554793064092085,
P61981,Q9Y3D6,0.012094533561615512,
P62854,O15143,0.017638151259114825,
P62854,O94925,0.041452615016151655,
P62854,P02652,0.021062854628545402,
P62854,P04179,0.12284823841396214,
P62854,P12956,0.039984259415394546,
P62854,P18859,0.009809991533595203,
P62854,P21281,0.010294204661133422,
P62854,P26022,0.04516722645458926,
P62854,P26447,0.0896973311507237,
P62854,P30085,0.04018703562352153,
P62854,P35222,0.0400948119213927,
P62854,P36957,0.04804417640193202,
P62854,P38606,0.00812291948991511,
P62854,P40926,0.05080893934370132,
P62854,P42765,0.0016934957467776622,
P62854,P56192,0.03797888866668167,
P62854,P61981,0.0043976670688119154,
P62854,P62917,0.028233345092970027,
P62854,Q02218,0.0024265293320159262,
P62854,Q02818,0.010858323057769556,
P62854,Q07065,0.04163020864316477,
P62854,Q07866,0.045030093305966856,
P62854,Q07954,0.0036287614767260266,
P62854,Q13162,0.05940262935374826,
P62854,Q14011,0.001814226995352139,
P62854,Q15459,0.043438903430444466,
P62854,Q15843,0.009608208476218703,
P62854,Q96L92,0.020428777456924983,
P62854,Q9H0U4,0.04353586606800241,
P62854,Q9UHD8,0.029130637603071316,
P62854,Q9UJZ1,0.022363726081946804,
P62854,Q9UNH7,0.0032708268192192472,
P62854,Q9Y3D6,0.0019046578438438326,
P62917,O15143,0.005156556021855323,
P62917,O94925,0.020837106377849773,
P62917,P02652,0.01614615825367744,
P62917,P04179,0.0710315097575099,
P62917,P12956,0.11885316719981029,
P62917,P18859,0.005209493577388774,
P62917,P21281,0.03358411434332682,
P62917,P26022,0.04170468153690149,
P62917,P26447,0.0462443187396766,
P62917,P30085,0.05584369016347018,
P62917,P35222,0.01243481766065565,
P62917,P36957,0.025894865416710447,
P62917,P38606,0.012660480687729228,
P62917,P40926,0.036720273336292186,
P62917,P42765,0.0033423686485084345,
P62917,P56192,0.05836071571922398,
P62917,P61981,0.0063687503062827685,
P62917,P62854,0.008768764239163894,
P62917,Q02218,0.005915307556710766,
P62917,Q02818,0.0031814520851312102,
P62917,Q07065,0.07611379936583176,
P62917,Q07866,0.012214757918135234,
P62917,Q07954,0.00832379048223181,
P62917,Q13162,0.04562186032004498,
P62917,Q14011,0.020416927205722288,
P62917,Q15459,0.003695421767017189,
P62917,Q15843,0.014338768608297253,
P62917,Q96L92,0.03669859697159725,
P62917,Q9H0U4,0.07205533115185082,
P62917,Q9UHD8,0.04194652804455943,
P62917,Q9UJZ1,0.025650711701188114,
P62917,Q9UNH7,0.0016517366934014571,
P62917,Q9Y3D6,0.011286529094794464,
Q02218,O15143,0.035126662484502545,
Q02218,O94925,0.02351675184862066,
Q02218,P02652,0.03361633447514774,
Q02218,P04179,0.012046334416433133,
Q02218,P12956,0.04578015308780679,
Q02218,P18859,0.011709980228079321,
Q02218,P21281,0.019112810816335892,
Q02218,P26022,0.03753675581998229,
Q02218,P26447,0.030385899743968516,
Q02218,P30085,0.05678015672309298,
Q02218,P35222,0.04525471032217691,
Q02218,P36957,0.06379097341287572,
Q02218,P38606,0.003776305153585656,
Q02218,P40926,0.0036933289567721525,
Q02218,P42765,0.021113317729806992,
Q02218,P56192,0.009232046058941104,
Q02218,P61981,0.050588163404671156,
Q02218,P62854,0.004188556165803272,
Q02218,P62917,0.031331047404942594,
Q02218,Q02818,0.05123100815962445,
Q02218,Q07065,0.014015088762187865,
Q02218,Q07866,0.009712985472407766,
Q02218,Q07954,0.019815376498493388,
Q02218,Q13162,0.06416647176553927,
Q02218,Q14011,0.07064586956147803,
Q02218,Q15459,0.024974878622324427,
Q02218,Q15843,0.008256283694143688,
Q02218,Q96L92,0.017470347648177467,
Q02218,Q9H0U4,0.030252274194924766,
Q02218,Q9UHD8,0.03503389515396139,
Q02218,Q9UJZ1,0.039899265402049765,
Q02218,Q9UNH7,0.06079439980744079,
Q02218,Q9Y3D6,0.005978899272568764,
Q02818,O15143,0.03634897886376801,
Q02818,O94925,0.04074343646647864,
Q02818,P02652,0.006757605800972468,
Q02818,P04179,0.04678689655829229,
Q02818,P12956,0.04374721345371259,
Q02818,P18859,0.016156872229680076,
Q02818,P21281,0.008683582663093499,
Q02818,P26022,0.011159698993691309,
Q02818,P26447,0.01706302808763869,
Q02818,P30085,0.04291946423761302,
Q02818,P35222,0.03613823197260336,
Q02818,P36957,0.07360134905597954,
Q02818,P38606,0.014203509862451644,
Q02818,P40926,0.00036038723254747015,
Q02818,P42765,0.004447155800835255,
Q02818,P56192,0.05311202995458019,
Q02818,P61981,0.10745661111490196,
Q02818,P62854,0.01547726806770639,
Q02818,P62917,0.010836146838605471,
Q02818,Q02218,0.007734113855933097,
Q02818,Q07065,0.010340989667606375,
Q02818,Q07866,0.05032808301941472,
Q02818,Q07954,0.005177604817493766,
Q02818,Q13162,0.03723367569888856,
Q02818,Q14011,0.005883365637754987,
Q02818,Q15459,0.039510058323229263,
Q02818,Q15843,0.013578246951089494,
Q02818,Q96L92,0.02285942197470573,
Q02818,Q9H0U4,0.044521400560280984,
Q02818,Q9UHD8,0.038147342386144215,
Q02818,Q9UJZ1,0.00967817818791178,
Q02818,Q9UNH7,0.07241159951830817,
Q02818,Q9Y3D6,0.011918840082664674,
Q07065,O15143,0.015964092527472672,
Q07065,O94925,0.02439344142172582,
Q07065,P02652,0.009956857767664732,
Q07065,P04179,0.02780453970689026,
Q07065,P12956,0.06230216880535964,
Q07065,P18859,0.0019522336424333392,
Q07065,P21281,0.03097435159337157,
Q07065,P26022,0.05377896081396317,
Q07065,P26447,0.02535554602088102,
Q07065,P30085,0.010481900430247186,
Q07065,P35222,0.01346347748825946,
Q07065,P36957,0.030989947930430008,
Q07065,P38606,0.012083921673712106,
Q07065,P40926,0.013928226427997485,
Q07065,P42765,0.010544265680692503,
Q07065,P56192,0.037465780032934326,
Q07065,P61981,0.003523887837198403,
Q07065,P62854,0.033639569616014005,
Q07065,P62917,0.061971960711027126,
Q07065,Q02218,0.02939960753348181,
Q07065,Q02818,0.011254703765801557,
Q07065,Q07866,0.02378333832632498,
Q07065,Q07954,0.022373174185507508,
Q07065,Q13162,0.10002964104430731,
Q07065,Q14011,0.010138137583435562,
Q07065,Q15459,0.004246286226243609,
Q07065,Q15843,0.03705407362160151,
Q07065,Q96L92,0.026155239023854516,
Q07065,Q9H0U4,0.04420131286614979,
Q07065,Q9UHD8,0.04255519238326839,
Q07065,Q9UJZ1,0.06008713399774799,
Q07065,Q9UNH7,0.01374868643626487,
Q07065,Q9Y3D6,0.05783487138611181,
Q07866,O15143,0.0097482737875727,
Q07866,O94925,0.00010428220211979779,
Q07866,P02652,0.10012246174167809,
Q07866,P04179,5.8839996167551975e-05,
Q07866,P12956,0.03992434482453504,
Q07866,P18859,7.108543151380356e-07,
Q07866,P21281,0.011336488807456383,
Q07866,P26022,0.048146011905176506,
Q07866,P26447,0.06928777434616333,
Q07866,P30085,0.010637816353881955,
Q07866,P35222,0.03916075760251652,
Q07866,P36957,0.03882981632495147,
Q07866,P38606,0.0024311189339935547,
Q07866,P40926,0.09589090635230481,
Q07866,P42765,6.676202989394582e-05,
Q07866,P56192,0.03887854865045206,
Q07866,P61981,0.0003385624828932183,
Q07866,P62854,0.01956409621466842,
Q07866,P62917,0.03916521752946901,
Q07866,Q02218,0.00028800695065804246,
Q07866,Q02818,0.013416668333427105,
Q07866,Q07065,0.13573323066494802,
Q07866,Q07954,0.01213906546910233,
Q07866,Q13162,0.029058201817992773,
Q07866,Q14011,0.0029786087986290997,
Q07866,Q15459,0.009898690700795177,
Q07866,Q15843,0.032895570645177334,
Q07866,Q96L92,0.00979154510202312,
Q07866,Q9H0U4,0.05786802307210558,
Q07866,Q9UHD8,0.05066487656085388,
Q07866,Q9UJZ1,0.00856734610182615,
Q07866,Q9UNH7,0.0023546426662647674,
Q07866,Q9Y3D6,0.02990269196278636,
Q07954,O15143,0.07027222117506818,
Q07954,O94925,0.042123154243669254,
Q07954,P02652,0.021303734782773826,
Q07954,P04179,0.036713709267112926,
Q07954,P12956,0.061951791580021724,
Q07954,P18859,0.051804970532504734,
Q07954,P21281,0.0061579257017463146,
Q07954,P26022,0.03681576137122695,
Q07954,P26447,0.06116208608743106,
Q07954,P30085,0.061375333285493744,
Q07954,P35222,0.030393132838612513,
Q07954,P36957,0.06075097201472753,
Q07954,P38606,0.02396093050874648,
Q07954,P40926,0.013042217333414211,
Q07954,P42765,0.004032196423670114,
Q07954,P56192,0.0449550516978569,
Q07954,P61981,0.039901823291291334,
Q07954,P62854,0.04262783640702719,
Q07954,P62917,0.040685723098408795,
Q07954,Q02218,0.002720949783591088,
Q07954,Q02818,0.019754233844464654,
Q07954,Q07065,0.010891059095582356,
Q07954,Q07866,0.047417852348442126,
Q07954,Q13162,0.0034385177943640596,
Q07954,Q14011,0.0035472493401750905,
Q07954,Q15459,0.018266960019495345,
Q07954,Q15843,0.014054240191734254,
Q07954,Q96L92,0.011710282733861134,
Q07954,Q9H0U4,0.037129156553752575,
Q07954,Q9UHD8,0.030112331278214118,
Q07954,Q9UJZ1,0.0031990561734974443,
Q07954,Q9UNH7,0.040713930410935344,
Q07954,Q9Y3D6,0.005681499104091992,
Q13162,O15143,0.05032937094609315,
Q13162,O94925,0.013644949880802512,
Q13162,P02652,0.0009628508054202738,
Q13162,P04179,0.03154031738069845,
Q13162,P12956,0.0025181074060141584,
Q13162,P18859,0.002233453065218818,
Q13162,P21281,0.17858960271461352,
Q13162,P26022,0.037053195020336174,
Q13162,P26447,0.0039419455650312515,
Q13162,P30085,0.007773119018234024,
Q13162,P35222,0.025826946693202287,
Q13162,P36957,0.015761490127456996,
Q13162,P38606,0.02051112630654219,
Q13162,P40926,0.01815345695087171,
Q13162,P42765,0.012490718282025703,
Q13162,P56192,0.004428442932747987,
Q13162,P61981,0.018910941094016608,
Q13162,P62854,0.09023421344004375,
Q13162,P62917,0.002383378868015949,
Q13162,Q02218,0.06837862026572328,
Q13162,Q02818,0.014835520270062684,
Q13162,Q07065,0.005725414634227532,
Q13162,Q07866,0.015668521542389954,
Q13162,Q07954,0.0352140075667006,
Q13162,Q14011,0.008782567229731274,
Q13162,Q15459,0.011723202602079848,
Q13162,Q15843,0.07108692733098326,
Q13162,Q96L92,0.013480006822113382,
Q13162,Q9H0U4,0.010588427694815286,
Q13162,Q9UHD8,0.020644595785348892,
Q13162,Q9UJZ1,0.010535750683391189,
Q13162,Q9UNH7,0.01116350821925594,
Q13162,Q9Y3D6,0.009473881957691926,
Q14011,O15143,0.012928160999165501,
Q14011,O94925,0.016857349223214527,
Q14011,P02652,0.009661990455163897,
Q14011,P04179,0.028921192353548522,
Q14011,P12956,0.02560927286874778,
Q14011,P18859,0.013787813607862694,
Q14011,P21281,0.0039491726121244144,
Q14011,P26022,0.011175293123977588,
Q14011,P26447,0.004046542674341289,
Q14011,P30085,0.11107191596364299,
Q14011,P35222,0.01931305932332311,
Q14011,P36957,0.009865607591218356,
Q14011,P38606,0.003457500894344173,
Q14011,P40926,0.002245150112382738,
Q14011,P42765,0.010167413857839844,
Q14011,P56192,0.028222849173283323,
Q14011,P61981,0.0199936427980575,
Q14011,P62854,0.03946979082218488,
Q14011,P62917,0.07622119623388651,
Q14011,Q02218,0.009047414864278272,
Q14011,Q02818,0.017412209358642884,
Q14011,Q07065,0.35971503792411164,
Q14011,Q07866,0.0025295468412824605,
Q14011,Q07954,0.0055736056908037256,
Q14011,Q13162,0.024923635070289944,
Q14011,Q15459,0.00707027241533995,
Q14011,Q15843,0.008769943010765627,
Q14011,Q96L92,0.003616850692989282,
Q14011,Q9H0U4,0.002835932654615732,
Q14011,Q9UHD8,0.0014282214048691596,
Q14011,Q9UJZ1,0.04338934257570582,
Q14011,Q9UNH7,0.014898810481313671,
Q14011,Q9Y3D6,0.013576795137836271,
Q15459,O15143,0.050686603806914816,
Q15459,O94925,0.02808725958963218,
Q15459,P02652,0.01430875321790943,
Q15459,P04179,0.05315171839043408,
Q15459,P12956,0.03317792323332414,
Q15459,P18859,0.035701011787515044,
Q15459,P21281,0.027967247541532635,
Q15459,P26022,0.03977398703069191,
Q15459,P26447,0.03357854543961227,
Q15459,P30085,0.04027745345388846,
Q15459,P35222,0.04017857772959296,
Q15459,P36957,0.05861508952114962,
Q15459,P38606,0.008185765333139987,
Q15459,P40926,0.054349567392802826,
Q15459,P42765,0.0015781996704921342,
Q15459,P56192,0.05206987657919944,
Q15459,P61981,0.04031797692358729,
Q15459,P62854,0.01517792323183427,
Q15459,P62917,0.02293322150086726,
Q15459,Q02218,0.00900320515102834,
Q15459,Q02818,0.051528999298774546,
Q15459,Q07065,0.019925424214635636,
Q15459,Q07866,0.030942067846175095,
Q15459,Q07954,0.004384093192385716,
Q15459,Q13162,0.02504613138609679,
Q15459,Q14011,0.0036954834600859466,
Q15459,Q15843,0.007056888787885764,
Q15459,Q96L92,0.00446970809894683,
Q15459,Q9H0U4,0.023554370986482356,
Q15459,Q9UHD8,0.05473370474637099,
Q15459,Q9UJZ1,0.0013551714578101906,
Q15459,Q9UNH7,0.032167065647682416,
Q15459,Q9Y3D6,0.014660538181742677,
Q15843,O15143,0.0012498375172627684,
Q15843,O94925,0.016158828730443067,
Q15843,P02652,0.012752429705419503,
Q15843,P04179,0.037814154868603934,
Q15843,P12956,0.037484273896230956,
Q15843,P18859,0.002462179332278671,
Q15843,P21281,0.05642175215317922,
Q15843,P26022,0.05015170480677764,
Q15843,P26447,0.010003679059354679,
Q15843,P30085,0.008482358124756471,
Q15843,P35222,0.00216627263324001,
Q15843,P36957,0.044631671717531386,
Q15843,P38606,0.016779859147959222,
Q15843,P40926,0.01256741355454218,
Q15843,P42765,0.0020335707130829067,
Q15843,P56192,0.018298614155336863,
Q15843,P61981,0.0025302851336795776,
Q15843,P62854,0.0388942754453825,
Q15843,P62917,0.07523454943931779,
Q15843,Q02218,0.03246432342125364,
Q15843,Q02818,0.002116857520177426,
Q15843,Q07065,0.0658550872188568,
Q15843,Q07866,0.032159332992594034,
Q15843,Q07954,0.0497476449150708,
Q15843,Q13162,0.07420816279946582,
Q15843,Q14011,0.026217443077083753,
Q15843,Q15459,0.002348545361891236,
Q15843,Q96L92,0.0011948367560780356,
Q15843,Q9H0U4,0.018941585064168716,
Q15843,Q9UHD8,0.02115464546855194,
Q15843,Q9UJZ1,0.07157033620088067,
Q15843,Q9UNH7,0.01189191794118719,
Q15843,Q9Y3D6,0.0904525702747955,
Q96L92,O15143,0.02221457714776698,
Q96L92,O94925,0.032752596277952045,
Q96L92,P02652,0.007189487498691249,
Q96L92,P04179,0.13826407232672025,
Q96L92,P12956,0.02052665411830837,
Q96L92,P18859,0.002483437651804894,
Q96L92,P21281,0.017155023328370666,
Q96L92,P26022,0.002178806635650511,
Q96L92,P26447,0.05787123027860744,
Q96L92,P30085,0.024362042805773646,
Q96L92,P35222,0.0034503175075351815,
Q96L92,P36957,0.0003210680908877475,
Q96L92,P38606,0.019032367378277844,
Q96L92,P40926,0.01212843499384262,
Q96L92,P42765,0.020042402481403907,
Q96L92,P56192,0.012335498143790993,
Q96L92,P61981,0.04423106257569488,
Q96L92,P62854,0.012492571771513614,
Q96L92,P62917,0.010281428877407805,
Q96L92,Q02218,0.029130725892959824,
Q96L92,Q02818,0.010775975460615057,
Q96L92,Q07065,0.054155209338912956,
Q96L92,Q07866,0.019163310112046722,
Q96L92,Q07954,0.06745483179552299,
Q96L92,Q13162,0.07484765071594134,
Q96L92,Q14011,0.10410332636709665,
Q96L92,Q15459,0.005742840152768466,
Q96L92,Q15843,0.024251585804250474,
Q96L92,Q9H0U4,0.010529612949935825,
Q96L92,Q9UHD8,0.0104501619167157,
Q96L92,Q9UJZ1,0.028494636480713008,
Q96L92,Q9UNH7,0.045920375652706326,
Q96L92,Q9Y3D6,0.022353310366820596,
Q9H0U4,O15143,0.026788644455360697,
Q9H0U4,O94925,0.02856570277376423,
Q9H0U4,P02652,0.008558069807670293,
Q9H0U4,P04179,0.06352009543910012,
Q9H0U4,P12956,0.03874050907797281,
Q9H0U4,P18859,0.026984137177271186,
Q9H0U4,P21281,0.012646841754913382,
Q9H0U4,P26022,0.06450384379046151,
Q9H0U4,P26447,0.13355442906976245,
Q9H0U4,P30085,0.026311034742687377,
Q9H0U4,P35222,0.019276618231948327,
Q9H0U4,P36957,0.051711003072682796,
Q9H0U4,P38606,0.007508024580046121,
Q9H0U4,P40926,0.019437374647813716,
Q9H0U4,P42765,0.001201139756224213,
Q9H0U4,P56192,0.04963706221549837,
Q9H0U4,P61981,0.005879682068046801,
Q9H0U4,P62854,0.01928040990236797,
Q9H0U4,P62917,0.029780928072178855,
Q9H0U4,Q02218,0.014716478266845957,
Q9H0U4,Q02818,0.011933926554194531,
Q9H0U4,Q07065,0.10042878676119019,
Q9H0U4,Q07866,0.030244844918825602,
Q9H0U4,Q07954,0.019977077394539917,
Q9H0U4,Q13162,0.012192182497858091,
Q9H0U4,Q14011,0.01126567872027191,
Q9H0U4,Q15459,0.009857954974648222,
Q9H0U4,Q15843,0.012135984082645426,
Q9H0U4,Q96L92,0.013633832990185115,
Q9H0U4,Q9UHD8,0.07051465127490797,
Q9H0U4,Q9UJZ1,0.009953038936809086,
Q9H0U4,Q9UNH7,0.0074538688883760175,
Q9H0U4,Q9Y3D6,0.00325648706110217,
Q9UHD8,O15143,0.02753939432979771,
Q9UHD8,O94925,0.04079930521127405,
Q9UHD8,P02652,0.007287427415964598,
Q9UHD8,P04179,0.019239474893219706,
Q9UHD8,P12956,0.023313427662044767,
Q9UHD8,P18859,0.008967715699869696,
Q9UHD8,P21281,0.029592420789538033,
Q9UHD8,P26022,0.02961218809253288,
Q9UHD8,P26447,0.02609048747229929,
Q9UHD8,P30085,0.08213424053760032,
Q9UHD8,P35222,0.04674716823432062,
Q9UHD8,P36957,0.03388074798408372,
Q9UHD8,P38606,0.01210891453901455,
Q9UHD8,P40926,0.024823092216118326,
Q9UHD8,P42765,0.0018703414114771323,
Q9UHD8,P56192,0.22678691387918187,
Q9UHD8,P61981,0.031530754623160205,
Q9UHD8,P62854,0.04442208471289417,
Q9UHD8,P62917,0.011579762118564207,
Q9UHD8,Q02218,0.025321012467592715,
Q9UHD8,Q02818,0.005450915212852,
Q9UHD8,Q07065,0.045719990726497864,
Q9UHD8,Q07866,0.05059027662155987,
Q9UHD8,Q07954,0.01037290080593819,
Q9UHD8,Q13162,0.012390885587684263,
Q9UHD8,Q14011,0.0015359371507302978,
Q9UHD8,Q15459,0.016443601119544633,
Q9UHD8,Q15843,0.0025662076041368573,
Q9UHD8,Q96L92,0.0033225311152773242,
Q9UHD8,Q9H0U4,0.020713348231137848,
Q9UHD8,Q9UJZ1,0.0003244834773824596,
Q9UHD8,Q9UNH7,0.05221381709678743,
Q9UHD8,Q9Y3D6,0.002792989159548186,
Q9UJZ1,O15143,0.01337549229333126,
Q9UJZ1,O94925,0.010029961737070938,
Q9UJZ1,P02652,0.03978764775134179,
Q9UJZ1,P04179,0.005110239175587941,
Q9UJZ1,P12956,0.005642260281726938,
Q9UJZ1,P18859,0.016885437902050125,
Q9UJZ1,P21281,0.20592938555583454,
Q9UJZ1,P26022,0.004793744842410211,
Q9UJZ1,P26447,0.025469034183632385,
Q9UJZ1,P30085,0.014290548744429723,
Q9UJZ1,P35222,0.009261014122766087,
Q9UJZ1,P36957,0.023218842109383856,
Q9UJZ1,P38606,0.031249595614727337,
Q9UJZ1,P40926,0.002840060410010731,
Q9UJZ1,P42765,0.0520394442171042,
Q9UJZ1,P56192,0.013132397437574383,
Q9UJZ1,P61981,0.05596802271391885,
Q9UJZ1,P62854,0.10346833024561632,
Q9UJZ1,P62917,0.013169587515007002,
Q9UJZ1,Q02218,0.0007588492387622777,
Q9UJZ1,Q02818,0.010776439832161453,
Q9UJZ1,Q07065,0.002771608898584448,
Q9UJZ1,Q07866,0.010360449074886575,
Q9UJZ1,Q07954,0.02135947198511122,
Q9UJZ1,Q13162,0.005589173425323066,
Q9UJZ1,Q14011,0.01572269066092402,
Q9UJZ1,Q15459,0.015514596381374406,
Q9UJZ1,Q15843,0.05133084290104836,
Q9UJZ1,Q96L92,0.020132905481905293,
Q9UJZ1,Q9H0U4,0.017663108706118088,
Q9UJZ1,Q9UHD8,0.02332921616957974,
Q9UJZ1,Q9UNH7,0.12069642673097036,
Q9UJZ1,Q9Y3D6,0.023530610011218908,
Q9UNH7,O15143,0.024794062965667364,
Q9UNH7,O94925,0.03770602769121701,
Q9UNH7,P02652,0.013300726639196911,
Q9UNH7,P04179,0.12450253281947614,
Q9UNH7,P12956,0.013243509779963056,
Q9UNH7,P18859,0.04091844795263867,
Q9UNH7,P21281,0.006619807926009771,
Q9UNH7,P26022,0.03938787411295152,
Q9UNH7,P26447,0.1187690303536249,
Q9UNH7,P30085,0.020584990935397993,
Q9UNH7,P35222,0.05466871071385795,
Q9UNH7,P36957,0.009785078941641082,
Q9UNH7,P38606,0.012703992740839982,
Q9UNH7,P40926,0.07108149749888587,
Q9UNH7,P42765,0.00309969616237699,
Q9UNH7,P56192,0.047491180406050354,
Q9UNH7,P61981,0.004853685311324764,
Q9UNH7,P62854,0.01686632760383967,
Q9UNH7,P62917,0.019821466669941765,
Q9UNH7,Q02218,0.007351562810966832,
Q9UNH7,Q02818,0.022542018024090064,
Q9UNH7,Q07065,0.017040990663034397,
Q9UNH7,Q07866,0.02930875001148355,
Q9UNH7,Q07954,0.008583893830895343,
Q9UNH7,Q13162,0.0761475326157348,
Q9UNH7,Q14011,0.006966924198196765,
Q9UNH7,Q15459,0.032067705575209805,
Q9UNH7,Q15843,0.013325509075730144,
Q9UNH7,Q96L92,0.01862336494440904,
Q9UNH7,Q9H0U4,0.038071289402485074,
Q9UNH7,Q9UHD8,0.023719864168532955,
Q9UNH7,Q9UJZ1,0.0037834370940701993,
Q9UNH7,Q9Y3D6,0.003892419716915676,
Q9Y3D6,O15143,0.00194403550970257,
Q9Y3D6,O94925,0.012891953432586893,
Q9Y3D6,P02652,0.0342591079383764,
Q9Y3D6,P04179,0.02447798622202735,
Q9Y3D6,P12956,0.010487275731887064,
Q9Y3D6,P18859,0.006661713593143483,
Q9Y3D6,P21281,0.02470407573972226,
Q9Y3D6,P26022,0.00493714594142348,
Q9Y3D6,P26447,0.006519315761794024,
Q9Y3D6,P30085,0.0030079042535159687,
Q9Y3D6,P35222,0.017807007672349263,
Q9Y3D6,P36957,0.004052488212162194,
Q9Y3D6,P38606,0.007070149700431975,
Q9Y3D6,P40926,0.010587611690704164,
Q9Y3D6,P42765,0.009804076383427073,
Q9Y3D6,P56192,0.005748789372437372,
Q9Y3D6,P61981,0.010249550678228728,
Q9Y3D6,P62854,0.014043734968105714,
Q9Y3D6,P62917,0.016812577016785336,
Q9Y3D6,Q02218,0.002828071781407992,
Q9Y3D6,Q02818,0.011533615125200247,
Q9Y3D6,Q07065,0.025807479763697065,
Q9Y3D6,Q07866,0.006024969977085303,
Q9Y3D6,Q07954,0.0188669187630047,
Q9Y3D6,Q13162,0.050549690530681174,
Q9Y3D6,Q14011,0.003641852643577836,
Q9Y3D6,Q15459,0.0021653177974788503,
Q9Y3D6,Q15843,0.011423357322639695,
Q9Y3D6,Q96L92,0.01580615011533411,
Q9Y3D6,Q9H0U4,0.014978253941177183,
Q9Y3D6,Q9UHD8,0.0064288051896758056,
Q9Y3D6,Q9UJZ1,0.08643190168491006,
Q9Y3D6,Q9UNH7,0.0009828480514269683,
